,,,,CA,NCA,PQA,,,,,
,,,,Industrial,Industrial,Industrial,,,,,
Sr.no,Watershed code,GW watershed name,village name,Industrial Wells,Industrial Wells,Industrial Wells,Total ,,,,
1,08_C_58_47,PKM_C_G&M_Kothapatnam,Aluru,0,0,0,0,,,,
2,08_C_58_47,PKM_C_G&M_Kothapatnam,Padarthi,0,0,0,0,,,,
3,08_C_58_47,PKM_C_G&M_Kothapatnam,Kothapatnam ,0,0,0,0,,,,
4,08_C_58_47,PKM_C_G&M_Kothapatnam,Rajupalem,0,0,0,0,,,,
5,08_C_58_47,PKM_C_G&M_Kothapatnam,P.kandrika,0,0,0,0,,,,
6,08_C_58_47,PKM_C_G&M_Kothapatnam,Ethamukkala,0,0,0,0,,,,
7,08_C_58_47,PKM_C_G&M_Kothapatnam,Madanuru,0,0,0,0,,,,
8,08_C_56_17,PKM_C_Romperu_Ballikurava,Vemavaram,,,,0,,,,
9,08_C_56_17,PKM_C_Romperu_Ballikurava,Konidena,,,,0,,,,
10,08_C_56_17,PKM_C_Romperu_Ballikurava,Ballikurava ,,,,0,,,,
11,08_C_56_17,PKM_C_Romperu_Ballikurava,Chennupalli,,,,0,,,,
12,08_C_56_17,PKM_C_Romperu_Ballikurava,Muktheswaram,,,,0,,,,
13,08_C_56_17,PKM_C_Romperu_Ballikurava,Guntupalli,,,,0,,,,
14,08_C_56_17,PKM_C_Romperu_Ballikurava,Vallapalli,,,,0,,,,
15,08-c-58-29,PKM-C-G&M-CHEEMAKUTHY,Garlapadu,,,,0,,,,
16,08-c-58-29,PKM-C-G&M-CHEEMAKUTHY,Gadiyapudi,,,,0,,,,
17,08-c-58-29,PKM-C-G&M-CHEEMAKUTHY,Mallavaram,,,,0,,,,
18,08-c-58-29,PKM-C-G&M-CHEEMAKUTHY,Venkateswarapuram,,,,0,,,,
19,08-c-58-29,PKM-C-G&M-CHEEMAKUTHY,Doddavaram ,,,,0,,,,
20,08-c-58-29,PKM-C-G&M-CHEEMAKUTHY,Nelaturu,,,,0,,,,
21,08-c-58-29,PKM-C-G&M-CHEEMAKUTHY,Maddipadu ,,,,0,,,,
22,08-c-58-29,PKM-C-G&M-CHEEMAKUTHY,Lingamguntla,,,,0,,,,
23,08-c-58-29,PKM-C-G&M-CHEEMAKUTHY,Ilapavuluru,,,,0,,,,
24,08-c-58-29,PKM-C-G&M-CHEEMAKUTHY,Rangasaipuram,,,,0,,,,
25,08-c-58-29,PKM-C-G&M-CHEEMAKUTHY,Pallamalli,,,,0,,,,
26,08-c-58-29,PKM-C-G&M-CHEEMAKUTHY,Nekunambad,,,,0,,,,
27,08-c-58-29,PKM-C-G&M-CHEEMAKUTHY,Chandrapadu,,,,0,,,,
28,08-c-58-29,PKM-C-G&M-CHEEMAKUTHY,T.Gudipadu,,,,0,,,,
29,08-c-58-29,PKM-C-G&M-CHEEMAKUTHY,Bandlamudi,,,,0,,,,
30,08-c-58-29,PKM-C-G&M-CHEEMAKUTHY,P. Naidupalem,,,,0,,,,
31,08-c-58-29,PKM-C-G&M-CHEEMAKUTHY,Cheemakurthy,,,,0,,,,
32,08-c-58-29,PKM-C-G&M-CHEEMAKUTHY,K.Agraharam,,,,0,,,,
33,08-c-58-29,PKM-C-G&M-CHEEMAKUTHY,Yerragudipadu,,,,0,,,,
34,08-c-58-29,PKM-C-G&M-CHEEMAKUTHY,Manchikalapadu,,,,0,,,,
35,08-c-58-29,PKM-C-G&M-CHEEMAKUTHY,Lakshmipuram,,,,0,,,,
36,08-c-58-29,PKM-C-G&M-CHEEMAKUTHY,Rudravaram,,,,0,,,,
37,08-c-58-29,PKM-C-G&M-CHEEMAKUTHY,Guravareddipalem,,,,0,,,,
38,08-c-58-29,PKM-C-G&M-CHEEMAKUTHY,Minampadu,,,,0,,,,
39,08-c-58-29,PKM-C-G&M-CHEEMAKUTHY,Endluru,,,,0,,,,
40,08-c-58-29,PKM-C-G&M-CHEEMAKUTHY,Pernamitta,,,,0,,,,
41,08-c-58-29,PKM-C-G&M-CHEEMAKUTHY,S.N.Padu (Gangavaram),,,,0,,,,
42,08-c-58-29,PKM-C-G&M-CHEEMAKUTHY,Throvagunta,,,,0,,,,
43,08-c-58-29,PKM-C-G&M-CHEEMAKUTHY,Devarampadu,,,,0,,,,
44,08-c-58-29,PKM-C-G&M-CHEEMAKUTHY,Gudimendlapadu,,,,0,,,,
45,08-c-58-29,PKM-C-G&M-CHEEMAKUTHY,Mukthinuthalapadu,,,,0,,,,
46,08-c-58-29,PKM-C-G&M-CHEEMAKUTHY,Vellampalli,,,,0,,,,
47,08-c-58-29,PKM-C-G&M-CHEEMAKUTHY,Kolachinakota,,,,0,,,,
48,08-c-58-29,PKM-C-G&M-CHEEMAKUTHY,Seetharampuram,,,,0,,,,
49,08-c-58-29,PKM-C-G&M-CHEEMAKUTHY,Nandipadu,,,,0,,,,
50,08-c-58-29,PKM-C-G&M-CHEEMAKUTHY,Inamanamellur,,,,0,,,,
51,08-c-58-29,PKM-C-G&M-CHEEMAKUTHY,Doddavarappadu,,,,0,,,,
52,08-c-58-29,PKM-C-G&M-CHEEMAKUTHY,Peddakothapalli,,,,0,,,,
53,08-c-58-29,PKM-C-G&M-CHEEMAKUTHY,Yedugundlapadu,,,,0,,,,
54,08-c-58-29,PKM-C-G&M-CHEEMAKUTHY,P.Gudipadu,,,,0,,,,
55,08-c-58-29,PKM-C-G&M-CHEEMAKUTHY,Karavadi ,,,,0,,,,
56,08-c-58-29,PKM-C-G&M-CHEEMAKUTHY,Ulichi,,,,0,,,,
57,08-c-58-29,PKM-C-G&M-CHEEMAKUTHY,Chejerla,,,,0,,,,
58,08-c-58-29,PKM-C-G&M-CHEEMAKUTHY,Maddiralapadu,,,,0,,,,
59,08-c-58-29,PKM-C-G&M-CHEEMAKUTHY,Chekurapadu,,0,,0,,,,
60,08-C-59-14(43),PKM-C-MUSI-CHILAKAPADU,Devarapalem,,,,0,,,,
61,08-C-59-14(43),PKM-C-MUSI-CHILAKAPADU,Nippatlapadu,,,,0,,,,
62,08-C-59-14(43),PKM-C-MUSI-CHILAKAPADU,Budavada,,,,0,,,,
63,08-C-59-14(43),PKM-C-MUSI-CHILAKAPADU,R.L.Puram,,,,0,,,,
64,08-C-59-14(43),PKM-C-MUSI-CHILAKAPADU,Mylavaram,,,,0,,,,
65,08-C-59-14(43),PKM-C-MUSI-CHILAKAPADU,Pulikonda,,,,0,,,,
66,08-C-59-14(43),PKM-C-MUSI-CHILAKAPADU,Ravipadu,,,,0,,,,
67,08-C-59-14(43),PKM-C-MUSI-CHILAKAPADU,Busarlapalli,,,,0,,,,
68,08-C-59-14(43),PKM-C-MUSI-CHILAKAPADU,G.Lakshmipuram,,,,0,,,,
69,08-C-59-14(43),PKM-C-MUSI-CHILAKAPADU,Ramachandrapuram,,,,0,,,,
70,08-C-59-14(43),PKM-C-MUSI-CHILAKAPADU,Pidathalapudi,,,,0,,,,
71,08-C-59-14(43),PKM-C-MUSI-CHILAKAPADU,Gonuguntla,,,,0,,,,
72,08-C-59-14(43),PKM-C-MUSI-CHILAKAPADU,Tripurasundaripuram,,,,0,,,,
73,08-C-59-14(43),PKM-C-MUSI-CHILAKAPADU,China Uyyalavada,,,,0,,,,
74,08-C-59-14(43),PKM-C-MUSI-CHILAKAPADU,Gummalampadu,,,,0,,,,
75,08-C-59-14(43),PKM-C-MUSI-CHILAKAPADU,Enikapadu,,,,0,,,,
76,08-C-59-14(43),PKM-C-MUSI-CHILAKAPADU,B.Machavaram(Madduluru),,,,0,,,,
77,08-C-59-14(43),PKM-C-MUSI-CHILAKAPADU,Mattipadu(Vemulapadu),,,,0,,,,
78,08-C-59-14(43),PKM-C-MUSI-CHILAKAPADU,Chilakapadu,,,,0,,,,
79,08-C-59-14(43),PKM-C-MUSI-CHILAKAPADU,P.Takkellapadu,,,,0,,,,
80,08-C-59-14(43),PKM-C-MUSI-CHILAKAPADU,Konaganivaripalem,,,,0,,,,
81,08-C-59-14(43),PKM-C-MUSI-CHILAKAPADU,S.N.Puram,,,,0,,,,
82,08-C-59-14(43),PKM-C-MUSI-CHILAKAPADU,Boddikurapadu,,,,0,,,,
83,08-C-59-14(43),PKM-C-MUSI-CHILAKAPADU,Surayapalem,,,,0,,,,
84,08-C-59-14(43),PKM-C-MUSI-CHILAKAPADU,Karumanchi,,,,0,,,,
85,08-C-59-14(43),PKM-C-MUSI-CHILAKAPADU,Nidamaluru,,,,0,,,,
86,08-C-59-14(43),PKM-C-MUSI-CHILAKAPADU,Ponduru,,,,0,,,,
87,08-C-59-14(43),PKM-C-MUSI-CHILAKAPADU,Turpu Naidupalem,,,,0,,,,
88,08-C-59-14(43),PKM-C-MUSI-CHILAKAPADU,G.kattubadi,,,,0,,,,
89,08-C-59-14(43),PKM-C-MUSI-CHILAKAPADU,Mallavarappadu,,,,0,,,,
90,08-C-59-14(43),PKM-C-MUSI-CHILAKAPADU,Kanduluru,,,,0,,,,
91,08-C-59-14(43),PKM-C-MUSI-CHILAKAPADU,Marlapadu,,,,0,,,,
92,08-C-59-14(43),PKM-C-MUSI-CHILAKAPADU,Konijedu,,,,0,,,,
93,08_C_58_47,PKM_C_G&M_Kothapatnam,Aluru,0,0,0,0,,,,
94,08_C_58_47,PKM_C_G&M_Kothapatnam,Padarthi,0,0,0,0,,,,
95,08_C_58_47,PKM_C_G&M_Kothapatnam,Kothapatnam ,0,0,0,0,,,,
96,08_C_58_47,PKM_C_G&M_Kothapatnam,Rajupalem,0,0,0,0,,,,
97,08_C_58_47,PKM_C_G&M_Kothapatnam,P.kandrika,0,0,0,0,,,,
98,08_C_58_47,PKM_C_G&M_Kothapatnam,Ethamukkala,0,0,0,0,,,,
99,08_C_58_47,PKM_C_G&M_Kothapatnam,Madanuru,0,0,0,0,,,,
100,08_C_56_17,PKM_C_Romperu_Ballikurava,Vemavaram,,,,0,,,,
101,08_C_56_17,PKM_C_Romperu_Ballikurava,Konidena,,,,0,,,,
102,08_C_56_17,PKM_C_Romperu_Ballikurava,Ballikurava ,,,,0,,,,
103,08_C_56_17,PKM_C_Romperu_Ballikurava,Chennupalli,,,,0,,,,
104,08_C_56_17,PKM_C_Romperu_Ballikurava,Muktheswaram,,,,0,,,,
105,08_C_56_17,PKM_C_Romperu_Ballikurava,Guntupalli,,,,0,,,,
106,08_C_56_17,PKM_C_Romperu_Ballikurava,Vallapalli,,,,0,,,,
107,08-c-58-29,PKM-C-G&M-CHEEMAKUTHY,Garlapadu,,,,0,,,,
108,08-c-58-29,PKM-C-G&M-CHEEMAKUTHY,Gadiyapudi,,,,0,,,,
109,08-c-58-29,PKM-C-G&M-CHEEMAKUTHY,Mallavaram,,,,0,,,,
110,08-c-58-29,PKM-C-G&M-CHEEMAKUTHY,Venkateswarapuram,,,,0,,,,
111,08-c-58-29,PKM-C-G&M-CHEEMAKUTHY,Doddavaram ,,,,0,,,,
112,08-c-58-29,PKM-C-G&M-CHEEMAKUTHY,Nelaturu,,,,0,,,,
113,08-c-58-29,PKM-C-G&M-CHEEMAKUTHY,Maddipadu ,,,,0,,,,
114,08-c-58-29,PKM-C-G&M-CHEEMAKUTHY,Lingamguntla,,,,0,,,,
115,08-c-58-29,PKM-C-G&M-CHEEMAKUTHY,Ilapavuluru,,,,0,,,,
116,08-c-58-29,PKM-C-G&M-CHEEMAKUTHY,Rangasaipuram,,,,0,,,,
117,08-c-58-29,PKM-C-G&M-CHEEMAKUTHY,Pallamalli,,,,0,,,,
118,08-c-58-29,PKM-C-G&M-CHEEMAKUTHY,Nekunambad,,,,0,,,,
119,08-c-58-29,PKM-C-G&M-CHEEMAKUTHY,Chandrapadu,,,,0,,,,
120,08-c-58-29,PKM-C-G&M-CHEEMAKUTHY,T.Gudipadu,,,,0,,,,
121,08-c-58-29,PKM-C-G&M-CHEEMAKUTHY,Bandlamudi,,,,0,,,,
122,08-c-58-29,PKM-C-G&M-CHEEMAKUTHY,P. Naidupalem,,,,0,,,,
123,08-c-58-29,PKM-C-G&M-CHEEMAKUTHY,Cheemakurthy,,,,0,,,,
124,08-c-58-29,PKM-C-G&M-CHEEMAKUTHY,K.Agraharam,,,,0,,,,
125,08-c-58-29,PKM-C-G&M-CHEEMAKUTHY,Yerragudipadu,,,,0,,,,
126,08-c-58-29,PKM-C-G&M-CHEEMAKUTHY,Manchikalapadu,,,,0,,,,
127,08-c-58-29,PKM-C-G&M-CHEEMAKUTHY,Lakshmipuram,,,,0,,,,
128,08-c-58-29,PKM-C-G&M-CHEEMAKUTHY,Rudravaram,,,,0,,,,
129,08-c-58-29,PKM-C-G&M-CHEEMAKUTHY,Guravareddipalem,,,,0,,,,
130,08-c-58-29,PKM-C-G&M-CHEEMAKUTHY,Minampadu,,,,0,,,,
131,08-c-58-29,PKM-C-G&M-CHEEMAKUTHY,Endluru,,,,0,,,,
132,08-c-58-29,PKM-C-G&M-CHEEMAKUTHY,Pernamitta,,,,0,,,,
133,08-c-58-29,PKM-C-G&M-CHEEMAKUTHY,S.N.Padu (Gangavaram),,,,0,,,,
134,08-c-58-29,PKM-C-G&M-CHEEMAKUTHY,Throvagunta,,,,0,,,,
135,08-c-58-29,PKM-C-G&M-CHEEMAKUTHY,Devarampadu,,,,0,,,,
136,08-c-58-29,PKM-C-G&M-CHEEMAKUTHY,Gudimendlapadu,,,,0,,,,
137,08-c-58-29,PKM-C-G&M-CHEEMAKUTHY,Mukthinuthalapadu,,,,0,,,,
138,08-c-58-29,PKM-C-G&M-CHEEMAKUTHY,Vellampalli,,,,0,,,,
139,08-c-58-29,PKM-C-G&M-CHEEMAKUTHY,Kolachinakota,,,,0,,,,
140,08-c-58-29,PKM-C-G&M-CHEEMAKUTHY,Seetharampuram,,,,0,,,,
141,08-c-58-29,PKM-C-G&M-CHEEMAKUTHY,Nandipadu,,,,0,,,,
142,08-c-58-29,PKM-C-G&M-CHEEMAKUTHY,Inamanamellur,,,,0,,,,
143,08-c-58-29,PKM-C-G&M-CHEEMAKUTHY,Doddavarappadu,,,,0,,,,
144,08-c-58-29,PKM-C-G&M-CHEEMAKUTHY,Peddakothapalli,,,,0,,,,
145,08-c-58-29,PKM-C-G&M-CHEEMAKUTHY,Yedugundlapadu,,,,0,,,,
146,08-c-58-29,PKM-C-G&M-CHEEMAKUTHY,P.Gudipadu,,,,0,,,,
147,08-c-58-29,PKM-C-G&M-CHEEMAKUTHY,Karavadi ,,,,0,,,,
148,08-c-58-29,PKM-C-G&M-CHEEMAKUTHY,Ulichi,,,,0,,,,
149,08-c-58-29,PKM-C-G&M-CHEEMAKUTHY,Chejerla,,,,0,,,,
150,08-c-58-29,PKM-C-G&M-CHEEMAKUTHY,Maddiralapadu,,,,0,,,,
151,08-c-58-29,PKM-C-G&M-CHEEMAKUTHY,Chekurapadu,,0,,0,,,,
152,08-C-59-14(43),PKM-C-MUSI-CHILAKAPADU,Devarapalem,,,,0,,,,
153,08-C-59-14(43),PKM-C-MUSI-CHILAKAPADU,Nippatlapadu,,,,0,,,,
154,08-C-59-14(43),PKM-C-MUSI-CHILAKAPADU,Budavada,,,,0,,,,
155,08-C-59-14(43),PKM-C-MUSI-CHILAKAPADU,R.L.Puram,,,,0,,,,
156,08-C-59-14(43),PKM-C-MUSI-CHILAKAPADU,Mylavaram,,,,0,,,,
157,08-C-59-14(43),PKM-C-MUSI-CHILAKAPADU,Pulikonda,,,,0,,,,
158,08-C-59-14(43),PKM-C-MUSI-CHILAKAPADU,Ravipadu,,,,0,,,,
159,08-C-59-14(43),PKM-C-MUSI-CHILAKAPADU,Busarlapalli,,,,0,,,,
160,08-C-59-14(43),PKM-C-MUSI-CHILAKAPADU,G.Lakshmipuram,,,,0,,,,
161,08-C-59-14(43),PKM-C-MUSI-CHILAKAPADU,Ramachandrapuram,,,,0,,,,
162,08-C-59-14(43),PKM-C-MUSI-CHILAKAPADU,Pidathalapudi,,,,0,,,,
163,08-C-59-14(43),PKM-C-MUSI-CHILAKAPADU,Gonuguntla,,,,0,,,,
164,08-C-59-14(43),PKM-C-MUSI-CHILAKAPADU,Tripurasundaripuram,,,,0,,,,
165,08-C-59-14(43),PKM-C-MUSI-CHILAKAPADU,China Uyyalavada,,,,0,,,,
166,08-C-59-14(43),PKM-C-MUSI-CHILAKAPADU,Gummalampadu,,,,0,,,,
167,08-C-59-14(43),PKM-C-MUSI-CHILAKAPADU,Enikapadu,,,,0,,,,
168,08-C-59-14(43),PKM-C-MUSI-CHILAKAPADU,B.Machavaram(Madduluru),,,,0,,,,
169,08-C-59-14(43),PKM-C-MUSI-CHILAKAPADU,Mattipadu(Vemulapadu),,,,0,,,,
170,08-C-59-14(43),PKM-C-MUSI-CHILAKAPADU,Chilakapadu,,,,0,,,,
171,08-C-59-14(43),PKM-C-MUSI-CHILAKAPADU,P.Takkellapadu,,,,0,,,,
172,08-C-59-14(43),PKM-C-MUSI-CHILAKAPADU,Konaganivaripalem,,,,0,,,,
173,08-C-59-14(43),PKM-C-MUSI-CHILAKAPADU,S.N.Puram,,,,0,,,,
174,08-C-59-14(43),PKM-C-MUSI-CHILAKAPADU,Boddikurapadu,,,,0,,,,
175,08-C-59-14(43),PKM-C-MUSI-CHILAKAPADU,Surayapalem,,,,0,,,,
176,08-C-59-14(43),PKM-C-MUSI-CHILAKAPADU,Karumanchi,,,,0,,,,
177,08-C-59-14(43),PKM-C-MUSI-CHILAKAPADU,Nidamaluru,,,,0,,,,
178,08-C-59-14(43),PKM-C-MUSI-CHILAKAPADU,Ponduru,,,,0,,,,
179,08-C-59-14(43),PKM-C-MUSI-CHILAKAPADU,Turpu Naidupalem,,,,0,,,,
180,08-C-59-14(43),PKM-C-MUSI-CHILAKAPADU,G.kattubadi,,,,0,,,,
181,08-C-59-14(43),PKM-C-MUSI-CHILAKAPADU,Mallavarappadu,,,,0,,,,
182,08-C-59-14(43),PKM-C-MUSI-CHILAKAPADU,Kanduluru,,,,0,,,,
183,08-C-59-14(43),PKM-C-MUSI-CHILAKAPADU,Marlapadu,50,,,50,,,,
184,08-C-59-14(43),PKM-C-MUSI-CHILAKAPADU,Konijedu,80,,,80,,,,
185,08-C-56-22,PKM-c-Romperu-Karamchedu,Kunkalamarru,0,0,0,0,,,,
186,08-C-56-22,PKM-c-Romperu-Karamchedu,Karamchedu,0,0,0,0,,,,
187,08-C-56-22,PKM-c-Romperu-Karamchedu,Audipudi,0,0,0,0,,,,
188,08-C-56-22,PKM-c-Romperu-Karamchedu,Daggupadu,0,0,0,0,,,,
189,08-C-56-22,PKM-c-Romperu-Karamchedu,Kesavarappadu,0,0,0,0,,,,
190,08-C-56-22,PKM-c-Romperu-Karamchedu,Swarna,0,0,0,0,,,,
191,08-C-56-22,PKM-c-Romperu-Karamchedu,Kodavalivaripalem,0,0,0,0,,,,
192,08_C_57_3,PKM_C_GKM_Tripuranthakam,Duvvali,0,0,0,0,,,,
193,08_C_57_3,PKM_C_GKM_Tripuranthakam,Madhavanipalle,0,0,0,0,,,,
194,08_C_57_3,PKM_C_GKM_Tripuranthakam,Ramasamudram,0,0,0,0,,,,
195,08_C_57_3,PKM_C_GKM_Tripuranthakam,Mittapalem,0,0,0,0,,,,
196,08_C_57_3,PKM_C_GKM_Tripuranthakam,Kankanalapalli,0,0,0,0,,,,
197,08_C_57_3,PKM_C_GKM_Tripuranthakam,Tripurantakam ,0,0,0,0,,,,
198,08_C_57_3,PKM_C_GKM_Tripuranthakam,Rajupalem,0,0,0,0,,,,
199,08_C_57_3,PKM_C_GKM_Tripuranthakam,Lellapalli,0,0,0,0,,,,
200,08_C_57_3,PKM_C_GKM_Tripuranthakam,Viswanathapuram,0,0,0,0,,,,
201,08_C_57_3,PKM_C_GKM_Tripuranthakam,S.Narasingapuram,0,0,0,0,,,,
202,08_C_57_3,PKM_C_GKM_Tripuranthakam,Miriyampalli,0,0,0,0,,,,
203,08_C_57_3,PKM_C_GKM_Tripuranthakam,RF,0,0,0,0,,,,
204,08_C_57_4,PKM_C_GKM_Tripuranthakam,Gollapalli,,,,0,,,,
205,08_C_57_5,PKM_C_GKM_Tripuranthakam,Dupadu,,,,0,,,,
206,08-C-57-02,PKM-C-GKM-PULLALACHERUVU,Garapenta(RF),0.001,0.001,0,0.002,,,,
207,08-C-57-02,PKM-C-GKM-PULLALACHERUVU,Uppaladinne(RF),0.001,0.001,0,0.002,,,,
208,08-C-57-02,PKM-C-GKM-PULLALACHERUVU,Chowtapalli,0.001,0.001,0,0.002,,,,
209,08-C-57-02,PKM-C-GKM-PULLALACHERUVU,Pullalacheruvu,0.001,0.001,0,0.002,,,,
210,08-C-57-02,PKM-C-GKM-PULLALACHERUVU,Manepalli,0.001,0.001,0,0.002,,,,
211,08-C-57-02,PKM-C-GKM-PULLALACHERUVU,Ayyagaripalli,0.001,0.001,0,0.002,,,,
212,08-C-57-02,PKM-C-GKM-PULLALACHERUVU,Chotapacherla,0.001,0.001,0,0.002,,,,
213,08-C-57-02,PKM-C-GKM-PULLALACHERUVU,I.T.Varam,0.001,0.001,0,0.002,,,,
214,08-C-57-02,PKM-C-GKM-PULLALACHERUVU,Ganapavaram,0.001,0.001,0,0.002,,,,
215,08-C-57-02,PKM-C-GKM-PULLALACHERUVU,Medapi,0.001,0.001,0,0.002,,,,
216,08-C-57-02,PKM-C-GKM-PULLALACHERUVU,Annasamudram,0.001,0.001,0,0.002,,,,
217,08-C-57-02,PKM-C-GKM-PULLALACHERUVU,R.F,,,0,0,,,,
218,08-C-57-03,PKM-C-GKM-PULLALACHERUVU,R.F,,,0,0,,,,
219,08_C_58_24,PKM_C_Romperu_Vetapalem ,Vetapalem ,8,,,8,,,,
220,08_C_58_24,PKM_C_Romperu_Vetapalem ,Pandillapalli,2,,,2,,,,
221,08_C_58_24,PKM_C_Romperu_Vetapalem ,Pullaripalem,1,,,1,,,,
222,08_C_58_24,PKM_C_Romperu_Vetapalem ,Nayunipalli,1,,,1,,,,
223,08_C_58_24,PKM_C_Romperu_Vetapalem ,Kothapeta,10,,,10,,,,
224,08_C_57_04,PKM_C_GKM_Kurichedu,P.Veerayapalem,,0,0,0,,,,
225,08_C_57_04,PKM_C_GKM_Kurichedu,Bayyavaram,,0,0,0,,,,
226,08_C_57_04,PKM_C_GKM_Kurichedu,Kurichedu,,0,0,0,,,,
227,08_C_57_04,PKM_C_GKM_Kurichedu,Namassivayapuram,,0,0,0,,,,
228,08_C_57_04,PKM_C_GKM_Kurichedu,Mallayapalem,,0,0,0,,,,
229,08_C_57_04,PKM_C_GKM_Kurichedu,Peerambotlapalem,,0,0,0,,,,
230,08_C_57_04,PKM_C_GKM_Kurichedu,Peddavaram,,0,0,0,,,,
231,08_C_57_04,PKM_C_GKM_Kurichedu,Dekanakonda,,0,0,0,,,,
232,08_C_56_25,PKM_C_ROMPERU_INKOLLU,Santaravuru ,0,0,0,0,,,,
233,08_C_56_25,PKM_C_ROMPERU_INKOLLU,Nagandla,0,0,0,0,,,,
234,08_C_56_25,PKM_C_ROMPERU_INKOLLU,Idupulapadu,0,0,0,0,,,,
235,08_C_56_25,PKM_C_ROMPERU_INKOLLU,Pusapadu,0,0,0,0,,,,
236,08_C_56_25,PKM_C_ROMPERU_INKOLLU,Pavuluru  ,0,0,0,0,,,,
237,08_C_56_25,PKM_C_ROMPERU_INKOLLU,Inkollu    ,0,0,0,0,,,,
238,08_C_56_25,PKM_C_ROMPERU_INKOLLU,Bheemavaram,0,0,0,0,,,,
239,08_C_56_25,PKM_C_ROMPERU_INKOLLU,Dronadula,0,0,0,0,,,,
240,08_C_56_25,PKM_C_ROMPERU_INKOLLU,KOLALAPUDI,0,0,0,0,,,,
241,08_C_56_25,PKM_C_ROMPERU_INKOLLU,Timmasamudram,0,0,0,0,,,,
242,08_C_56_25,PKM_C_ROMPERU_INKOLLU,Nuthalapadu,0,0,0,0,,,,
243,08_C_56_25,PKM_C_ROMPERU_INKOLLU,Punuru,0,0,0,0,,,,
244,08_C_57_13,PKM_C_GKM_Darsi,Denuvukonda,0,0,0,0,,,,
245,08_C_57_13,PKM_C_GKM_Darsi,Darsi,0,0,0,0,,,,
246,08_C_57_13,PKM_C_GKM_Darsi,E.Veerayapalem,0,0,0,0,,,,
247,08_C_57_13,PKM_C_GKM_Darsi,T.choutapalem,0,0,0,0,,,,
248,08_C_57_13,PKM_C_GKM_Darsi,Akkamambapuram,0,0,0,0,,,,
249,08_C_57_13,PKM_C_GKM_Darsi,Cheruvukommupalem,0,0,0,0,,,,
250,08_C_57_13,PKM_C_GKM_Darsi,Mohiddinpuram,0,0,0,0,,,,
251,08_C_57_13,PKM_C_GKM_Darsi,POTHAKAMURU,0,0,0,0,,,,
252,08_C_57_13,PKM_C_GKM_Darsi,Samanthapudi,0,0,0,0,,,,
253,08_C_57_13,PKM_C_GKM_Darsi,Seetasagar,0,0,0,0,,,,
254,08_C_57_13,PKM_C_GKM_Darsi,Brundavanam,0,0,0,0,,,,
255,08_C_57_13,PKM_C_GKM_Darsi,Pulipadu,0,0,0,0,,,,
256,08_C_57_13,PKM_C_GKM_Darsi,Singanapalem,0,0,0,0,,,,
257,08_C_57_13,PKM_C_GKM_Darsi,Bellamkondavaripalem,0,0,0,0,,,,
258,08_C_57_13,PKM_C_GKM_Darsi,Dosakayalapadu,0,0,0,0,,,,
259,08_C_57_13,PKM_C_GKM_Darsi,Lakkavaram,0,0,0,0,,,,
260,08_C_57_13,PKM_C_GKM_Darsi,Madhava varam,0,0,0,0,,,,
261,08_C_57_13,PKM_C_GKM_Darsi,Mannepalli,0,0,0,0,,,,
262,08_C_57_13,PKM_C_GKM_Darsi,Nagambotlapalem,0,0,0,0,,,,
263,08_C_57_13,PKM_C_GKM_Darsi,Ramabhadrapuram,0,0,0,0,,,,
264,08_C_57_13,PKM_C_GKM_Darsi,Sarvamitta,0,0,0,0,,,,
265,08_C_57_13,PKM_C_GKM_Darsi,Siva ramapuram,0,0,0,0,,,,
266,08_C_57_13,PKM_C_GKM_Darsi,Somavarappadu,0,0,0,0,,,,
267,08_C_57_13,PKM_C_GKM_Darsi,TALLURU,0,0,0,0,,,,
268,08_C_57_13,PKM_C_GKM_Darsi,Vittalapuram,0,0,0,0,,,,
269,08_C_55_18,PKM_C_Ogeru_S.Maguluru,Kopparapalem,,,,0,,,,
270,08_C_55_18,PKM_C_Ogeru_S.Maguluru,Vellalacheruvu,0,,,0,,,,
271,08_C_55_18,PKM_C_Ogeru_S.Maguluru,Gopapuram Agraharam,0,,,0,,,,
272,08_C_55_18,PKM_C_Ogeru_S.Maguluru,Kamepalli,0,,,0,,,,
273,08_C_55_18,PKM_C_Ogeru_S.Maguluru,Santhamaguluru ,,,,0,,,,
274,08_C_55_18,PKM_C_Ogeru_S.Maguluru,Tangedumalli,0,,,0,,,,
275,08_C_55_18,PKM_C_Ogeru_S.Maguluru,Gurizepalli,0,,,0,,,,
276,08_C_55_18,PKM_C_Ogeru_S.Maguluru,Kopparam,0,,,0,,,,
277,08_C_55_18,PKM_C_Ogeru_S.Maguluru,Elchuru,0,,,0,,,,
278,08_C_55_18,PKM_C_Ogeru_S.Maguluru,Kommalapadu,0,,,0,,,,
279,08-c-57-44,PKM-C-GKM-ONGOLE,Mangamuru,0,,,0,,,,
280,08-c-57-44,PKM-C-GKM-ONGOLE,Koppolu,0,,,0,,,,
281,08-c-57-44,PKM-C-GKM-ONGOLE,Ongole,20,,,20,,,,
282,08-c-57-44,PKM-C-GKM-ONGOLE,Kothamamidipalem,0,,,0,,,,
283,08-c-57-44,PKM-C-GKM-ONGOLE,Vengamukkapalem,0,,,0,,,,
284,08-c-57-44,PKM-C-GKM-ONGOLE,Sarvareddypalem,0,,,0,,,,
285,08-c-57-44,PKM-C-GKM-ONGOLE,Yerrajerla,0,,,0,,,,
286,08-c-57-44,PKM-C-GKM-ONGOLE,Cheruvukommupalem,0,,,0,,,,
287,08-c-57-44,PKM-C-GKM-ONGOLE,Mangaladripuram,0,,,0,,,,
288,08-c-57-44,PKM-C-GKM-ONGOLE,Pelluru,0,,,0,,,,
289,08-c-57-44,PKM-C-GKM-ONGOLE,Narasapuram,0,,,0,,,,
290,08-c-57-44,PKM-C-GKM-ONGOLE,Malleswarapuram ,0,,,0,,,,
291,08-c-57-44,PKM-C-GKM-ONGOLE,Valluru,0,,,0,,,,
292,08-c-57-44,PKM-C-GKM-ONGOLE,Somavarappadu,0,,,0,,,,
293,08-c-57-44,PKM-C-GKM-ONGOLE,Valluru kavali manyam,0,,,0,,,,
294,08-c-57-44,PKM-C-GKM-ONGOLE,Vasepallipadu,0,,,0,,,,
295,08_C_58_23,PKM_C_Romperu_Chirala,Vada,5,0,0,5,,,,
296,08_C_58_23,PKM_C_Romperu_Chirala,Ipurupalem,5,0,0,5,,,,
297,08_C_58_23,PKM_C_Romperu_Chirala,Perala,15,0,0,15,,,,
298,08_C_58_23,PKM_C_Romperu_Chirala,CHIRALA ,20,0,0,20,,,,
299,08_C_58_23,PKM_C_Romperu_Chirala,Gavinivaripalem,0,0,0,0,,,,
300,08_C_57_14,PKM_C_GKM_Mundlamuru,Tanamchintala,,,,0,,,,
301,08_C_57_14,PKM_C_GKM_Mundlamuru,Pothavaram,,,,0,,,,
302,08_C_57_14,PKM_C_GKM_Mundlamuru,Devavaram,,,,0,,,,
303,08_C_57_14,PKM_C_GKM_Mundlamuru,Thimmayapalem,,,,0,,,,
304,08_C_57_14,PKM_C_GKM_Mundlamuru,Vemula,,,,0,,,,
305,08_C_57_14,PKM_C_GKM_Mundlamuru,Vemulabanda,,,,0,,,,
306,08_C_57_14,PKM_C_GKM_Mundlamuru,Umamaheswarapuram,,,,0,,,,
307,08_C_57_14,PKM_C_GKM_Mundlamuru,Thammaluru,,,,0,,,,
308,08_C_57_14,PKM_C_GKM_Mundlamuru,Peddaravipadu,,,,0,,,,
309,08_C_57_14,PKM_C_GKM_Mundlamuru,N.V. Kandrika,,,,0,,,,
310,08_C_57_14,PKM_C_GKM_Mundlamuru,Chintalapudi,,,,0,,,,
311,08_C_57_14,PKM_C_GKM_Mundlamuru,Kellampalli,,,,0,,,,
312,08_C_57_14,PKM_C_GKM_Mundlamuru,Basavapuram,,,,0,,,,
313,08_C_57_14,PKM_C_GKM_Mundlamuru,Peddaullagallu,,,,0,,,,
314,08_C_57_14,PKM_C_GKM_Mundlamuru,Chinnaullagallu,,,,0,,,,
315,08_C_57_14,PKM_C_GKM_Mundlamuru,Pasupugallu,,,,0,,,,
316,08_C_57_14,PKM_C_GKM_Mundlamuru,Mundlamur ,,,,0,,,,
317,08_C_57_14,PKM_C_GKM_Mundlamuru,Vempadu,,,,0,,,,
318,08_C_57_14,PKM_C_GKM_Mundlamuru,Polavaram,,,,0,,,,
319,08_C_57_14,PKM_C_GKM_Mundlamuru,Sankarapuram,,,,0,,,,
320,08_C_57_14,PKM_C_GKM_Mundlamuru,Avisanavaripalem,,,,0,,,,
321,08_C_57_14,PKM_C_GKM_Mundlamuru,Malkapuram,,,,0,,,,
322,08_C_57_14,PKM_C_GKM_Mundlamuru,Kunkupadu,,,,0,,,,
323,08_C_57_14,PKM_C_GKM_Mundlamuru,Nannurupadu,,,,0,,,,
324,08_C_57_14,PKM_C_GKM_Mundlamuru,Modepalli,,,,0,,,,
325,08_C_57_01(14),PKM_C_GKM_Edara,Edara,0.001,0,0,0.001,,,,
326,08_C_57_01(14),PKM_C_GKM_Edara,Bhimavaram,0.001,0,0,0.001,,,,
327,08_C_57_01(14),PKM_C_GKM_Edara,Jammulamadaka,0.001,0,0,0.001,,,,
328,08_C_57_01(14),PKM_C_GKM_Edara,Purimetla,0.001,0,0,0.001,,,,
329,08_C_57_01(14),PKM_C_GKM_Edara,Kommavaram,0.001,0,0,0.001,,,,
330,08_C_57_01(14),PKM_C_GKM_Edara,Marella,0.001,0,0,0.001,,,,
331,08_C_57_01(14),PKM_C_GKM_Edara,Botlapalli,0.001,0,0,0.001,,,,
332,08_C_57_01(14),PKM_C_GKM_Edara,Kambhampadu,0.001,0,0,0.001,,,,
333,08_C_57_01(14),PKM_C_GKM_Edara,Nujellapalli,0.001,0,0,0.001,,,,
334,08_C_57_01(14),PKM_C_GKM_Edara,Ramayapalem,0.001,0,0,0.001,,,,
335,08_C_57_01(14),PKM_C_GKM_Edara,Koticalapudi,0.001,0,0.001,0.002,,,,
336,08-C-57-5(2),PKM-C-GKM-MARRIVEMULA,Chennapalem,0,0,0,0,,,,
337,08-C-57-5(2),PKM-C-GKM-MARRIVEMULA,Sathakodu,0,0,0,0,,,,
338,08-C-57-5(2),PKM-C-GKM-MARRIVEMULA,Marrivemula,0,0,0,0,,,,
339,08-C-57-5(2),PKM-C-GKM-MARRIVEMULA,Mutukula,0,0,0,0,,,,
340,08-C-57-5(2),PKM-C-GKM-MARRIVEMULA,Narasapuram,0,0,0,0,,,,
341,08-C-57-5(2),PKM-C-GKM-MARRIVEMULA,RF,0,0,0,0,,,,
342,08_C_59_05,PKM_C_Musi_Donakonda,Lankojipalli,,25,,25,,,,
343,08_C_59_05,PKM_C_Musi_Donakonda,Yerra Obanapalli,,,,0,,,,
344,08_C_59_05,PKM_C_Musi_Donakonda,Ramachandrapuram,,,,0,,,,
345,08_C_59_05,PKM_C_Musi_Donakonda,Rajampalli,,,,0,,,,
346,08_C_59_05,PKM_C_Musi_Donakonda,Annavaram,,,,0,,,,
347,08_C_59_05,PKM_C_Musi_Donakonda,Kottapalli,,,,0,,,,
348,08_C_59_05,PKM_C_Musi_Donakonda,Bandalapaya,,,,0,,,,
349,08_C_59_05,PKM_C_Musi_Donakonda,Abbayapalem,,,,0,,,,
350,08_C_59_05,PKM_C_Musi_Donakonda,Tummedalapadu,,,,0,,,,
351,08_C_59_05,PKM_C_Musi_Donakonda,Chandaluru,,,,0,,,,
352,08_C_59_05,PKM_C_Musi_Donakonda,Chalivendra,,,,0,,,,
353,08_C_59_05,PKM_C_Musi_Donakonda,Venkatachalampalli,,,,0,,,,
354,08_C_59_05,PKM_C_Musi_Donakonda,Balapuram,,,,0,,,,
355,08_C_59_05,PKM_C_Musi_Donakonda,Jammigumpala,,,,0,,,,
356,08_C_59_05,PKM_C_Musi_Donakonda,Bukkapuram,,,,0,,,,
357,08_C_59_05,PKM_C_Musi_Donakonda,BandiVeligandla,,,,0,,,,
358,08_C_59_05,PKM_C_Musi_Donakonda,Ganeswarapuram,,,,0,,,,
359,08_C_59_05,PKM_C_Musi_Donakonda,Venkatapuram,,,,0,,,,
360,08_C_59_05,PKM_C_Musi_Donakonda,Jamukaladinne,,,,0,,,,
361,08_C_59_05,PKM_C_Musi_Donakonda,Lakshmnarayanaipuram,,,,0,,,,
362,08_C_59_05,PKM_C_Musi_Donakonda,Korlamadugu,,,,0,,,,
363,08_C_59_05,PKM_C_Musi_Donakonda,Krishnapuram,,,,0,,,,
364,08_C_59_05,PKM_C_Musi_Donakonda,Peddauyyalawada,,,,0,,,,
365,08_C_59_05,PKM_C_Musi_Donakonda,DONAKONDA (Badapuram),,,,0,,,,
366,08_C_59_05,PKM_C_Musi_Donakonda,Veeravenkatapuram,,,,0,,,,
367,08_C_59_05,PKM_C_Musi_Donakonda,Yerrapalem,,,,0,,,,
368,08_C_59_05,PKM_C_Musi_Donakonda,Obbapuram,,,,0,,,,
369,08_C_59_05,PKM_C_Musi_Donakonda,Narasimhanayunipalli,,,,0,,,,
370,08_C_59_05,PKM_C_Musi_Donakonda,Indlacheruvu,,,,0,,,,
371,08_C_59_05,PKM_C_Musi_Donakonda,Ragamukkalapalli,,,,0,,,,
372,08_C_59_05,PKM_C_Musi_Donakonda,P.Venkatapuram,,,,0,,,,
373,08_C_59_05,PKM_C_Musi_Donakonda,L.N.Puram,,,,0,,,,
374,08_C_59_05,PKM_C_Musi_Donakonda,Peddammapalem,,,,0,,,,
375,08_C_59_05,PKM_C_Musi_Donakonda,Gudipadu,,,,0,,,,
376,08_C_59_05,PKM_C_Musi_Donakonda,Aravallipadu,,,,0,,,,
377,08_C_59_05,PKM_C_Musi_Donakonda,Vaddipadu,,,,0,,,,
378,08_C_59_05,PKM_C_Musi_Donakonda,Potlapadu,,,,0,,,,
379,08_C_59_05,PKM_C_Musi_Donakonda,Gangadonakonda,,,,0,,,,
380,08_C_59_05,PKM_C_Musi_Donakonda,PadamaraGangavaram,,,,0,,,,
381,08_C_59_05,PKM_C_Musi_Donakonda,Alavalapadu,,,,0,,,,
382,08_C_59_05,PKM_C_Musi_Donakonda,Bodanampadu,,,,0,,,,
383,08_C_57_10(18),PKM_C_GKM_Kunduru,Kunduru(W),,,,0,,,,
384,08_C_57_10(18),PKM_C_GKM_Kunduru,Kunduru(E),,,,0,,,,
385,08_C_57_06(05),PKM-C-GKM-RUDRASAMUDRAM,Battipadu,,0,,0,,,,
386,08_C_57_06(05),PKM-C-GKM-RUDRASAMUDRAM,Chandavaram,,0,,0,,,,
387,08_C_57_06(05),PKM-C-GKM-RUDRASAMUDRAM,Polepalli,,0,,0,,,,
388,08_C_57_06(05),PKM-C-GKM-RUDRASAMUDRAM,Padamati laxmipuram,,0,,0,,,,
389,08_C_57_06(05),PKM-C-GKM-RUDRASAMUDRAM,Ramapuram,,0,,0,,,,
390,08_C_57_06(05),PKM-C-GKM-RUDRASAMUDRAM,Rudrasamudram,,0,,0,,,,
391,08_C_57_06(05),PKM-C-GKM-RUDRASAMUDRAM,Bhumanapalli,,0,,0,,,,
392,08_C_57_06(05),PKM-C-GKM-RUDRASAMUDRAM,Mallampet,,0,,0,,,,
393,08_C_57_06(05),PKM-C-GKM-RUDRASAMUDRAM,kocherlakota,,0,,0,,,,
394,08_C_57_06(05),PKM-C-GKM-RUDRASAMUDRAM,Siddayapalem,,0,,0,,,,
395,08_C_57_06(05),PKM-C-GKM-RUDRASAMUDRAM,Anantvaram,,0,,0,,,,
396,08_C_57_06(05),PKM-C-GKM-RUDRASAMUDRAM,Manginapudi,0,0,,0,,,,
397,08_C_57_06(05),PKM-C-GKM-RUDRASAMUDRAM,Jagannadapuram,0,0,,0,,,,
398,08_C_57_06(05),PKM-C-GKM-RUDRASAMUDRAM,Kasipuram,0,0,,0,,,,
399,08_C_57_06(05),PKM-C-GKM-RUDRASAMUDRAM,kalluru,0,0,,0,,,,
400,08_C_57_06(05),PKM-C-GKM-RUDRASAMUDRAM,Naidupalem,0,0,,0,,,,
401,08_C_57_06(05),PKM-C-GKM-RUDRASAMUDRAM,Avulamanda,0,0,,0,,,,
402,08_C_57_06(05),PKM-C-GKM-RUDRASAMUDRAM,Mustlagangavaram,0,0,,0,,,,
403,08_C_56_26,PKM_C_Romperu_J.Panguluru,Bollapalli,0,0,0,0,,,,
404,08_C_56_26,PKM_C_Romperu_J.Panguluru,Duddukuru,0,0,0,0,,,,
405,08_C_56_26,PKM_C_Romperu_J.Panguluru,Koniki,0,0,0,0,,,,
406,08_C_56_26,PKM_C_Romperu_J.Panguluru,Gangavaram,0,0,0,0,,,,
407,08_C_56_26,PKM_C_Romperu_J.Panguluru,Alavalapadu,0,0,0,0,,,,
408,08_C_56_26,PKM_C_Romperu_J.Panguluru,Bayatamanjuluru,0,0,0,0,,,,
409,08_C_56_26,PKM_C_Romperu_J.Panguluru,Budavada,0,0,0,0,,,,
410,08_C_56_26,PKM_C_Romperu_J.Panguluru,Chandaluru,0,0,0,0,,,,
411,08_C_56_26,PKM_C_Romperu_J.Panguluru,J.Pangulur,0,0,0,0,,,,
412,08_C_56_26,PKM_C_Romperu_J.Panguluru,Kondamanjuluru,0,0,0,0,,,,
413,08_C_56_26,PKM_C_Romperu_J.Panguluru,Kondamuru,0,0,0,0,,,,
414,08_C_56_26,PKM_C_Romperu_J.Panguluru,Kotapadu,0,0,0,0,,,,
415,08_C_56_26,PKM_C_Romperu_J.Panguluru,Muppavaram,0,0,0,0,,,,
416,08_C_56_26,PKM_C_Romperu_J.Panguluru,Nujellapalli,0,0,0,0,,,,
417,08_C_56_26,PKM_C_Romperu_J.Panguluru,Renangivaram,0,0,0,0,,,,
418,08_C_56_26,PKM_C_Romperu_J.Panguluru,Takkellapadu,0,0,0,0,,,,
419,08_C_56_26,PKM_C_Romperu_J.Panguluru,Turpu Kopperapadu,0,46,0,46,,,,
420,08_C_56_26,PKM_C_Romperu_J.Panguluru,P.Gudipadu,0,0,0,0,,,,
421,08_C_56_26,PKM_C_Romperu_J.Panguluru,Ravinuthala,0,0,0,0,,,,
422,08_C_56_26,PKM_C_Romperu_J.Panguluru,Edumudi,0,0,0,0,,,,
423,08_C_56_26,PKM_C_Romperu_J.Panguluru,Maddirala Muppalla,0,0,0,0,,,,
424,08_C_56_26,PKM_C_Romperu_J.Panguluru,Chinaganjam,0,0,0,0,,,,
425,08_C_56_26,PKM_C_Romperu_J.Panguluru,Chinthagumpalli,0,0,0,0,,,,
426,08_C_56_26,PKM_C_Romperu_J.Panguluru,Kadavakuduru,0,0,0,0,,,,
427,08_C_56_26,PKM_C_Romperu_J.Panguluru,Gonasapudi,0,0,0,0,,,,
428,08_C_56_26,PKM_C_Romperu_J.Panguluru,Motupalli,0,0,0,0,,,,
429,08_C_57_16,PKM_C_GKM_Addanki,Mylavaram,,,0,0,,,,
430,08_C_57_16,PKM_C_GKM_Addanki,Upalapadu,,,0,0,,,,
431,08_C_57_16,PKM_C_GKM_Addanki,Vemparala,,,0,0,,,,
432,08_C_57_16,PKM_C_GKM_Addanki,China Kothapalli,,,0,0,,,,
433,08_C_57_16,PKM_C_GKM_Addanki,Dharmavaram,,,0,0,,,,
434,08_C_57_16,PKM_C_GKM_Addanki,Kalavakuru,,,0,0,,,,
435,08_C_57_16,PKM_C_GKM_Addanki,Gopalapuram,,,0,0,,,,
436,08_C_57_16,PKM_C_GKM_Addanki,Narasimhapuram,,,0,0,,,,
437,08_C_57_16,PKM_C_GKM_Addanki,Bommanampadu,,,0,0,,,,
438,08_C_57_16,PKM_C_GKM_Addanki,North Addanki,,,0,0,,,,
439,08_C_57_16,PKM_C_GKM_Addanki,South Addanki,,,0,0,,,,
440,08_C_57_16,PKM_C_GKM_Addanki,Manikeswaram,,,0,0,,,,
441,08_C_57_16,PKM_C_GKM_Addanki,S.L.Gudipadu,,,0,0,,,,
442,08_C_57_16,PKM_C_GKM_Addanki,Vaidana,,,0,0,,,,
443,08_C_57_16,PKM_C_GKM_Addanki,Kukatlapalli,,,0,0,,,,
444,08_C_57_16,PKM_C_GKM_Addanki,Gorrepadu,,,0,0,,,,
445,08_C_57_16,PKM_C_GKM_Addanki,Kopperapadu,,,0,0,,,,
446,08_C_57_16,PKM_C_GKM_Addanki,Kasyapuram,,,0,0,,,,
447,08_C_57_16,PKM_C_GKM_Addanki,Anamanamuru,,,0,0,,,,
448,08_C_57_16,PKM_C_GKM_Addanki,Bodduvaripalem  (Medrametla),,,0,0,,,,
449,08_C_57_16,PKM_C_GKM_Addanki,Chakrayapalem,,,0,0,,,,
450,08_C_56_22,PKM_C_Romperu_Parchuru,Uppumaguluru,,,,0,,,,
451,08_C_56_21,PKM_C_Romperu_Parchuru,Ramakuru,,,,0,,,,
452,08_C_56_21,PKM_C_Romperu_Parchuru,Bobbepalli,,,,0,,,,
453,08_C_56_21,PKM_C_Romperu_Parchuru,Darsi,,,,0,,,,
454,08_C_56_21,PKM_C_Romperu_Parchuru,Jangameswarapuram,,,,0,,,,
455,08_C_56_21,PKM_C_Romperu_Parchuru,Jonnathali,,,,0,,,,
456,08_C_56_21,PKM_C_Romperu_Parchuru,Konanki,,,,0,,,,
457,08_C_56_21,PKM_C_Romperu_Parchuru,Lakkavaram,,,,0,,,,
458,08_C_56_21,PKM_C_Romperu_Parchuru,MARTURU ,,,,0,,,,
459,08_C_56_21,PKM_C_Romperu_Parchuru,Nagarajupalli,,,,0,,,,
460,08_C_56_21,PKM_C_Romperu_Parchuru,Rajupalem,,,,0,,,,
461,08_C_56_21,PKM_C_Romperu_Parchuru,Vallaparla,,,,0,,,,
462,08_C_56_21,PKM_C_Romperu_Parchuru,Adusumilli,,,,0,,,,
463,08_C_56_21,PKM_C_Romperu_Parchuru,Bodavada mandaGunta,,,,0,,,,
464,08_C_56_21,PKM_C_Romperu_Parchuru,Chennubotlapalem,,,,0,,,,
465,08_C_56_21,PKM_C_Romperu_Parchuru,Cherukuru,,,,0,,,,
466,08_C_56_21,PKM_C_Romperu_Parchuru,Devarapalli,,,,0,,,,
467,08_C_56_21,PKM_C_Romperu_Parchuru,Garnepudi,,,,0,,,,
468,08_C_56_21,PKM_C_Romperu_Parchuru,Gollapudi,,,,0,,,,
469,08_C_56_21,PKM_C_Romperu_Parchuru,Inagallu,,,,0,,,,
470,08_C_56_21,PKM_C_Romperu_Parchuru,Parchur ,,,,0,,,,
471,08_C_56_21,PKM_C_Romperu_Parchuru,Ramanayapalem,,,,0,,,,
472,08_C_56_21,PKM_C_Romperu_Parchuru,Upputuru,,,,0,,,,
473,08_C_56_21,PKM_C_Romperu_Parchuru,Veerannapalem,,,,0,,,,
474,08_C_56_21,PKM_C_Romperu_Parchuru,Yedubodu,,,,0,,,,
475,08_C_56_21,PKM_C_Romperu_Parchuru,Ananthavaram,,,,0,,,,
476,08_C_56_21,PKM_C_Romperu_Parchuru,Gannavaram,,,,0,,,,
477,08_C_56_21,PKM_C_Romperu_Parchuru,Jagarlamudi,,,,0,,,,
478,08_C_56_21,PKM_C_Romperu_Parchuru,Poluru,,,,0,,,,
479,08_C_56_21,PKM_C_Romperu_Parchuru,Vijanampadu,,,,0,,,,
480,08_C_56_21,PKM_C_Romperu_Parchuru,Yaddanapudi ,,,,0,,,,
481,08_C_56_21,PKM_C_Romperu_Parchuru,Yanamadala,,,,0,,,,
482,08-D-44-03,PKM-D-KRISHNA-PEDDARUTLA,Chinnarutla,,,,0,,,,
483,08-D-44-03,PKM-D-KRISHNA-PEDDARUTLA,Peddarutla,,,,0,,,,
484,08-D-44-03,PKM-D-KRISHNA-PEDDARUTLA,DORNALA-R.F.,,,,0,,,,
485,08-D-44-03,PKM-D-KRISHNA-PEDDARUTLA,Nekkanti,,,,0,,,,
486,08-D-44-03,PKM-D-KRISHNA-PEDDARUTLA,Darubailu,,,,0,,,,
487,08-D-44-03,PKM-D-KRISHNA-PEDDARUTLA,R.F.,,,,0,,,,
488,08-C-MN-13(53),PKM-C-MN-RALLAPADU,Rallapadu,,0,,0,,,,
489,08-c-61-17(52),PKM-C-MN-Tiragalladinne,East Kodigudlapadu,,,,0,,,,
490,08-c-61-17(52),PKM-C-MN-Tiragalladinne,Tiragandla Dinne,,,,0,,,,
491,08-c-61-17(52),PKM-C-MN-Tiragalladinne,Puttamnaidupalle,,,,0,,,,
492,08-c-61-17(52),PKM-C-MN-Tiragalladinne,Karollapadu,,,,0,,,,
493,08-C-61-55,PKM-C-MN-ULAVAPADU,Swarnajipuram,,0,,0,,,,
494,08-C-61-55,PKM-C-MN-ULAVAPADU,Ammavaripalem,,0,,0,,,,
495,08-C-61-55,PKM-C-MN-ULAVAPADU,Potluru,,0,,0,,,,
496,08-C-61-55,PKM-C-MN-ULAVAPADU,Mocharla,,0,,0,,,,
497,08-C-61-55,PKM-C-MN-ULAVAPADU,Chevuru,,0,,0,,,,
498,08-C-61-55,PKM-C-MN-ULAVAPADU,Ravuru,,0,,0,,,,
499,08-C-61-55,PKM-C-MN-ULAVAPADU,Mannetikota,,0,,0,,,,
500,08-C-61-55,PKM-C-MN-ULAVAPADU,Karedu,,0,,0,,,,
501,08-C-61-55,PKM-C-MN-ULAVAPADU,K.Rajupalem alis Ulavapadu,,0,,0,,,,
502,08-C-61-55,PKM-C-MN-ULAVAPADU,K.S.R.Kandrika,,0,,0,,,,
503,08-C-61-55,PKM-C-MN-ULAVAPADU,Bhimavaram,,0,,0,,,,
504,08-C-61-55,PKM-C-MN-ULAVAPADU,Krishnapuram,,0,,0,,,,
505,08-C-61-55,PKM-C-MN-ULAVAPADU,Veerapalli,,0,,0,,,,
506,08-C-61-55,PKM-C-MN-ULAVAPADU,Chagollu,,0,,0,,,,
507,08-C-61-55,PKM-C-MN-ULAVAPADU,Chakicherla,,0,,0,,,,
508,08-C-61-55,PKM-C-MN-ULAVAPADU,Ramayapatnam,,0,,0,,,,
509,08-C-61-55,PKM-C-MN-ULAVAPADU,Baddipudi,,0,,0,,,,
510,08-C-57-25(01),PKM-C-GKM-Boyalapalli,Amanigudipadu,,0.001,,0.001,,,,
511,08-C-57-25(01),PKM-C-GKM-Boyalapalli,Gurijapalli,,0.001,,0.001,,,,
512,08-C-57-25(01),PKM-C-GKM-Boyalapalli,Boyalapalli,,0.001,,0.001,,,,
513,08-C-57-25(01),PKM-C-GKM-Boyalapalli,S.Boyalapalli,,0.001,,0.001,,,,
514,08-C-57-25(01),PKM-C-GKM-Boyalapalli,Gurrapusala,,0.001,,0.001,,,,
515,08-C-57-25(01),PKM-C-GKM-Boyalapalli,Lalapuram,,0.001,,0.001,,,,
516,08-C-57-25(01),PKM-C-GKM-Boyalapalli,Gollavidipi,,0.001,,0.001,,,,
517,08-C-57-25(01),PKM-C-GKM-Boyalapalli,Gangapalem,,0.001,,0.001,,,,
518,08-C-57-25(01),PKM-C-GKM-Boyalapalli,Ramachandrapuram,,0.001,,0.001,,,,
519,08-C-57-25(01),PKM-C-GKM-Boyalapalli,Katuruvaripalli,,0.001,,0.001,,,,
520,08-C-57-25(01),PKM-C-GKM-Boyalapalli,Muktampuram,,0.001,,0.001,,,,
521,08-C-57-25(01),PKM-C-GKM-Boyalapalli,Timmannapalem,,0.001,,0.001,,,,
522,08-C-57-25(01),PKM-C-GKM-Boyalapalli,RF,,0.001,,0.001,,,,
523,08-C-MN-36(38),PKM-C-MN-Pedda Rajupalem,Pedda Rajupalem,,,,0,,,,
524,08-C-MN-36(38),PKM-C-MN-Pedda Rajupalem,Nalajanampadu,,,,0,,,,
525,08_C_60_32,PKM_C_PL_H.M.Padu,Chinamanagundam,,,,0,,,,
526,08_C_60_32,PKM_C_PL_H.M.Padu,Gotlagattu,,,,0,,,,
527,08_C_60_32,PKM_C_PL_H.M.Padu,Pedavenkatarayapalli,,,,0,,,,
528,08_C_60_32,PKM_C_PL_H.M.Padu,Anandapuram,,,,0,,,,
529,08_C_60_32,PKM_C_PL_H.M.Padu,Ummanapalli,,,,0,,,,
530,08_C_60_32,PKM_C_PL_H.M.Padu,Hanumanthapuram,,,,0,,,,
531,08_C_60_32,PKM_C_PL_H.M.Padu,Vemulapadu,,,,0,,,,
532,08_C_60_32,PKM_C_PL_H.M.Padu,Mohammadapuram,,,,0,,,,
533,08_C_60_32,PKM_C_PL_H.M.Padu,Timmareddypalli,,,,0,,,,
534,08_C_60_32,PKM_C_PL_H.M.Padu,Rasidupuram,,,,0,,,,
535,08_C_60_32,PKM_C_PL_H.M.Padu,Kotitippala,,,,0,,,,
536,08_C_60_32,PKM_C_PL_H.M.Padu,Kondareddypalli,,,,0,,,,
537,08_C_60_32,PKM_C_PL_H.M.Padu,Neelakantapuram,,,,0,,,,
538,08_C_60_32,PKM_C_PL_H.M.Padu,Nallagandla,,,,0,,,,
539,08_C_60_32,PKM_C_PL_H.M.Padu,Chinagollapalli,,,,0,,,,
540,08_C_60_32,PKM_C_PL_H.M.Padu,Pedagollapalli,,,,0,,,,
541,08_C_60_32,PKM_C_PL_H.M.Padu,Valicherla,,,,0,,,,
542,08_C_60_32,PKM_C_PL_H.M.Padu,Nandanavanam,,,,0,,,,
543,08_C_60_32,PKM_C_PL_H.M.Padu,Veeraramapuram,,,,0,,,,
544,08_C_60_32,PKM_C_PL_H.M.Padu,Ramayapalli,,,,0,,,,
545,08_C_60_32,PKM_C_PL_H.M.Padu,Muppalapadu,,,,0,,,,
546,08_C_60_32,PKM_C_PL_H.M.Padu,Viragareddypalli,,,,0,,,,
547,08_C_60_32,PKM_C_PL_H.M.Padu,Dasallapalli,,,,0,,,,
548,08_C_60_32,PKM_C_PL_H.M.Padu,Kutagundla,,,,0,,,,
549,08_C_60_32,PKM_C_PL_H.M.Padu,Doddichintala,,,,0,,,,
550,08_C_60_32,PKM_C_PL_H.M.Padu,H.M.PADU,,,,0,,,,
551,08_C_60_32,PKM_C_PL_H.M.Padu,Hazipuram,,,,0,,,,
552,08_C_60_32,PKM_C_PL_H.M.Padu,Masayapeta,,,,0,,,,
553,08_C_60_32,PKM_C_PL_H.M.Padu,Upendrapuram,,,,0,,,,
554,08_C_60_32,PKM_C_PL_H.M.Padu,Manamadugu,,,,0,,,,
555,08-C-57-21(33),PKM-C-GKM-KONAPALLI,Salakalveedu,,0.001,,0.001,,,,
556,08-C-57-21(33),PKM-C-GKM-KONAPALLI,Chinnaobenenipall,,0.001,,0.001,,,,
557,08-C-57-21(33),PKM-C-GKM-KONAPALLI,Pitakayagulla,,0.001,,0.001,,,,
558,08-C-57-21(33),PKM-C-GKM-KONAPALLI,Basinepalli,,0.001,,0.001,,,,
559,08-C-57-21(33),PKM-C-GKM-KONAPALLI,M.P.Cheruvu,,0.001,,0.001,,,,
560,08-C-57-21(33),PKM-C-GKM-KONAPALLI,P-Venkatapuram,,0.001,,0.001,,,,
561,08-C-57-21(33),PKM-C-GKM-KONAPALLI,Galijerugulla,,0.001,,0.001,,,,
562,08-C-57-21(33),PKM-C-GKM-KONAPALLI,Konapalli,,0.001,,0.001,,,,
563,08-C-57-21(33),PKM-C-GKM-KONAPALLI,RF,,0.001,,0.001,,,,
564,08-C-57-21(33),PKM-C-GKM-KONAPALLI,Tungodu(RF),,0.001,,0.001,,,,
565,08-C-57-21(33),PKM-C-GKM-KONAPALLI,Devakamarri(RF),,0.001,,0.001,,,,
566,08-C-57-21(33),PKM-C-GKM-KONAPALLI,Talaneelalu(RF),,0.001,,0.001,,,,
567,08-C-57-21(33),PKM-C-GKM-KONAPALLI,Ravipadu,,0.001,,0.001,,,,
568,08_C_61_38,PKM_C_MN_C.S.Puram,Venkatayacheruvu,,,,0,,,,
569,08_C_61_38,PKM_C_MN_C.S.Puram,Boyamadugula,,,,0,,,,
570,08_C_61_38,PKM_C_MN_C.S.Puram,Mundlapadu,,,,0,,,,
571,08_C_61_38,PKM_C_MN_C.S.Puram,Chintalapalem,,,,0,,,,
572,08_C_61_38,PKM_C_MN_C.S.Puram,Arivemula,,,,0,,,,
573,08_C_61_38,PKM_C_MN_C.S.Puram,Ekunampuram,,,,0,,,,
574,08_C_61_38,PKM_C_MN_C.S.Puram,Thummagunta,,,,0,,,,
575,08_C_61_38,PKM_C_MN_C.S.Puram,Darsiguntapeta,,,,0,,,,
576,08_C_61_38,PKM_C_MN_C.S.Puram,Bonthavaripalli,,,,0,,,,
577,08_C_61_38,PKM_C_MN_C.S.Puram,Bodavuladinne,,,,0,,,,
578,08_C_61_38,PKM_C_MN_C.S.Puram,Kondaboyinapalli,,,,0,,,,
579,08_C_61_38,PKM_C_MN_C.S.Puram,Ranganayunanipalli,,,,0,,,,
580,08_C_61_38,PKM_C_MN_C.S.Puram,Darsithimmakkapalli,,,,0,,,,
581,08_C_61_38,PKM_C_MN_C.S.Puram,C.S.Puram,,,,0,,,,
582,08_C_61_38,PKM_C_MN_C.S.Puram,Kovelampadu,,,,0,,,,
583,08_C_61_38,PKM_C_MN_C.S.Puram,Anikepalli,,,,0,,,,
584,08_C_61_38,PKM_C_MN_C.S.Puram,Nallamadugula,,,,0,,,,
585,08_C_61_38,PKM_C_MN_C.S.Puram,Uppalapadu,,,,0,,,,
586,08_C_61_38,PKM_C_MN_C.S.Puram,Gunthachennampalli,,,,0,,,,
587,08_C_61_38,PKM_C_MN_C.S.Puram,Regulachilaka,,,,0,,,,
588,08_C_61_38,PKM_C_MN_C.S.Puram,Chennapanayudipalli,,,,0,,,,
589,08_C_61_38,PKM_C_MN_C.S.Puram,Vatlabayalu,,,,0,,,,
590,08_C_61_38,PKM_C_MN_C.S.Puram,Malameedipalli,,,,0,,,,
591,08_C_61_38,PKM_C_MN_C.S.Puram,Kothapalli,,,,0,,,,
592,08_C_61_38,PKM_C_MN_C.S.Puram,Ambavaram,,,,0,,,,
593,08_C_61_38,PKM_C_MN_C.S.Puram,M.Venganapalli,,,,0,,,,
594,08_C_61_38,PKM_C_MN_C.S.Puram,R.F,,,,0,,,,
595,08-C-57-13(2),PKM-C-GKM-KAVALAKUNTLA,Murikimallapenta(RF),,0.001,,0.001,,,,
596,08-C-57-13(2),PKM-C-GKM-KAVALAKUNTLA,Rachakonda,,0.001,,0.001,,,,
597,08-C-57-13(2),PKM-C-GKM-KAVALAKUNTLA,Yandrapalli,,0.001,,0.001,,,,
598,08-C-57-13(2),PKM-C-GKM-KAVALAKUNTLA,Komarolu,,0.001,,0.001,,,,
599,08-C-57-13(2),PKM-C-GKM-KAVALAKUNTLA,Chapalamadugu,,0.001,,0.001,,,,
600,08-C-57-13(2),PKM-C-GKM-KAVALAKUNTLA,Kavalakuntla,,0.001,,0.001,,,,
601,08-C-57-13(2),PKM-C-GKM-KAVALAKUNTLA,RF,,0.001,,0.001,,,,
602,08_C_70_36,PKM_C_SAGILERU_GIDDALURU,Malakondapentagudam,,0.001,,0.001,,,,
603,08_C_70_36,PKM_C_SAGILERU_GIDDALURU,Isukagundam,,0.001,,0.001,,,,
604,08_C_70_36,PKM_C_SAGILERU_GIDDALURU,Ambavaram,,0.001,,0.001,,,,
605,08_C_70_36,PKM_C_SAGILERU_GIDDALURU,Narava,,0.001,,0.001,,,,
606,08_C_70_36,PKM_C_SAGILERU_GIDDALURU,Narasimhunipalli,,0.001,,0.001,,,,
607,08_C_70_36,PKM_C_SAGILERU_GIDDALURU,Kongalaveedu,,0.001,,0.001,,,,
608,08_C_70_36,PKM_C_SAGILERU_GIDDALURU,Giddalur,,0.001,,0.001,,,,
609,08_C_70_36,PKM_C_SAGILERU_GIDDALURU,Modampalli,,0.001,,0.001,,,,
610,08_C_70_36,PKM_C_SAGILERU_GIDDALURU,Chattireddypalli,,0.001,,0.001,,,,
611,08_C_70_36,PKM_C_SAGILERU_GIDDALURU,Kristnamsettipalli,,0.001,,0.001,,,,
612,08_C_70_36,PKM_C_SAGILERU_GIDDALURU,Kanchipalli,,0.001,,0.001,,,,
613,08_C_70_36,PKM_C_SAGILERU_GIDDALURU,Bogada,,0.001,,0.001,,,,
614,08_C_70_36,PKM_C_SAGILERU_GIDDALURU,Kothakota,,0.001,,0.001,,,,
615,08_C_70_36,PKM_C_SAGILERU_GIDDALURU,Mundlapadu,,0.001,,0.001,,,,
616,08_C_70_36,PKM_C_SAGILERU_GIDDALURU,Kommanur,,0.001,,0.001,,,,
617,08_C_70_36,PKM_C_SAGILERU_GIDDALURU,Sanjeevaraopeta,,0.001,,0.001,,,,
618,08_C_70_36,PKM_C_SAGILERU_GIDDALURU,Gadikota,,0.001,,0.001,,,,
619,08_C_70_36,PKM_C_SAGILERU_GIDDALURU,Uyyalavada,,0.001,,0.001,,,,
620,08_C_70_36,PKM_C_SAGILERU_GIDDALURU,R.Forest ,,0.001,,0.001,,,,
621,08-c-60-56,PKM-C-PL-S.KONDA,Muppala,,0,,0,,,,
622,08-c-60-56,PKM-C-PL-S.KONDA,Singarabhotlapalem,,0,,0,,,,
623,08-c-60-56,PKM-C-PL-S.KONDA,V.K.Kandrika,,0,,0,,,,
624,08-c-60-56,PKM-C-PL-S.KONDA,N.V.V.Kandrika,,0,,0,,,,
625,08-c-60-56,PKM-C-PL-S.KONDA,Nandanavanam,,0,,0,,,,
626,08-c-60-56,PKM-C-PL-S.KONDA,K.Bitragunta,,0,,0,,,,
627,08-c-60-56,PKM-C-PL-S.KONDA,J.G.Kandrika,,0,,0,,,,
628,08-c-60-56,PKM-C-PL-S.KONDA,M.K.Kandrika,,0,,0,,,,
629,08-c-60-56,PKM-C-PL-S.KONDA,Pandulapadu,,0,,0,,,,
630,08-c-60-56,PKM-C-PL-S.KONDA,Jillelamudi,,0,,0,,,,
631,08-c-60-56,PKM-C-PL-S.KONDA,Vikkiralapeta,,0,,0,,,,
632,08-c-60-56,PKM-C-PL-S.KONDA,Palukuru,,0,,0,,,,
633,08-c-60-56,PKM-C-PL-S.KONDA,KondiKandukuru,,0,,0,,,,
634,08-c-60-56,PKM-C-PL-S.KONDA,Kovvuru,,0,,0,,,,
635,08-c-60-56,PKM-C-PL-S.KONDA,Kanumalla,,0,,0,,,,
636,08-c-60-56,PKM-C-PL-S.KONDA,kalikavaya,,0,,0,,,,
637,08-c-60-56,PKM-C-PL-S.KONDA,Mulaguntapadu,,0,,0,,,,
638,08-c-60-56,PKM-C-PL-S.KONDA,Somarajupalli,,0,,0,,,,
639,08-c-60-56,PKM-C-PL-S.KONDA,Pakala,,0,,0,,,,
640,08-c-60-56,PKM-C-PL-S.KONDA,Singarayakonda,,0,,0,,,,
641,08_C_70_37,PKM_C_Sagileru_Allinagaram,Allinagaram,,,,0,,,,
642,08_C_70_37,PKM_C_Sagileru_Allinagaram,R.F,,,,0,,,,
643,08_C_44_9(1),PKM_D_LK_Garinipenta,Ballagondipenta,,,,0,,,,
644,08_C_44_9(1),PKM_D_LK_Garinipenta,Garnipenta,,,,0,,,,
645,08_C_44_9(1),PKM_D_LK_Garinipenta,R.F,,,,0,,,,
646,08_C_57_27,PKM_C_GKM_Korisapadu,Somavarrappadu,,,,0,,,,
647,08_C_57_27,PKM_C_GKM_Korisapadu,Korisapadu ,,,,0,,,,
648,08_C_57_27,PKM_C_GKM_Korisapadu,Dyvalaravuru,,,,0,,,,
649,08_C_57_27,PKM_C_GKM_Korisapadu,Annangi,,,,0,,,,
650,08_C_57_27,PKM_C_GKM_Korisapadu,Gundlapalli,,,,0,,,,
651,08_C_57_27,PKM_C_GKM_Korisapadu,Rachavaripalem,,,,0,,,,
652,08_C_57_27,PKM_C_GKM_Korisapadu,Kirthipadu,,,,0,,,,
653,08_C_57_27,PKM_C_GKM_Korisapadu,Kothakota,,,,0,,,,
654,08_C_57_27,PKM_C_GKM_Korisapadu,Nidamanuru,,,,0,,,,
655,08_C_57_27,PKM_C_GKM_Korisapadu,Chadalawada,,,,0,,,,
656,08_C_57_27,PKM_C_GKM_Korisapadu,Chervanuppalapadu,,,,0,,,,
657,08_C_57_27,PKM_C_GKM_Korisapadu,Ammanabrolu,,,,0,,,,
658,08_C_57_8,PKM_C-GKM_ARDHAVEEDU,Pedakandukuru,,0,,0,,,,
659,08_C_57_8,PKM_C-GKM_ARDHAVEEDU,Ayyavaripalli,,0,,0,,,,
660,08_C_57_8,PKM_C-GKM_ARDHAVEEDU,Donakonda,,0,,0,,,,
661,08_C_57_8,PKM_C-GKM_ARDHAVEEDU,Arthaveedu,,0,,0,,,,
662,08_C_57_8,PKM_C-GKM_ARDHAVEEDU,Papinenipalli,,0,,0,,,,
663,08_C_57_8,PKM_C-GKM_ARDHAVEEDU,Bollupalli,,0,,0,,,,
664,08_C_57_8,PKM_C-GKM_ARDHAVEEDU,Erragunta,,0,,0,,,,
665,08_C_57_8,PKM_C-GKM_ARDHAVEEDU,Bogulu,,0,,0,,,,
666,08_C_57_8,PKM_C-GKM_ARDHAVEEDU,Lingapuram,,0,,0,,,,
667,08_C_57_8,PKM_C-GKM_ARDHAVEEDU,Lingapuram Kandrika,,0,,0,,,,
668,08_C_57_8,PKM_C-GKM_ARDHAVEEDU,RF,,0,,0,,,,
669,08_C_56_45,PKM_C_Romperu_N.G.Padu,Pamidipadu,,,,0,,,,
670,08_C_56_45,PKM_C_Romperu_N.G.Padu,Prasangalapadu,,,,0,,,,
671,08_C_56_45,PKM_C_Romperu_N.G.Padu,Rachapudi,,,,0,,,,
672,08_C_56_45,PKM_C_Romperu_N.G.Padu,Pothavaram,,,,0,,,,
673,08_C_56_45,PKM_C_Romperu_N.G.Padu,Raparla,,,,0,,,,
674,08_C_56_45,PKM_C_Romperu_N.G.Padu,Machavaram,,,,0,,,,
675,08_C_56_45,PKM_C_Romperu_N.G.Padu,Naguluppalapadu,,,,0,,,,
676,08_C_56_45,PKM_C_Romperu_N.G.Padu,Kandlagunta,,,,0,,,,
677,08_C_56_45,PKM_C_Romperu_N.G.Padu,Uppugonduru,,,,0,,,,
678,08_C_56_45,PKM_C_Romperu_N.G.Padu,Mattigunta,,,,0,,,,
679,08_C_56_45,PKM_C_Romperu_N.G.Padu,Kanuparthi,,,,0,,,,
680,08_C_56_45,PKM_C_Romperu_N.G.Padu,Pedaganjam,,,,0,,,,
681,08-C-59-11,PKM-C-MUSI-K.K.MITLA,Pochamukkalapalli,,0,,0,,,,
682,08-C-59-11,PKM-C-MUSI-K.K.MITLA,Sangapuram,,0,,0,,,,
683,08-C-59-11,PKM-C-MUSI-K.K.MITLA,Kalavalapalli,,0,,0,,,,
684,08-C-59-11,PKM-C-MUSI-K.K.MITLA,Tellabadu,,0,,0,,,,
685,08-C-59-11,PKM-C-MUSI-K.K.MITLA,P.Kambhampadu,,0,,0,,,,
686,08-C-59-11,PKM-C-MUSI-K.K.MITLA,Ganimanapadu,,0,,0,,,,
687,08-C-59-11,PKM-C-MUSI-K.K.MITLA,Vagimadugu,,0,,0,,,,
688,08-C-59-11,PKM-C-MUSI-K.K.MITLA,Mummaipalem,,0,,0,,,,
689,08-C-59-11,PKM-C-MUSI-K.K.MITLA,Basavapuram,,0,,0,,,,
690,08-C-59-11,PKM-C-MUSI-K.K.MITLA,Munagapadu,,0,,0,,,,
691,08-C-59-11,PKM-C-MUSI-K.K.MITLA,Veligandla,,0,,0,,,,
692,08-C-59-11,PKM-C-MUSI-K.K.MITLA,Chintagunta,,0,,0,,,,
693,08-C-59-11,PKM-C-MUSI-K.K.MITLA,Buradapaelm,,0,,0,,,,
694,08-C-59-11,PKM-C-MUSI-K.K.MITLA,Ambapuram,,0,,0,,,,
695,08-C-59-11,PKM-C-MUSI-K.K.MITLA,Regumanupalli,,0,,0,,,,
696,08-C-59-11,PKM-C-MUSI-K.K.MITLA,Gurralamadugu,,0,,0,,,,
697,08-C-59-11,PKM-C-MUSI-K.K.MITLA,Garladenne,,0,,0,,,,
698,08-C-59-11,PKM-C-MUSI-K.K.MITLA,Marripalem,,0,,0,,,,
699,08-C-59-11,PKM-C-MUSI-K.K.MITLA,Vaddimadugu,,0,,0,,,,
700,08-C-59-11,PKM-C-MUSI-K.K.MITLA,Bodapadu,,0,,0,,,,
701,08-C-59-11,PKM-C-MUSI-K.K.MITLA,Aswarayunipalem,,0,,0,,,,
702,08-C-59-11,PKM-C-MUSI-K.K.MITLA,Edurrallapadu,,0,,0,,,,
703,08-C-59-11,PKM-C-MUSI-K.K.MITLA,K.K.Mitla,,0,,0,,,,
704,08-C-59-11,PKM-C-MUSI-K.K.MITLA,Katragunta,,0,,0,,,,
705,08-C-59-11,PKM-C-MUSI-K.K.MITLA,Tuvvapadu,,0,,0,,,,
706,08-C-59-11,PKM-C-MUSI-K.K.MITLA,Vinjavarthipadu,,0,,0,,,,
707,08-C-59-11,PKM-C-MUSI-K.K.MITLA,Salanutala,,0,,0,,,,
708,08-C-59-11,PKM-C-MUSI-K.K.MITLA,Nagampalli,,0,,0,,,,
709,08-C-59-11,PKM-C-MUSI-K.K.MITLA,Budamkayalapadu,,0,,0,,,,
710,08-C-59-11,PKM-C-MUSI-K.K.MITLA,Garimenapenta,,0,,0,,,,
711,08-C-59-11,PKM-C-MUSI-K.K.MITLA,Gajjalakonda,,0,,0,,,,
712,08-C-59-11,PKM-C-MUSI-K.K.MITLA,Igalapadu,,0,,0,,,,
713,08-C-59-11,PKM-C-MUSI-K.K.MITLA,Kesavabotlapalem,,0,,0,,,,
714,08-C-59-11,PKM-C-MUSI-K.K.MITLA,Pamulapadu,,0,,0,,,,
715,08-C-59-11,PKM-C-MUSI-K.K.MITLA,Kunchipalli,,0,,0,,,,
716,08-C-59-11,PKM-C-MUSI-K.K.MITLA,Dasallapalli,,0,,0,,,,
717,08-C-59-11,PKM-C-MUSI-K.K.MITLA,Ramulaveedu,,0,,0,,,,
718,08-C-59-11,PKM-C-MUSI-K.K.MITLA,Ganugapenta,,0,,0,,,,
719,08-C-59-11,PKM-C-MUSI-K.K.MITLA,Potalapadu,,0,,0,,,,
720,08-C-59-11,PKM-C-MUSI-K.K.MITLA,Kandallapalli,,0,,0,,,,
721,08-C-59-11,PKM-C-MUSI-K.K.MITLA,Ragasamudram,,0,,0,,,,
722,08-C-59-11,PKM-C-MUSI-K.K.MITLA,Kalujuvvalapadu,,0,,0,,,,
723,08-C-59-11,PKM-C-MUSI-K.K.MITLA,Jangamreddypalli,,0,,0,,,,
724,08-C-59-11,PKM-C-MUSI-K.K.MITLA,Obayapalli,,0,,0,,,,
725,08-C-59-11,PKM-C-MUSI-K.K.MITLA,Mangalakunta,,0,,0,,,,
726,08-C-59-11,PKM-C-MUSI-K.K.MITLA,Kondareddypalli,,0,,0,,,,
727,08-C-59-11,PKM-C-MUSI-K.K.MITLA,Lakshmakkapalli,,0,,0,,,,
728,08-C-60-39,PKM-C-PL-VELIGANDLA,Takkellapadu(k),,0,,0,,,,
729,08-C-60-39,PKM-C-PL-VELIGANDLA,P.nagulavaram,,0,,0,,,,
730,08-C-60-39,PKM-C-PL-VELIGANDLA,J.Narasayapalli,,0,,0,,,,
731,08-C-60-39,PKM-C-PL-VELIGANDLA,K.K.B.Kandrika,,0,,0,,,,
732,08-C-60-39,PKM-C-PL-VELIGANDLA,P.Rallapalli,,0,,0,,,,
733,08-C-60-39,PKM-C-PL-VELIGANDLA,Ganesunipalli,,0,,0,,,,
734,08-C-60-39,PKM-C-PL-VELIGANDLA,Panduva,,0,,0,,,,
735,08-C-60-39,PKM-C-PL-VELIGANDLA,G.Sitaramapuram,,0,,0,,,,
736,08-C-60-39,PKM-C-PL-VELIGANDLA,Gannavaram,,0,,0,,,,
737,08-C-60-39,PKM-C-PL-VELIGANDLA,Gurugupadu,,0,,0,,,,
738,08-C-60-39,PKM-C-PL-VELIGANDLA,Kankanampadu,,0,,0,,,,
739,08-C-60-39,PKM-C-PL-VELIGANDLA,K.Agraharam,,0,,0,,,,
740,08-C-60-39,PKM-C-PL-VELIGANDLA,Ballavaram,,0,,0,,,,
741,08-C-60-39,PKM-C-PL-VELIGANDLA,Perugupall,,0,,0,,,,
742,08-C-60-39,PKM-C-PL-VELIGANDLA,Hussainpuram,,0,,0,,,,
743,08-C-60-39,PKM-C-PL-VELIGANDLA,Bontaguntapalli,,0,,0,,,,
744,08-C-60-39,PKM-C-PL-VELIGANDLA,Mogulluru,,0,,0,,,,
745,08-C-60-39,PKM-C-PL-VELIGANDLA,Veligandla,,0,,0,,,,
746,08-C-60-39,PKM-C-PL-VELIGANDLA,Ramagopalapuram,,0,,0,,,,
747,08-C-60-39,PKM-C-PL-VELIGANDLA,Ramalingapuram,,0,,0,,,,
748,08-C-60-39,PKM-C-PL-VELIGANDLA,Immadicheruvu,,0,,0,,,,
749,08-C-60-39,PKM-C-PL-VELIGANDLA,Vedullacheruvu,,0,,0,,,,
750,08-C-60-39,PKM-C-PL-VELIGANDLA,Kotalapalli,,0,,0,,,,
751,08-C-60-40,PKM-C-PL-VELIGANDLA,RF,,,,0,,,,
752,08-C-57-35,Pkm_C-Gkm_Racherla,Errabalem,,,,0,,,,
753,08-C-57-35,Pkm_C-Gkm_Racherla,Ananthapalli,,,,0,,,,
754,08-C-57-35,Pkm_C-Gkm_Racherla,Turimella,,,,0,,,,
755,08-C-57-35,Pkm_C-Gkm_Racherla,Akaveedu,,,,0,,,,
756,08-C-57-35,Pkm_C-Gkm_Racherla,Venthurlapadu,,,,0,,,,
757,08-C-57-35,Pkm_C-Gkm_Racherla,Chinnaganipalli,,,,0,,,,
758,08-C-57-35,Pkm_C-Gkm_Racherla,Chollaveedu,,,,0,,,,
759,08-C-57-35,Pkm_C-Gkm_Racherla,J.P.Cheruvu,,,,0,,,,
760,08-C-57-35,Pkm_C-Gkm_Racherla,Anumalapalli,,,,0,,,,
761,08-C-57-35,Pkm_C-Gkm_Racherla,Racherla,,,,0,,,,
762,08-C-57-35,Pkm_C-Gkm_Racherla,Timmapuram,,,,0,,,,
763,08-C-57-35,Pkm_C-Gkm_Racherla,RF,,,,0,,,,
764,08-D-44-03,PKM-D-KRISHNA-PALUTLA,Palutla,,0,,0,,,,
765,08-D-44-03,PKM-D-KRISHNA-PALUTLA,Ponnalaboilu,,0,,0,,,,
766,08-D-44-03,PKM-D-KRISHNA-PALUTLA,Narutadikala,,0,,0,,,,
767,08-D-44-03,PKM-D-KRISHNA-PALUTLA,Alatam,,0,,0,,,,
768,08-D-44-03,PKM-D-KRISHNA-PALUTLA,Burugundla,,0,,0,,,,
769,08-D-44-03,PKM-D-KRISHNA-PALUTLA,Guttalacheruvu,,0,,0,,,,
770,08-D-44-03,PKM-D-KRISHNA-PALUTLA,Baipenta,,0,,0,,,,
771,08-D-44-03,PKM-D-KRISHNA-PALUTLA,Naidakkacherla,,0,,0,,,,
772,08-D-44-03,PKM-D-KRISHNA-PALUTLA,Resrve forest,,,,0,,,,
773,08_C_60_41,Pkm_C_PL_Ponnalulu,Rajavulapadu,,0.001,,0.001,,,,
774,08_C_60_41,Pkm_C_PL_Ponnalulu,Manginapadu,,0.001,,0.001,,,,
775,08_C_60_41,Pkm_C_PL_Ponnalulu,Chennipadu,,0.001,,0.001,,,,
776,08_C_60_41,Pkm_C_PL_Ponnalulu,P.B.puram,,0.001,,0.001,,,,
777,08_C_60_41,Pkm_C_PL_Ponnalulu,Ravulakollu,,0.001,,0.001,,,,
778,08_C_60_41,Pkm_C_PL_Ponnalulu,Uppaladinna,,0.001,,0.001,,,,
779,08_C_60_41,Pkm_C_PL_Ponnalulu,Vempadu,,0.001,,0.001,,,,
780,08_C_60_41,Pkm_C_PL_Ponnalulu,Vellaturu,,0.001,,0.001,,,,
781,08_C_60_41,Pkm_C_PL_Ponnalulu,Ponnaluru,,0.001,,0.001,,,,
782,08_C_60_41,Pkm_C_PL_Ponnalulu,P.G.Kandrika,,0.001,,0.001,,,,
783,08_C_60_41,Pkm_C_PL_Ponnalulu,Cherukuru,,0.001,,0.001,,,,
784,08_C_60_41,Pkm_C_PL_Ponnalulu,Boganampadu,,0.001,,0.001,,,,
785,08_C_60_41,Pkm_C_PL_Ponnalulu,Malepadu,,0.001,,0.001,,,,
786,08_C_60_41,Pkm_C_PL_Ponnalulu,Lingamguntla,,0.001,,0.001,,,,
787,08_C_60_41,Pkm_C_PL_Ponnalulu,Veerannapalem,,0.001,,0.001,,,,
788,08-C-60-49,PKM-C-PL-JARUGUMALLI,Tangella,,,,0,,,,
789,08-C-60-49,PKM-C-PL-JARUGUMALLI,Ayyaparajupalem,,,,0,,,,
790,08-C-60-49,PKM-C-PL-JARUGUMALLI,Tangutur,,,,0,,,,
791,08-C-60-49,PKM-C-PL-JARUGUMALLI,Velagapudi,,,,0,,,,
792,08-C-60-49,PKM-C-PL-JARUGUMALLI,Jayavaram,,,,0,,,,
793,08-C-60-49,PKM-C-PL-JARUGUMALLI,P.M.kandrika-1,,,,0,,,,
794,08-C-60-49,PKM-C-PL-JARUGUMALLI,N.N.Kandrika,,,,0,,,,
795,08-C-60-49,PKM-C-PL-JARUGUMALLI,Vardhinenipalem,,,,0,,,,
796,08-C-60-49,PKM-C-PL-JARUGUMALLI,Pachhava,,,,0,,,,
797,08-C-60-49,PKM-C-PL-JARUGUMALLI,K-Agraharam,,,,0,,,,
798,08-C-60-49,PKM-C-PL-JARUGUMALLI,Kamepalli,,,,0,,,,
799,08-C-60-49,PKM-C-PL-JARUGUMALLI,Chathukapadu,,,,0,,,,
800,08-C-60-49,PKM-C-PL-JARUGUMALLI,I.M.Kandrika,,,,0,,,,
801,08-C-60-49,PKM-C-PL-JARUGUMALLI,Pydipadu,,,,0,,,,
802,08-C-60-49,PKM-C-PL-JARUGUMALLI,Ramachandrapuram,,,,0,,,,
803,08-C-60-49,PKM-C-PL-JARUGUMALLI,N.M.V.Kandrika,,,,0,,,,
804,08-C-60-49,PKM-C-PL-JARUGUMALLI,Narasingolu,,,,0,,,,
805,08-C-60-49,PKM-C-PL-JARUGUMALLI,Chirukurapadu,,,,0,,,,
806,08-C-60-49,PKM-C-PL-JARUGUMALLI,Davagudur,,,,0,,,,
807,08-C-60-49,PKM-C-PL-JARUGUMALLI,P.G.Kandrika,,,,0,,,,
808,08-C-60-49,PKM-C-PL-JARUGUMALLI,Jarugumalli,,,,0,,,,
809,08-C-60-49,PKM-C-PL-JARUGUMALLI,Vaviletipadu,,,,0,,,,
810,08-C-60-39(31),PKM-C-PL-BALLIPALLI,Viranchipuram,,,,0,,,,
811,08-C-60-39(31),PKM-C-PL-BALLIPALLI,Pd.Gogulapalli,,,,0,,,,
812,08-C-60-39(31),PKM-C-PL-BALLIPALLI,Jammalamadaka,,,,0,,,,
813,08-C-60-39(31),PKM-C-PL-BALLIPALLI,Vangapadu,,,,0,,,,
814,08-C-60-39(31),PKM-C-PL-BALLIPALLI,Krishnapuram,,,,0,,,,
815,08-C-60-39(31),PKM-C-PL-BALLIPALLI,Guravajipeta,,,,0,,,,
816,08-C-60-39(31),PKM-C-PL-BALLIPALLI,Chirladinne,,,,0,,,,
817,08-C-60-39(31),PKM-C-PL-BALLIPALLI,Vijayagopalapuram,,,,0,,,,
818,08-C-60-39(31),PKM-C-PL-BALLIPALLI,Balavenkatapuram,,,,0,,,,
819,08-C-60-39(31),PKM-C-PL-BALLIPALLI,Ballipalli,,,,0,,,,
820,08-C-60-39(31),PKM-C-PL-BALLIPALLI,Umamaheswarapuram,,,,0,,,,
821,08-C-60-39(31),PKM-C-PL-BALLIPALLI,Raviguntapalli,,,,0,,,,
822,08-C-60-39(31),PKM-C-PL-BALLIPALLI,Chodavaram,,,,0,,,,
823,08-C-60-39(31),PKM-C-PL-BALLIPALLI,Marapaguntla,,,,0,,,,
824,08-C-60-39(31),PKM-C-PL-BALLIPALLI,Nagireddipalle,,,,0,,,,
825,08-C-60-39(31),PKM-C-PL-BALLIPALLI,RF,,,,0,,,,
826,08_C_70_37,PKM_C_Sagileru_Komarolu,Nallaguntla,,,,0,,,,
827,08_C_70_37,PKM_C_Sagileru_Komarolu,Rajupalem,,,,0,,,,
828,08_C_70_37,PKM_C_Sagileru_Komarolu,G.Moranaipalli,,,,0,,,,
829,08_C_70_37,PKM_C_Sagileru_Komarolu,Vennampalli,,,,0,,,,
830,08_C_70_37,PKM_C_Sagileru_Komarolu,Lingareddypalli,,,,0,,,,
831,08_C_70_37,PKM_C_Sagileru_Komarolu,Krishnampalli,,,,0,,,,
832,08_C_70_37,PKM_C_Sagileru_Komarolu,Idamakallu,,,,0,,,,
833,08_C_70_37,PKM_C_Sagileru_Komarolu,Pullareddypalli,,,,0,,,,
834,08_C_70_37,PKM_C_Sagileru_Komarolu,Chintalapalli,,,,0,,,,
835,08_C_70_37,PKM_C_Sagileru_Komarolu,Komarole,,,,0,,,,
836,08_C_70_37,PKM_C_Sagileru_Komarolu,Badinenipalli,,,,0,,,,
837,08_C_70_37,PKM_C_Sagileru_Komarolu,Ramavaripalli,,,,0,,,,
838,08_C_70_37,PKM_C_Sagileru_Komarolu,Suravaripalli,,,,0,,,,
839,08_C_70_37,PKM_C_Sagileru_Komarolu,Mottupalli,,,,0,,,,
840,08_C_70_37,PKM_C_Sagileru_Komarolu,Bedusupalli,,,,0,,,,
841,08_C_70_37,PKM_C_Sagileru_Komarolu,Brahmanapalli,,,,0,,,,
842,08_C_70_37,PKM_C_Sagileru_Komarolu,Reddicherla,,,,0,,,,
843,08_C_70_37,PKM_C_Sagileru_Komarolu,Podilikondapalli,,,,0,,,,
844,08_C_70_37,PKM_C_Sagileru_Komarolu,forest&hilly area,,,,0,,,,
845,08-C-57-06,PKM-C-GKM-PEDDARAVEEDU,Pedanagulavaram,,,,0,,,,
846,08-C-57-06,PKM-C-GKM-PEDDARAVEEDU,Vemulakota,,,,0,,,,
847,08-C-57-06,PKM-C-GKM-PEDDARAVEEDU,Idupur,,,,0,,,,
848,08-C-57-06,PKM-C-GKM-PEDDARAVEEDU,Nikarampalli,,,,0,,,,
849,08-C-57-06,PKM-C-GKM-PEDDARAVEEDU,Jammanapalli,,,,0,,,,
850,08-C-57-06,PKM-C-GKM-PEDDARAVEEDU,Kalabheemunipadu,,,,0,,,,
851,08-C-57-06,PKM-C-GKM-PEDDARAVEEDU,Akkacheruvu,,,,0,,,,
852,08-C-57-06,PKM-C-GKM-PEDDARAVEEDU,Gottipadia,,,,0,,,,
853,08-C-57-06,PKM-C-GKM-PEDDARAVEEDU,Devarajugattu,,,,0,,,,
854,08-C-57-06,PKM-C-GKM-PEDDARAVEEDU,Kothapalli,,,,0,,,,
855,08-C-57-06,PKM-C-GKM-PEDDARAVEEDU,Gobbur,,,,0,,,,
856,08-C-57-06,PKM-C-GKM-PEDDARAVEEDU,Tangirallapalli,,,,0,,,,
857,08-C-57-06,PKM-C-GKM-PEDDARAVEEDU,Cumbumpadu,,,,0,,,,
858,08-C-57-06,PKM-C-GKM-PEDDARAVEEDU,Peddaraveedu,,,,0,,,,
859,08-C-57-06,PKM-C-GKM-PEDDARAVEEDU,Sunkesula,,,,0,,,,
860,08-C-57-06,PKM-C-GKM-PEDDARAVEEDU,Kalanuthala,,,,0,,,,
861,08-C-57-06,PKM-C-GKM-PEDDARAVEEDU,RF,,,,0,,,,
862,08-c-61-53,PKM-C-MN-L.Samudram,Kalavalla,,0,,0,,,,
863,08-c-61-53,PKM-C-MN-L.Samudram,Bodavada,,0,,0,,,,
864,08-c-61-53,PKM-C-MN-L.Samudram,Renimadugu,,0,,0,,,,
865,08-c-61-53,PKM-C-MN-L.Samudram,Mogilicherla,,0,,0,,,,
866,08-c-61-53,PKM-C-MN-L.Samudram,J.R.Kandrika,,0,,0,,,,
867,08-c-61-53,PKM-C-MN-L.Samudram,Vengalapuram,,0,,0,,,,
868,08-c-61-53,PKM-C-MN-L.Samudram,Muktheswaram,,0,,0,,,,
869,08-c-61-53,PKM-C-MN-L.Samudram,Malakondarayunipalem,,0,,0,,,,
870,08-c-61-53,PKM-C-MN-L.Samudram,V.R.Kota,,0,,0,,,,
871,08-c-61-53,PKM-C-MN-L.Samudram,Viswanathapuram,,0,,0,,,,
872,08-c-61-53,PKM-C-MN-L.Samudram,Thimmareddypalem,,0,,0,,,,
873,08-c-61-53,PKM-C-MN-L.Samudram,LingaSamudram,,0,,0,,,,
874,08-c-61-53,PKM-C-MN-L.Samudram,Narasimhapuram,,0,,0,,,,
875,08-c-61-53,PKM-C-MN-L.Samudram,Racheruvurajupalem,,0,,0,,,,
876,08-c-61-53,PKM-C-MN-L.Samudram,Pentralla,,0,,0,,,,
877,08-c-61-53,PKM-C-MN-L.Samudram,Chimalapenta,,0,,0,,,,
878,08-c-61-53,PKM-C-MN-L.Samudram,Gangapalem,,0,,0,,,,
879,08-c-61-53,PKM-C-MN-L.Samudram,T.Rajupalem,,0,,0,,,,
880,08-c-61-53,PKM-C-MN-L.Samudram,Tunugunta,,0,,0,,,,
881,08_C_59_12,PKM_C_Musi_Podili,Nagarajukunta,,0,,0,,,,
882,08_C_59_12,PKM_C_Musi_Podili,Veerabhadrapuram,,0,,0,,,,
883,08_C_59_12,PKM_C_Musi_Podili,Siddavaram,,0,,0,,,,
884,08_C_59_12,PKM_C_Musi_Podili,Bachchalakurapadu,,0,,0,,,,
885,08_C_59_12,PKM_C_Musi_Podili,Chinarikatla,,0,,0,,,,
886,08_C_59_12,PKM_C_Musi_Podili,Irasalagundam,,0,,0,,,,
887,08_C_59_12,PKM_C_Musi_Podili,Mallavaram,,0,,0,,,,
888,08_C_59_12,PKM_C_Musi_Podili,Zuvvaleru,,0,,0,,,,
889,08_C_59_12,PKM_C_Musi_Podili,Sudanagunta,,0,,0,,,,
890,08_C_59_12,PKM_C_Musi_Podili,Tummagunta,,0,,0,,,,
891,08_C_59_12,PKM_C_Musi_Podili,Kondayapalem,,0,,0,,,,
892,08_C_59_12,PKM_C_Musi_Podili,Salakanuthala,,0,,0,,,,
893,08_C_59_12,PKM_C_Musi_Podili,Mugachintala,,0,,0,,,,
894,08_C_59_12,PKM_C_Musi_Podili,Dondaleru,,0,,0,,,,
895,08_C_59_12,PKM_C_Musi_Podili,Obulakkapalli,,0,,0,,,,
896,08_C_59_12,PKM_C_Musi_Podili,Kambalapadu,,0,,0,,,,
897,08_C_59_12,PKM_C_Musi_Podili,Jahulapuram,,0,,0,,,,
898,08_C_59_12,PKM_C_Musi_Podili,Nandipalem,,0,,0,,,,
899,08_C_59_12,PKM_C_Musi_Podili,Ramayakandrika,,0,,0,,,,
900,08_C_59_12,PKM_C_Musi_Podili,Madalavaripalem,,0,,0,,,,
901,08_C_59_12,PKM_C_Musi_Podili,Akkacheruvu,,0,,0,,,,
902,08_C_59_12,PKM_C_Musi_Podili,Podili,,0,,0,,,,
903,08_C_59_12,PKM_C_Musi_Podili,Nimmavaram,,0,,0,,,,
904,08_C_59_12,PKM_C_Musi_Podili,Tigadurthipadu,,0,,0,,,,
905,08_C_59_12,PKM_C_Musi_Podili,Amudalapalli,,0,,0,,,,
906,08_C_59_12,PKM_C_Musi_Podili,Annavaram,,0,,0,,,,
907,08_C_59_12,PKM_C_Musi_Podili,Chintagumpalli,,0,,0,,,,
908,08_C__57_34,PKM-C-GKM-CUMBUM,Gannepalli,,0,,0,,,,
909,08_C__57_34,PKM-C-GKM-CUMBUM,Kakarla,,0,,0,,,,
910,08_C__57_34,PKM-C-GKM-CUMBUM,Maguturu,,0,,0,,,,
911,08_C__57_34,PKM-C-GKM-CUMBUM,P.Basireddypalli,,0,,0,,,,
912,08_C__57_34,PKM-C-GKM-CUMBUM,Velagalapaya,,0,,0,,,,
913,08_C__57_35,PKM-C-GKM-CUMBUM,Chinthalapalem,,0,,0,,,,
914,08_C__57_34,PKM-C-GKM-CUMBUM,Aurangabad,,0,,0,,,,
915,08_C__57_34,PKM-C-GKM-CUMBUM,Cumbum,,0,,0,,,,
916,08_C__57_34,PKM-C-GKM-CUMBUM,Hajarat gudem,,0,,0,,,,
917,08_C__57_34,PKM-C-GKM-CUMBUM,Jangamguntla,,0,,0,,,,
918,08_C__57_34,PKM-C-GKM-CUMBUM,Kagitalagudem,,0,,0,,,,
919,08_C__57_34,PKM-C-GKM-CUMBUM,Kandulapuram,,0,,0,,,,
920,08_C__57_34,PKM-C-GKM-CUMBUM,Lanjakota,,0,,0,,,,
921,08_C__57_34,PKM-C-GKM-CUMBUM,Nadimpalli,,0,,0,,,,
922,08_C__57_34,PKM-C-GKM-CUMBUM,Badekhanpet,,0,,0,,,,
923,08_C__57_34,PKM-C-GKM-CUMBUM,Bhupathipalli,,0,,0,,,,
924,08_C__57_34,PKM-C-GKM-CUMBUM,Bondalapadu,,0,,0,,,,
925,08_C__57_34,PKM-C-GKM-CUMBUM,Chintakunta,,0,,0,,,,
926,08_C__57_34,PKM-C-GKM-CUMBUM,Malyavanthunipadu,,0,,0,,,,
927,08_C__57_34,PKM-C-GKM-CUMBUM,Tippayapalem,,0,,0,,,,
928,08_C__57_34,PKM-C-GKM-CUMBUM,RF,,0,,0,,,,
929,08_C_57_09,PKM_C_GKM_Markapuram(NC),Pedaobinenipalli,,0,,0,,,,
930,08_C_57_09,PKM_C_GKM_Markapuram(NC),Retlapalli,,0,,0,,,,
931,08_C_57_09,PKM_C_GKM_Markapuram(NC),Pothavaram,,0,,0,,,,
932,08_C_57_09,PKM_C_GKM_Markapuram(NC),Pedayachavaram,,0,,0,,,,
933,08_C_57_09,PKM_C_GKM_Markapuram(NC),Rayavaram,,0,,0,,,,
934,08_C_57_09,PKM_C_GKM_Markapuram(NC),Goguladinne,,0,,0,,,,
935,08_C_57_09,PKM_C_GKM_Markapuram(NC),Markapur,,10,,10,,,,
936,08_C_57_09,PKM_C_GKM_Markapuram(NC),Narasimhapuram,,0,,0,,,,
937,08_C_57_09,PKM_C_GKM_Markapuram(NC),Krishnapuram,,0,,0,,,,
938,08_C_57_09,PKM_C_GKM_Markapuram(NC),Yellapuram,,0,,0,,,,
939,08_C_57_09,PKM_C_GKM_Markapuram(NC),Sivarampuram,,0,,0,,,,
940,08_C_57_09,PKM_C_GKM_Markapuram(NC),Goruguntalapadu,,0,,0,,,,
941,08_C_57_09,PKM_C_GKM_Markapuram(NC),Sitanagulavaram,,0,,0,,,,
942,08_C_57_09,PKM_C_GKM_Markapuram(NC),Surepalli,,0,,0,,,,
943,08_C_57_09,PKM_C_GKM_Markapuram(NC),Kethagudipi,,0,,0,,,,
944,08_C_57_09,PKM_C_GKM_Markapuram(NC),Tummalacheruvu,,0,,0,,,,
945,08_C_57_09,PKM_C_GKM_Markapuram(NC),Tellapadu,,0,,0,,,,
946,08_C_57_09,PKM_C_GKM_Markapuram(NC),Tarlupadu,,0,,0,,,,
947,08_C_57_09,PKM_C_GKM_Markapuram(NC),Karumanupalli,,0,,0,,,,
948,08_C_57_09,PKM_C_GKM_Markapuram(NC),Meerjapet,,0,,0,,,,
949,08_C_57_09,PKM_C_GKM_Markapuram(NC),Gollapalli,,0,,0,,,,
950,08_C_57_09,PKM_C_GKM_Markapuram(NC),Rolagampadu,,0,,0,,,,
951,08_C_57_09,PKM_C_GKM_Markapuram(NC),Fatehpuram,,0,,0,,,,
952,08_C_57_09,PKM_C_GKM_Markapuram(NC),Nagandlamudipi,,0,,0,,,,
953,08_C_57_09,PKM_C_GKM_Markapuram(NC),Chennareddypalli,,0,,0,,,,
954,08_C_57_09,PKM_C_GKM_Markapuram(NC),Tadivaripalli,,0,,0,,,,
955,08_C_57_09,PKM_C_GKM_Markapuram(NC),Jagannadhapuram,,0,,0,,,,
956,08_C_57_10,PKM_C_GKM_Markapuram(NC),RF,,,,0,,,,
957,08-C-61-50,PKM-C-MN-KANDUKUR,Lakshmakkapalli,,0.001,,0.001,,,,
958,08-C-61-50,PKM-C-MN-KANDUKUR,Chowtapalem,,0.001,,0.001,,,,
959,08-C-61-50,PKM-C-MN-KANDUKUR,Ippagunta,,0.001,,0.001,,,,
960,08-C-61-50,PKM-C-MN-KANDUKUR,Venkannapalem,,0.001,,0.001,,,,
961,08-C-61-50,PKM-C-MN-KANDUKUR,Yedluripadu,,0.001,,0.001,,,,
962,08-C-61-50,PKM-C-MN-KANDUKUR,Anantasagaram,,0.001,,0.001,,,,
963,08-C-61-50,PKM-C-MN-KANDUKUR,Mahadevapuram,,0.001,,0.001,,,,
964,08-C-61-50,PKM-C-MN-KANDUKUR,Oguru,,0.001,,0.001,,,,
965,08-C-61-50,PKM-C-MN-KANDUKUR,Kandukuru,,0.001,,0.001,,,,
966,08-C-61-50,PKM-C-MN-KANDUKUR,Kancharagunta,,0.001,,0.001,,,,
967,08-C-61-50,PKM-C-MN-KANDUKUR,Kondamudusupalem,,0.001,,0.001,,,,
968,08-C-61-50,PKM-C-MN-KANDUKUR,Anandapuram,,0.001,,0.001,,,,
969,08-C-61-50,PKM-C-MN-KANDUKUR,Mopadu,,0.001,,0.001,,,,
970,08-C-61-50,PKM-C-MN-KANDUKUR,Machavaram,,0.001,,0.001,,,,
971,08-C-61-50,PKM-C-MN-KANDUKUR,Madhanagopalapuram,,0.001,,0.001,,,,
972,08-C-61-50,PKM-C-MN-KANDUKUR,Paluru,,0.001,,0.001,,,,
973,08-C-61-50,PKM-C-MN-KANDUKUR,Dondapadu,,0.001,,0.001,,,,
974,08-C-61-50,PKM-C-MN-KANDUKUR,Polinenicheruvu,,0.001,,0.001,,,,
975,08-C-61-50,PKM-C-MN-KANDUKUR,Ramachandrapuram,,0.001,,0.001,,,,
976,08-C-61-50,PKM-C-MN-KANDUKUR,Navabpalem,,0.001,,0.001,,,,
977,08-C-61-50,PKM-C-MN-KANDUKUR,Polinenipalem,,0.001,,0.001,,,,
978,08-C-61-50,PKM-C-MN-KANDUKUR,v.v.palem,,0.001,,0.001,,,,
979,08-C-61-50,PKM-C-MN-KANDUKUR,Chundi,,0.001,,0.001,,,,
980,08-C-61-50,PKM-C-MN-KANDUKUR,Ramalingapuram,,0.001,,0.001,,,,
981,08-C-61-50,PKM-C-MN-KANDUKUR,Ayyavaripalli,,0.001,,0.001,,,,
982,08-C-61-50,PKM-C-MN-KANDUKUR,Z-uppalapadu,,0.001,,0.001,,,,
983,08-C-61-50,PKM-C-MN-KANDUKUR,Kondasamudram,,0.001,,0.001,,,,
984,08-C-61-50,PKM-C-MN-KANDUKUR,Sameerapalem,,0.001,,0.001,,,,
985,08-C-61-50,PKM-C-MN-KANDUKUR,Pokuru,,0.001,,0.001,,,,
986,08-C-61-50,PKM-C-MN-KANDUKUR,Nukavaram,,0.001,,0.001,,,,
987,08-C-61-50,PKM-C-MN-KANDUKUR,Kakuturu,,0.001,,0.001,,,,
988,08-C-61-50,PKM-C-MN-KANDUKUR,K.V.Kandrika,,0.001,,0.001,,,,
989,08-C-61-50,PKM-C-MN-KANDUKUR,Singamanenipalli,,,,0,,,,
990,08-C-61-50,PKM-C-MN-KANDUKUR,Kondareddypalem,,,,0,,,,
991,08-C-61-50,PKM-C-MN-KANDUKUR,Naladalapuru,,,,0,,,,
992,08-C-61-50,PKM-C-MN-KANDUKUR,Sakhavaram,,,,0,,,,
993,08-C-61-50,PKM-C-MN-KANDUKUR,P.Agraharam,,,,0,,,,
994,08-C-61-50,PKM-C-MN-KANDUKUR,Parakondapadu,,,,0,,,,
995,08-C-61-50,PKM-C-MN-KANDUKUR,Doppalampadu,,,,0,,,,
996,08-C-61-50,PKM-C-MN-KANDUKUR,Atmakuru,,,,0,,,,
997,08-C-61-50,PKM-C-MN-KANDUKUR,Binginapalli,,,,0,,,,
998,08-C-61-50,PKM-C-MN-KANDUKUR,Sanampudi,,,,0,,,,
999,08-C-57-07,PKM-C-GKM-DORNALA,Obulakkalapalli,,,,0,,,,
1000,08-C-57-07,PKM-C-GKM-DORNALA,Thokapalli,,,,0,,,,
1001,08-C-57-07,PKM-C-GKM-DORNALA,Chatlamitta,,,,0,,,,
1002,08-C-57-07,PKM-C-GKM-DORNALA,Badveedu,,,,0,,,,
1003,08-C-57-07,PKM-C-GKM-DORNALA,Pragallapadu,,,,0,,,,
1004,08-C-57-07,PKM-C-GKM-DORNALA,Sanikavaram,,,,0,,,,
1005,08-C-57-07,PKM-C-GKM-DORNALA,Boyanagumpala,,,,0,,,,
1006,08-C-57-07,PKM-C-GKM-DORNALA,Aambapuram,,,,0,,,,
1007,08-C-57-07,PKM-C-GKM-DORNALA,Dornala,,,,0,,,,
1008,08-C-57-07,PKM-C-GKM-DORNALA,Nallaguntla,,,,0,,,,
1009,08-C-57-07,PKM-C-GKM-DORNALA,Y-cherlopalli,,,,0,,,,
1010,08-C-57-07,PKM-C-GKM-DORNALA,Yadavalli,,,,0,,,,
1011,08-C-57-07,PKM-C-GKM-DORNALA,Ainamukkala,,,,0,,,,
1012,08-C-57-07,PKM-C-GKM-DORNALA,Pedabommalapuram,,,,0,,,,
1013,08-C-57-07,PKM-C-GKM-DORNALA,Chinadornala,,,,0,,,,
1014,08-C-57-07,PKM-C-GKM-DORNALA,Katakanipalli,,,,0,,,,
1015,08-C-57-07,PKM-C-GKM-DORNALA,Chinthala(RF),,,,0,,,,
1016,08-C-57-07,PKM-C-GKM-DORNALA,Tummalabayalu(RF),,,,0,,,,
1017,08-C-57-07,PKM-C-GKM-DORNALA,Peddachama(RF),,,,0,,,,
1018,08-C-57-07,PKM-C-GKM-DORNALA,Rollapenta(RF),,,,0,,,,
1019,08-C-57-07,PKM-C-GKM-DORNALA,Chinnamanthanala(RF),,,,0,,,,
1020,08-C-57-07,PKM-C-GKM-DORNALA,Peddamanthanala(RF),,,,0,,,,
1021,08-C-57-07,PKM-C-GKM-DORNALA,Nallaguntlagudam(RF),,,,0,,,,
1022,08-C-57-07,PKM-C-GKM-DORNALA,Chilakacherla(RF),,,,0,,,,
1023,08-C-57-07,PKM-C-GKM-DORNALA,Marripalem(RF),,,,0,,,,
1024,08-C-57-07,PKM-C-GKM-DORNALA,Lingamvaripalle,,,,0,,,,
1025,08-C-57-08,PKM-C-GKM-DORNALA,RF,,,,0,,,,
1026,08-C-61-54,PKM-C-MN-GUDLURU,Anneboinapalli,,0.001,,0.001,,,,
1027,08-C-61-54,PKM-C-MN-GUDLURU,Chinna Pavani,,0.001,,0.001,,,,
1028,08-C-61-54,PKM-C-MN-GUDLURU,Mutyalampadu,,0.001,,0.001,,,,
1029,08-C-61-54,PKM-C-MN-GUDLURU,Gudlapalem,,0.001,,0.001,,,,
1030,08-C-61-54,PKM-C-MN-GUDLURU,Kothapet,,0.001,,0.001,,,,
1031,08-C-61-54,PKM-C-MN-GUDLURU,Gudluru,,0.001,,0.001,,,,
1032,08-C-61-54,PKM-C-MN-GUDLURU,Basireddypalem,,0.001,,0.001,,,,
1033,08-C-61-54,PKM-C-MN-GUDLURU,Dharakanipadu,,0.001,,0.001,,,,
1034,08-C-61-54,PKM-C-MN-GUDLURU,Puretipalli,,0.001,,0.001,,,,
1035,08-C-61-54,PKM-C-MN-GUDLURU,Venkampeta,,0.001,,0.001,,,,
1036,08-C-61-54,PKM-C-MN-GUDLURU,Chinna latrapi,,0.001,,0.001,,,,
1037,08-C-61-54,PKM-C-MN-GUDLURU,Nayudupalem,,0.001,,0.001,,,,
1038,08-C-61-54,PKM-C-MN-GUDLURU,Baddipudi,,0.001,,0.001,,,,
1039,08-C-60-31,PKM-C-PL-KANIGIRI,Peddarikatla,,,,0,,,,
1040,08-C-60-31,PKM-C-PL-KANIGIRI,G.Mekapadu,,,,0,,,,
1041,08-C-60-31,PKM-C-PL-KANIGIRI,Ganugupenta,,,,0,,,,
1042,08-C-60-31,PKM-C-PL-KANIGIRI,Baduguleru,,,,0,,,,
1043,08-C-60-31,PKM-C-PL-KANIGIRI,Challagirigala,,,,0,,,,
1044,08-C-60-31,PKM-C-PL-KANIGIRI,Dirisavancha,,,,0,,,,
1045,08-C-60-31,PKM-C-PL-KANIGIRI,Yadavalli,,,,0,,,,
1046,08-C-60-31,PKM-C-PL-KANIGIRI,P.P.kandrika,,,,0,,,,
1047,08-C-60-31,PKM-C-PL-KANIGIRI,Kanchipuram,,,,0,,,,
1048,08-C-60-31,PKM-C-PL-KANIGIRI,Punugodu,,,,0,,,,
1049,08-C-60-31,PKM-C-PL-KANIGIRI,Kanigiri,,,,0,,,,
1050,08-C-60-31,PKM-C-PL-KANIGIRI,Thummagunta,,,,0,,,,
1051,08-C-60-31,PKM-C-PL-KANIGIRI,Chakirala,,,,0,,,,
1052,08-C-60-31,PKM-C-PL-KANIGIRI,Sankavaram,,,,0,,,,
1053,08-C-60-31,PKM-C-PL-KANIGIRI,Somanipalli,,,,0,,,,
1054,08-C-60-31,PKM-C-PL-KANIGIRI,Bommireddypalli,,,,0,,,,
1055,08-C-60-31,PKM-C-PL-KANIGIRI,Gudipadu,,,,0,,,,
1056,08-C-60-31,PKM-C-PL-KANIGIRI,Tallur,,,,0,,,,
1057,08-C-60-31,PKM-C-PL-KANIGIRI,Hajeespuram,,,,0,,,,
1058,08-C-60-31,PKM-C-PL-KANIGIRI,Kodigudlapadu,,,,0,,,,
1059,08-C-60-31,PKM-C-PL-KANIGIRI,Chinaeerlapadu,,,,0,,,,
1060,08-C-60-31,PKM-C-PL-KANIGIRI,Peramgudipadu,,,,0,,,,
1061,08-C-60-31,PKM-C-PL-KANIGIRI,Polavaram,,,,0,,,,
1062,08-C-60-31,PKM-C-PL-KANIGIRI,Nimmamaheswarapuram,,,,0,,,,
1063,08-C-60-31,PKM-C-PL-KANIGIRI,Kalagatla,,,,0,,,,
1064,08-C-60-31,PKM-C-PL-KANIGIRI,Gosulaveedu,,,,0,,,,
1065,08-C-60-31,PKM-C-PL-KANIGIRI,Ayyannapalem,,,,0,,,,
1066,08-C-60-31,PKM-C-PL-KANIGIRI,Rachagundlapadu,,,,0,,,,
1067,08-C-60-31,PKM-C-PL-KANIGIRI,Lingojipuram,,,,0,,,,
1068,08-C-60-31,PKM-C-PL-KANIGIRI,Chinaalavalapadu,,,,0,,,,
1069,08-C-60-31,PKM-C-PL-KANIGIRI,Chennakesavapuram,,,,0,,,,
1070,08-C-60-31,PKM-C-PL-KANIGIRI,Vemavaram,,,,0,,,,
1071,08-C-60-31,PKM-C-PL-KANIGIRI,Ramachandrapuram,,,,0,,,,
1072,08-C-60-31,PKM-C-PL-KANIGIRI,Garlapeta,,,,0,,,,
1073,08-C-60-31,PKM-C-PL-KANIGIRI,Vankamarripalem,,,,0,,,,
1074,08-C-60-31,PKM-C-PL-KANIGIRI,Gogulapally,,,,0,,,,
1075,08-C-60-31,PKM-C-PL-KANIGIRI,Z.Mekapadu,,,,0,,,,
1076,08-C-60-31,PKM-C-PL-KANIGIRI,Kotapadu,,,,0,,,,
1077,08_C_56_33,PKM_C_GKM_B.PETA,J-Krishnapuram,,,,0,,,,
1078,08_C_56_33,PKM_C_GKM_B.PETA,Vandutla,,,,0,,,,
1079,08_C_56_33,PKM_C_GKM_B.PETA,Poosalapadu,,,,0,,,,
1080,08_C_56_33,PKM_C_GKM_B.PETA,Papayapalli,,,,0,,,,
1081,08_C_56_33,PKM_C_GKM_B.PETA,B.pet,,,,0,,,,
1082,08_C_56_33,PKM_C_GKM_B.PETA,Somavarapupet,,,,0,,,,
1083,08_C_56_33,PKM_C_GKM_B.PETA,Nekunambad,,,,0,,,,
1084,08_C_56_33,PKM_C_GKM_B.PETA,D-krishnapuram,,,,0,,,,
1085,08_C_56_33,PKM_C_GKM_B.PETA,Mokshagundam,,,,0,,,,
1086,08_C_56_33,PKM_C_GKM_B.PETA,Porumamillapalli,,,,0,,,,
1087,08_C_56_33,PKM_C_GKM_B.PETA,Chinna Cumbum,,,,0,,,,
1088,08_C_56_33,PKM_C_GKM_B.PETA,Madhavapuram,,,,0,,,,
1089,08_C_56_33,PKM_C_GKM_B.PETA,Somidevipalli,,,,0,,,,
1090,08_C_56_33,PKM_C_GKM_B.PETA,Palakaveedu,,,,0,,,,
1091,08_C_56_33,PKM_C_GKM_B.PETA,D-gurvayapalli,,,,0,,,,
1092,08_C_56_33,PKM_C_GKM_B.PETA,Gudimetta,,,,0,,,,
1093,08_C_56_33,PKM_C_GKM_B.PETA,Bhoopanaguntla,,,,0,,,,
1094,08_C_56_33,PKM_C_GKM_B.PETA,Yadavalli,,,,0,,,,
1095,08_C_56_33,PKM_C_GKM_B.PETA,RF,,,,0,,,,
1096,08_C_56_33,PKM_C_GKM_B.PETA,Tripurapuram,,,,0,,,,
1097,08_C_56_33,PKM_C_GKM_B.PETA,Tamballapalli,,,,0,,,,
1098,08_C_56_33,PKM_C_GKM_B.PETA,Daddawada,,,,0,,,,
1099,08_C_56_33,PKM_C_GKM_B.PETA,Nagireddypalli,,,,0,,,,
1100,08_C_56_33,PKM_C_GKM_B.PETA,Taticherla,,,,0,,,,
1101,08_C_59_42,PKM_C_Musi_Kondepi,Lakshmipuram,,,,0,,,,
1102,08_C_59_42,PKM_C_Musi_Kondepi,Talamalla,,,,0,,,,
1103,08_C_59_42,PKM_C_Musi_Kondepi,Uppalapadu,,,,0,,,,
1104,08_C_59_42,PKM_C_Musi_Kondepi,Eluru,,,,0,,,,
1105,08_C_59_42,PKM_C_Musi_Kondepi,Salluru,,,,0,,,,
1106,08_C_59_42,PKM_C_Musi_Kondepi,G.Agraharam,,,,0,,,,
1107,08_C_59_42,PKM_C_Musi_Kondepi,Kellampalli,,,,0,,,,
1108,08_C_59_42,PKM_C_Musi_Kondepi,Gundlasamudram,,,,0,,,,
1109,08_C_59_42,PKM_C_Musi_Kondepi,Rajupalem,,,,0,,,,
1110,08_C_59_42,PKM_C_Musi_Kondepi,Marripudi,,,,0,,,,
1111,08_C_59_42,PKM_C_Musi_Kondepi,Pannuru,,,,0,,,,
1112,08_C_59_42,PKM_C_Musi_Kondepi,Vallaypalem,,,,0,,,,
1113,08_C_59_42,PKM_C_Musi_Kondepi,Kakarla,,,,0,,,,
1114,08_C_59_42,PKM_C_Musi_Kondepi,Chilamkuru,,,,0,,,,
1115,08_C_59_42,PKM_C_Musi_Kondepi,Chimata,,,,0,,,,
1116,08_C_59_42,PKM_C_Musi_Kondepi,Ramayapalem,,,,0,,,,
1117,08_C_59_42,PKM_C_Musi_Kondepi,Ankepalli,,,,0,,,,
1118,08_C_59_42,PKM_C_Musi_Kondepi,Tippaladevipalli,,,,0,,,,
1119,08_C_59_42,PKM_C_Musi_Kondepi,Kuchipudi,,,,0,,,,
1120,08_C_59_42,PKM_C_Musi_Kondepi,Nirmalapuram,,,,0,,,,
1121,08_C_59_42,PKM_C_Musi_Kondepi,Gangipalem,,,,0,,,,
1122,08_C_59_42,PKM_C_Musi_Kondepi,Sannamuru,,,,0,,,,
1123,08_C_59_42,PKM_C_Musi_Kondepi,Dharmavaram,,,,0,,,,
1124,08_C_59_42,PKM_C_Musi_Kondepi,Juvvigunta,,,,0,,,,
1125,08_C_59_42,PKM_C_Musi_Kondepi,Venkatakrishnapuram,,,,0,,,,
1126,08_C_59_42,PKM_C_Musi_Kondepi,Mugachintala,,,,0,,,,
1127,08_C_59_42,PKM_C_Musi_Kondepi,Nennurupadu,,,,0,,,,
1128,08_C_59_42,PKM_C_Musi_Kondepi,Gurrapadiya,,,,0,,,,
1129,08_C_59_42,PKM_C_Musi_Kondepi,Petluru,,,,0,,,,
1130,08_C_59_42,PKM_C_Musi_Kondepi,G.D.Kandrika,,,,0,,,,
1131,08_C_59_42,PKM_C_Musi_Kondepi,C.A.B.Kandrika,,,,0,,,,
1132,08_C_59_42,PKM_C_Musi_Kondepi,C.M.Kandrika,,,,0,,,,
1133,08_C_59_42,PKM_C_Musi_Kondepi,Anakarlapudi,,,,0,,,,
1134,08_C_59_42,PKM_C_Musi_Kondepi,K.G.Kandrika,,,,0,,,,
1135,08_C_59_42,PKM_C_Musi_Kondepi,Chinnakandlagunta,,,,0,,,,
1136,08_C_59_42,PKM_C_Musi_Kondepi,C.G.C.Kandrika,,,,0,,,,
1137,08_C_59_42,PKM_C_Musi_Kondepi,P.K.Kandrika,,,,0,,,,
1138,08_C_59_42,PKM_C_Musi_Kondepi,P.N.Kandrika,,,,0,,,,
1139,08_C_59_42,PKM_C_Musi_Kondepi,Peddakandlagunta,,,,0,,,,
1140,08_C_59_42,PKM_C_Musi_Kondepi,Ilavara,,,,0,,,,
1141,08_C_59_42,PKM_C_Musi_Kondepi,Kondepi,,,,0,,,,
1142,08_C_59_42,PKM_C_Musi_Kondepi,Peradepi,,,,0,,,,
1143,08_C_59_42,PKM_C_Musi_Kondepi,Muppavaram,,,,0,,,,
1144,08_C_59_42,PKM_C_Musi_Kondepi,Chodavaram,,,,0,,,,
1145,08_C_59_42,PKM_C_Musi_Kondepi,Vennuru,,,,0,,,,
1146,08_C_59_42,PKM_C_Musi_Kondepi,Chinnavenkannapalem(50%),,,,0,,,,
1147,08_C_59_42,PKM_C_Musi_Kondepi,Uppalapadu,,,,0,,,,
1148,08_C_59_42,PKM_C_Musi_Kondepi,Ananthavaram,,,,0,,,,
1149,08_C_59_42,PKM_C_Musi_Kondepi,Tumadu,,,,0,,,,
1150,08_C_59_42,PKM_C_Musi_Kondepi,P.M.Kandrika_2,,,,0,,,,
1151,08_C_59_42,PKM_C_Musi_Kondepi,Paletipadu,,,,0,,,,
1152,08-c-61-52,PKM_C_MN_Pamuru,Musunuru,,,,0,,,,
1153,08-c-61-52,PKM_C_MN_Pamuru,Komatigunta,,,,0,,,,
1154,08-c-61-52,PKM_C_MN_Pamuru,Chinthalapudi,,,,0,,,,
1155,08-c-61-52,PKM_C_MN_Pamuru,Nagulavaram,,,,0,,,,
1156,08-c-61-52,PKM_C_MN_Pamuru,Kambhampadu,,,,0,,,,
1157,08-c-61-52,PKM_C_MN_Pamuru,Sankarapuram,,,,0,,,,
1158,08-c-61-52,PKM_C_MN_Pamuru,Guntupally,,,,0,,,,
1159,08-c-61-52,PKM_C_MN_Pamuru,Kattakindipalli,,,,0,,,,
1160,08-c-61-52,PKM_C_MN_Pamuru,Chilankuru,,,,0,,,,
1161,08-c-61-52,PKM_C_MN_Pamuru,Dadireddypalli,,,,0,,,,
1162,08-c-61-52,PKM_C_MN_Pamuru,Gummalampadu,,,,0,,,,
1163,08-c-61-52,PKM_C_MN_Pamuru,Vaggampalli,,,,0,,,,
1164,08-c-61-52,PKM_C_MN_Pamuru,Nasikatrayambakam,,,,0,,,,
1165,08-c-61-52,PKM_C_MN_Pamuru,Inimerla,,,,0,,,,
1166,08-c-61-52,PKM_C_MN_Pamuru,Chilakapadu,,,,0,,,,
1167,08-c-61-52,PKM_C_MN_Pamuru,Motravulapadu,,,,0,,,,
1168,08-c-61-52,PKM_C_MN_Pamuru,Chinthalapalem,,,,0,,,,
1169,08-c-61-52,PKM_C_MN_Pamuru,Anumalakonda,,,,0,,,,
1170,08-c-61-52,PKM_C_MN_Pamuru,Bukkapuram,,,,0,,,,
1171,08-c-61-52,PKM_C_MN_Pamuru,Dubagunta,,,,0,,,,
1172,08-c-61-52,PKM_C_MN_Pamuru,Pamuru,,,,0,,,,
1173,08-c-61-52,PKM_C_MN_Pamuru,Mopadu,,,,0,,,,
1174,08-c-61-52,PKM_C_MN_Pamuru,Balijapalem,,,,0,,,,
1175,08-c-61-52,PKM_C_MN_Pamuru,Ayyavaripalli,,,,0,,,,
1176,08-c-61-52,PKM_C_MN_Pamuru,Ayyannakota,,,,0,,,,
1177,08-c-61-52,PKM_C_MN_Pamuru,Siddavaram,,,,0,,,,
1178,08-c-61-52,PKM_C_MN_Pamuru,Botlaguduru,,,,0,,,,
1179,08-c-61-52,PKM_C_MN_Pamuru,kambaladinne,,,,0,,,,
1180,08-c-61-52,PKM_C_MN_Pamuru,Malakondapuram,,,,0,,,,
1181,08-c-61-52,PKM_C_MN_Pamuru,R.F,,,,0,,,,
1182,08-C-57-01,PKM-C-GKM-Y.PALEM,Y-palem,,,,0,,,,
1183,08-C-57-01,PKM-C-GKM-Y.PALEM,Venkatadripalem,,,,0,,,,
1184,08-C-57-01,PKM-C-GKM-Y.PALEM,Kolukula,,,,0,,,,
1185,08-C-57-01,PKM-C-GKM-Y.PALEM,Millampalli,,,,0,,,,
1186,08-C-57-01,PKM-C-GKM-Y.PALEM,Allipalem(RF),,,,0,,,,
1187,08-C-57-01,PKM-C-GKM-Y.PALEM,T.R.Cheruvu(RF),,,,0,,,,
1188,08-C-57-01,PKM-C-GKM-Y.PALEM,Daddanala(RF),,,,0,,,,
1189,08-C-57-01,PKM-C-GKM-Y.PALEM,Madamachalama(RF),,,,0,,,,
1190,08-C-57-01,PKM-C-GKM-Y.PALEM,Suddakuntapenta(RF),,,,0,,,,
1191,08-C-57-01,PKM-C-GKM-Y.PALEM,RAYAVARAM,,,,0,,,,
1192,08-C-57-01,PKM-C-GKM-Y.PALEM,Rf,,,,0,,,,
1193,08-C-60-40,PKM-C-PL-P.C.PALLI,Talakondapadu,,,,0,,,,
1194,08-C-60-40,PKM-C-PL-P.C.PALLI,Muddapadu,,,,0,,,,
1195,08-C-60-40,PKM-C-PL-P.C.PALLI,Battupalli,,,,0,,,,
1196,08-C-60-40,PKM-C-PL-P.C.PALLI,Pd.Alavalapadu,,,,0,,,,
1197,08-C-60-40,PKM-C-PL-P.C.PALLI,Neredupalli,,,,0,,,,
1198,08-C-60-40,PKM-C-PL-P.C.PALLI,Potavaram,,,,0,,,,
1199,08-C-60-40,PKM-C-PL-P.C.PALLI,Marella,,,,0,,,,
1200,08-C-60-40,PKM-C-PL-P.C.PALLI,Ramagovindapuram,,,,0,,,,
1201,08-C-60-40,PKM-C-PL-P.C.PALLI,P.C.PALLI,,,,0,,,,
1202,08-C-60-40,PKM-C-PL-P.C.PALLI,Murugummi,,,,0,,,,
1203,08-C-60-40,PKM-C-PL-P.C.PALLI,Ch.varimadugu,,,,0,,,,
1204,08-C-60-40,PKM-C-PL-P.C.PALLI,Pitchiguntapalli,,,,0,,,,
1205,08-C-60-40,PKM-C-PL-P.C.PALLI,Pd.varimadugu,,,,0,,,,
1206,08-C-60-40,PKM-C-PL-P.C.PALLI,Gosigundla,,,,0,,,,
1207,08-C-60-40,PKM-C-PL-P.C.PALLI,Vepagumpalli,,,,0,,,,
1208,08-C-60-40,PKM-C-PL-P.C.PALLI,Chintagumpalli,,,,0,,,,
1209,08-C-60-40,PKM-C-PL-P.C.PALLI,Vithalapuram,,,,0,,,,
1210,08-C-60-40,PKM-C-PL-P.C.PALLI,Pd.Irlapadu,,,,0,,,,
1211,08-C-60-40,PKM-C-PL-P.C.PALLI,Viswanadhapuram,,,,0,,,,
