Sr.no,,,Village name,T.Area (ha),Watershed command area,,,,Watershed Non command Area,,,,Watershed poor quality Area,,,
,Water shed code,Watershed name,,,Recghare,Hilly,Forest,Total,Recghare,Hilly,Forest,Total,Recghare,Hilly,Forest,Total
1,12_C_65_17,ATP_C_65_Amalladinne,Peddapappur,819,0,0,0,0,819,0,0,819,0,0,0,0
2,12_C_65_17,ATP_C_65_Amalladinne,Chagallu,1775,0,0,0,0,1775,0,0,1775,0,0,0,0
3,12_C_65_17,ATP_C_65_Amalladinne,Tabjula,826,0,0,0,0,443,383,383,826,0,0,0,0
4,12_C_65_17,ATP_C_65_Amalladinne,Mutchukota,5685,0,0,0,0,3924,1761,1761,5685,0,0,0,0
5,12_C_65_17,ATP_C_65_Amalladinne,Amaladinne,1675,0,0,0,0,1675,0,0,1675,0,0,0,0
6,12_C_65_17,ATP_C_65_Amalladinne,Surepalli,1453,1336,117,117,1453,0,0,0,0,,,0,0
7,12_C_65_17,ATP_C_65_Amalladinne,Arakatavemula,764,0,0,0,0,764,0,0,764,0,,0,0
8,12_C_65_17,ATP_C_65_Amalladinne,Komatikuntla,131,0,0,0,0,131,0,0,131,0,,0,0
9,12_C_65_17,ATP_C_65_Amalladinne,Cherlopalli,3598,3034,564,564,3598,0,0,0,0,,,0,0
10,12_C_65_17,ATP_C_65_Amalladinne,Kadavakallu,2822,1590,1232,1232,2822,0,0,0,0,,,0,0
11,12_C_65_17,ATP_C_65_Amalladinne,Dosaledu,2005,441,1564,1564,2005,0,0,0,0,,,0,0
12,12_C_65_17,ATP_C_65_Amalladinne,Chalivemula,1665,0,0,0,0,1665,0,0,1665,0,0,0,0
13,12_C_65_17,ATP_C_65_Amalladinne,Chintakunta,431,0,0,0,0,431,0,0,431,0,0,0,0
14,12_C_65_17,ATP_C_65_Amalladinne,Ullikallu,899,0,0,0,0,899,0,0,899,0,0,0,0
15,12_C_65_17,ATP_C_65_Amalladinne,Komali,836,0,0,0,0,836,0,0,836,0,0,0,0
16,12_C_65_17,ATP_C_65_Amalladinne,Chinnapolamada,1989,0,0,0,0,1989,0,0,1989,0,0,0,0
17,12_C_65_17,ATP_C_65_Amalladinne,Peddapolamada,2392,0,0,0,0,2392,0,0,2392,0,0,0,0
18,12_C_65_17,ATP_C_65_Amalladinne,Nandalapadu,1141,0,0,0,0,1141,0,0,1141,0,0,0,0
19,12_D_46_03,ATP_C_46_Chadam,Dodagatta,1386,0,0,0,0,1386,0,0,1386,0,,,
20,12_D_46_03,ATP_C_46_Chadam,Hullikal,1694,0,0,0,0,1662,32,0,1694,0,,,
21,12_D_46_03,ATP_C_46_Chadam,Mechiri,886,0,0,0,0,877,9,0,886,0,,,
22,12_D_46_03,ATP_C_46_Chadam,Mallapuram,3066,0,0,0,0,2237,829,0,3066,0,,,
23,12_D_46_03,ATP_C_46_Chadam,Chadam,825,0,0,0,0,825,0,0,825,0,,,
24,12_D_46_03,ATP_C_46_Chadam,Bondanakal,2458,0,0,0,0,1459,999,0,2458,0,,,
25,12_D_46_03,ATP_C_46_Chadam,Elangi,2176,2176,0,0,2176,0,0,0,0,0,,,
26,12_D_46_01,ATP_D_46_D.Hirehal,Malapanagudi,1793,0,0,0,0,760,1033,0,1793,0,,,
27,12_D_46_01,ATP_D_46_D.Hirehal,H.Siddapuram,2352,0,0,0,0,530,1822,0,2352,0,,,
28,12_D_46_01,ATP_D_46_D.Hirehal,Obulapuram,2525,0,0,0,0,1473,1052,0,2525,0,,,
29,12_D_46_01,ATP_D_46_D.Hirehal,D.Hirehal,2547,0,0,0,0,2141,406,0,2547,0,,,
30,12_D_46_01,ATP_D_46_D.Hirehal,H.Hosahalli,569,0,,0,0,569,0,0,569,0,,,
31,12_D_46_01,ATP_D_46_D.Hirehal,Lakshmipuram,904,0,0,0,0,704,200,0,904,0,,,
32,12_D_46_01,ATP_D_46_D.Hirehal,Madanahalli,213,0,0,0,0,144,69,0,213,0,,,
33,12_D_46_01,ATP_D_46_D.Hirehal,Lingamanhalli,580,0,0,0,0,280,300,0,580,0,,,
34,12_D_46_01,ATP_D_46_D.Hirehal,Jajrakal,836,0,0,0,0,693,143,0,836,0,,,
35,12_D_46_01,ATP_D_46_D.Hirehal,Hirdehal,1363,0,0,0,0,1348,15,0,1363,0,,,
36,12_D_46_01,ATP_D_46_D.Hirehal,Pulakurthi,4392,3838,554,0,4392,0,0,0,0,0,,,
37,12_D_46_01,ATP_D_46_D.Hirehal,Nagalapuram,2516,2516,0,0,2516,0,0,0,0,0,,,
38,12_D_46_01,ATP_D_46_D.Hirehal,Somalapuram,1174,0,0,0,0,1174,0,0,1174,0,,,
39,12_D_46_01,ATP_D_46_D.Hirehal,Kuruvalli,1054,1054,0,0,1054,0,0,0,0,0,,,
40,12_D_46_01,ATP_D_46_D.Hirehal,Siddarampuram,636,636,0,0,636,0,0,0,0,0,,,
41,12_D_46_01,ATP_D_46_D.Hirehal,Haresamudram,1902,1902,0,0,1902,0,0,0,0,0,,,
42,12_D_46_01,ATP_D_46_D.Hirehal,Bommanahal,1223,1223,0,0,1223,0,0,0,0,0,,,
43,12_D_46_01,ATP_D_46_D.Hirehal,Nemakallu,2086,0,0,0,0,2080,6,0,2086,0,,,
44,12_D_46_01,ATP_D_46_D.Hirehal,Unthakallu,1465,953,512,0,1465,0,0,0,0,0,,,
45,12_D_46_01,ATP_D_46_D.Hirehal,Uddehal,1822,1822,0,0,1822,0,0,0,0,0,,,
46,12_D_46_01,ATP_D_46_D.Hirehal,Bandur,1781,1781,0,0,1781,0,0,0,0,0,,,
47,12_D_46_01,ATP_D_46_Donekal,Donekal,2821,2821,0,0,2821,0,0,0,0,0,,,
48,12_D_46_01,ATP_D_46_Donekal,Kadadarabenchi,810,810,0,0,810,0,0,0,0,0,,,
49,12_D_46_01,ATP_D_46_Donekal,Gadekal,2975,2975,0,0,2975,0,0,0,0,0,,,
50,12_D_46_01,ATP_D_46_Donekal,N.Thimmapuram,922,922,0,0,922,0,0,0,0,0,,,0
51,12_D_46_01,ATP_D_46_Donekal,Velpumadugu,4290,4290,0,0,4290,0,0,0,0,0,,,
52,12_D_46_01,ATP_D_46_Donekal,Chabala,3742,0,0,0,0,3742,0,0,3742,0,,,
53,12_D_46_01,ATP_D_46_Donekal,Konakondla,5960,5960,0,0,5960,0,0,0,0,0,,,
54,12_D_46_01,ATP_D_46_Donekal,Gulyapalem,2000,0,0,0,0,2000,0,0,2000,0,,,
55,12_D_46_01,ATP_D_46_Donekal,Pottipadu,889,0,0,0,0,889,0,0,889,0,,,
56,12_D_46_01,ATP_D_46_Donekal,Gadehothur,1926,0,0,0,0,1926,0,0,1926,0,,,
57,12_D_46_01,ATP_D_46_Donekal,Chinnahothur,1142,0,0,0,0,1142,0,0,1142,0,,,
58,12_D_46_01,ATP_D_46_Donekal,Anchanahal,2271,2271,0,0,2271,0,0,0,0,0,,,
59,12_D_46_01,ATP_D_46_Donekal,Poliki,2671,2671,0,0,2671,0,0,0,0,0,,,
60,12_D_46_10,ATP_D_46_Kanekal,Brahmasamudram,1857,1857,0,0,1857,0,0,0,0,0,,,
61,12_D_46_10,ATP_D_46_Kanekal,Bennikal,1683,1683,0,0,1683,0,0,0,0,0,,,
62,12_D_46_10,ATP_D_46_Kanekal,Udegolam,4307,4307,0,0,4307,0,0,0,0,0,,,
63,12_D_46_10,ATP_D_46_Kanekal,Kanekal,5967,5967,0,0,5967,0,0,0,0,0,,,0
64,12_D_46_10,ATP_D_46_Kanekal,Hulikera,4171,0,0,0,0,4171,0,0,4171,0,,,
65,12_D_46_10,ATP_D_46_Kanekal,D. Kondapuram,1574,0,0,0,0,1574,0,0,1574,0,,,
66,12_D_46_10,ATP_D_46_Kanekal,Vadrahonnur,1962,0,0,0,0,1962,0,0,1962,0,,,
67,12_D_46_10,ATP_D_46_Kanekal,Gramadatla,2642,0,0,0,0,2642,0,0,2642,0,,,
68,12_C_65_03,ATP_C_65_Ubicherla,G.Anantapur,2278,0,0,0,0,2278,0,0,2278,0,0,0,0
69,12_C_65_03,ATP_C_65_Ubicherla,Virupapuram,963,0,0,0,0,750,213,213,963,0,0,0,0
70,12_C_65_03,ATP_C_65_Ubicherla,G.Venkatampalli,1191,0,0,0,0,946,245,245,1191,0,0,0,0
71,12_C_65_03,ATP_C_65_Ubicherla,Avulampalli,516,0,0,0,0,516,0,0,516,0,0,0,0
72,12_C_65_03,ATP_C_65_Ubicherla,Peddavadugur,2649,2649,0,0,2649,0,0,0,0,0,0,0,0
73,12_C_65_03,ATP_C_65_Ubicherla,Medimakulapalli,649,30,0,0,30,619,0,0,619,0,0,0,0
74,12_C_65_03,ATP_C_65_Ubicherla,Teliki,548,0,0,0,0,331,217,217,548,0,0,0,0
75,12_C_65_03,ATP_C_65_Ubicherla,C.Vadugur,1564,1123,441,441,1564,0,0,0,0,0,0,0,0
76,12_C_65_03,ATP_C_65_Ubicherla,Nagalapuram,442,0,0,0,0,52,390,390,442,0,0,0,0
77,12_C_65_03,ATP_C_65_Ubicherla,Dimmagudi,883,883,0,0,883,0,0,642,0,0,0,0,0
78,12_C_65_03,ATP_C_65_Ubicherla,Chittoor,1191,241,950,950,1191,0,0,0,0,0,0,0,0
79,12_C_65_03,ATP_C_65_Ubicherla,Kandla Gudur,1050,430,620,620,1050,0,0,0,0,0,0,0,0
80,12_C_65_03,ATP_C_65_Ubicherla,Chitrachedu,1303,0,0,0,0,692,611,611,1303,0,0,0,0
81,12_C_65_03,ATP_C_65_Ubicherla,Mulakatalla,1038,0,0,0,0,783,255,255,1038,0,0,0,0
82,12_C_65_03,ATP_C_65_Ubicherla,Ubicherla,2211,0,0,0,0,1711,500,500,2211,0,0,0,0
83,12_C_65_03,ATP_C_65_Ubicherla,Karidikonda,1351,0,0,0,0,1351,0,0,1351,0,0,0,0
84,12_C_65_03,ATP_C_65_Ubicherla,Dharmapuram,715,0,0,0,0,715,0,0,715,0,0,0,0
85,12_C_65_03,ATP_C_65_Ubicherla,Chetnepalli,1206,0,0,0,0,1206,0,0,1206,0,0,0,0
86,12_C_65_03,ATP_C_65_Ubicherla,Kojjepalli,1016,0,0,0,0,1016,0,0,1016,0,0,0,0
87,12_C_65_03,ATP_C_65_Ubicherla,Turakapalli,536,536,0,0,536,0,0,0,0,0,0,0,0
88,12_C_65_03,ATP_C_65_Ubicherla,Gooty(R),5762,0,0,0,0,5762,0,0,5762,0,0,0,0
89,12_C_65_03,ATP_C_65_Ubicherla,Kothapeta,2365,0,0,0,0,2365,0,0,2365,0,0,0,0
90,12_C_65_03,ATP_C_65_Ubicherla,Engilibanda,690,0,0,0,0,690,0,0,690,0,0,0,0
91,12_C_65_03,ATP_C_65_Ubicherla,Obulapuram,831,0,0,0,0,831,0,0,831,0,0,0,0
92,12_C_65_15,ATP_C_65_Budedu,Penakacherla,3284,1974,1310,1310,3284,0,0,0,0,0,,,
93,12_C_65_15,ATP_C_65_Budedu,Koppalakonda,1567,1567,0,0,1567,0,0,0,0,0,,,
94,12_C_65_15,ATP_C_65_Budedu,Kesavapuram,1222,1222,0,0,1222,0,0,0,0,0,,,
95,12_C_65_15,ATP_C_65_Budedu,Muntimadugu,1015,1015,0,0,1015,0,0,0,0,0,,,
96,12_C_65_15,ATP_C_65_Budedu,K.Agraharam,871,511,360,360,871,0,0,0,0,0,,,
97,12_C_65_15,ATP_C_65_Budedu,Ankampeta,91,91,0,0,91,0,0,0,0,0,,,
98,12_C_65_15,ATP_C_65_Budedu,Sirivaram,1191,1191,0,0,1191,0,0,0,0,0,,,
99,12_C_65_15,ATP_C_65_Budedu,Krishnapuram,1047,1047,0,0,1047,0,0,0,0,0,,,
100,12_C_65_15,ATP_C_65_Budedu,Yerraguntla,4038,2409,1629,1629,4038,0,0,0,0,0,,,
101,12_C_65_15,ATP_C_65_Budedu,Budedu,996,996,0,0,996,0,0,0,0,0,,,
102,12_C_65_01,ATP_C_65_Guntakal,Thimmanaacherla,5193,0,0,0,0,5193,0,0,5193,0,,0,0
103,12_C_65_01,ATP_C_65_Guntakal,Kasapuram,2672,0,0,0,0,2672,0,0,2672,0,,0,0
104,12_C_65_01,ATP_C_65_Guntakal,Sangala,670,0,0,0,0,670,0,0,670,0,,0,0
105,12_C_65_01,ATP_C_65_Guntakal,Dosaludiki,2070,0,0,0,0,1070,1000,1000,2070,0,,0,0
106,12_C_65_01,ATP_C_65_Guntakal,Gundala,2138,0,0,0,0,1375,763,763,2138,0,,0,0
107,12_C_65_01,ATP_C_65_Guntakal,Konganapalli,2666,0,0,0,0,2666,0,0,2666,0,,0,0
108,12_C_65_01,ATP_C_65_Guntakal,Sankarabanda,755,0,0,0,0,755,0,0,755,0,,0,0
109,12_C_65_01,ATP_C_65_Guntakal,P.K.Cheruvu,2483,2483,0,0,2483,0,0,0,0,0,,0,0
110,12_C_65_01,ATP_C_65_Guntakal,Ameenpalli,431,0,0,0,0,431,0,4,431,0,,0,0
111,12_C_65_01,ATP_C_65_Guntakal,Nakkaladoddi,1778,0,0,0,0,1778,0,0,1778,0,,0,0
112,12_C_65_01,ATP_C_65_Guntakal,Thimmapuram,1915,0,0,0,0,1915,0,0,1915,0,,0,0
113,12_C_65_01,ATP_C_65_Guntakal,Donimukkala,1222,0,0,0,0,1222,0,0,1222,0,,0,0
114,12_C_65_01,ATP_C_65_Guntakal,Nelagonda,4034,0,0,0,0,1708,2326,2326,4034,0,,0,0
115,12_C_65_01,ATP_C_65_Guntakal,Rajapuram,532,532,0,0,532,0,0,0,0,0,,0,0
116,12_C_65_01,ATP_C_65_Guntakal,Marnepalli,837,837,0,0,837,0,0,0,0,0,,0,0
117,12_C_65_01,ATP_C_65_Guntakal,Peddoddi,2672,2544,128,128,2672,0,0,0,0,0,,0,0
118,12_C_65_01,ATP_C_65_Guntakal,Brahmanahaplli,962,962,0,0,962,0,0,0,0,0,,0,0
119,12_C_65_01,ATP_C_65_Guntakal,Yerragudi,519,519,0,0,519,0,0,0,0,0,,0,0
120,12_C_65_01,ATP_C_65_Guntakal,Anaganadoddi,574,0,0,0,0,574,0,0,574,0,,0,0
121,12_C_65_01,ATP_C_65_Guntakal,Abbedoddi,466,0,0,0,0,466,0,0,466,0,,0,0
122,12_C_65_01,ATP_C_65_Guntakal,Guntakal,8849,0,0,0,0,8849,0,0,8849,0,,0,0
123,12_C_65_02,ATP_C_65_Kaderpet,Vajrakaruru,4538,0,0,0,0,4538,0,0,4538,0,,,
124,12_C_65_02,ATP_C_65_Kaderpet,Ganjikunta,1513,0,0,0,0,1513,0,0,1513,0,,,
125,12_C_65_02,ATP_C_65_Kaderpet,Kadamalakunta,1175,0,0,0,0,1175,0,0,1175,0,,,
126,12_C_65_02,ATP_C_65_Kaderpet,Tatrakal,2462,0,0,0,0,1144,1318,1318,2462,,,,150
127,12_C_65_02,ATP_C_65_Kaderpet,Pandikunta,4643,0,0,0,0,2257,2386,2386,4643,0,,,
128,12_C_65_02,ATP_C_65_Kaderpet,Anumpalli,3799,0,0,0,0,1964,1835,1835,3799,0,,,
129,12_C_65_02,ATP_C_65_Kaderpet,Kaderpeta,977,0,0,0,0,887,90,90,977,0,,,
130,12_C_65_02,ATP_C_65_Kaderpet,Nemallepalli,822,822,0,0,822,0,0,0,0,0,,,
131,12_C_65_02,ATP_C_65_Kaderpet,Eddulapalli,1184,1184,0,0,1184,0,0,0,0,0,,,
132,12_C_65_02,ATP_C_65_Kaderpet,Ramagiri,2074,0,0,0,0,2074,0,0,2074,0,,,
133,12_C_65_02,ATP_C_65_Kaderpet,Palyam,2394,2394,0,0,2394,0,0,0,0,0,,,
134,12_C_65_02,ATP_C_65_Kaderpet,Katrimala,1528,1528,0,0,1528,0,0,0,0,0,,,
135,12_C_65_02,ATP_C_65_Kaderpet,Apparajupeta,599,599,0,0,599,0,0,0,0,0,,,
136,12_C_65_02,ATP_C_65_Kaderpet,Kandlapalli,808,808,0,0,808,0,0,0,0,0,,,
137,12_C_65_02,ATP_C_65_Kaderpet,S.K.Peta,336,336,0,0,336,0,0,0,0,0,,,
138,12_C_65_02,ATP_C_65_Kaderpet,Vankarajukalva,1516,1516,0,0,1516,0,0,0,0,0,,,
139,12_C_65_02,ATP_C_65_Kaderpet,Devarapalli,860,860,0,0,860,0,0,0,0,0,,,
140,12_C_65_02,ATP_C_65_Kaderpet,Akkajampalli,901,901,0,0,901,0,0,0,0,0,,,
141,12_C_65_02,ATP_C_65_Kaderpet,Yedururu,993,0,0,0,0,993,0,0,993,0,,,
142,12_C_65_02,ATP_C_65_Kaderpet,Ramarajupalli,651,0,0,0,0,651,0,0,651,0,,,
143,12_C_65_02,ATP_C_65_Kaderpet,Gajarampalli,1012,1012,0,0,1012,0,0,0,0,0,,,
144,12_C_65_02,ATP_C_65_Kaderpet,Pogaruru,327,327,0,0,327,0,0,0,0,0,,,
145,12_C_65_02,ATP_C_65_Kaderpet,Gulimikondla,723,723,0,0,723,0,0,0,0,0,,,
146,12_C_65_02,ATP_C_65_Kaderpet,Kalapuram,704,704,0,0,704,0,0,0,0,0,,,
147,12_C_65_02,ATP_C_65_Kaderpet,Pamidi,2716,2716,0,0,2716,0,0,0,0,0,,,
148,12_C_65_02,ATP_C_65_Kaderpet,Neeluru,748,748,0,0,748,0,0,0,0,0,,,
149,12_C_65_02,ATP_C_65_Kaderpet,Tamballapalli,709,709,0,0,709,0,0,0,0,0,,,
150,12_C_65_02,ATP_C_65_Kaderpet,Konduru,469,0,0,0,0,469,0,0,469,0,,,
151,12_C_65_02,ATP_C_65_Kaderpet,Ayyavaripalli,891,891,0,0,891,0,0,0,0,0,,,
152,12_C_65_02,ATP_C_65_Kaderpet,Ragulapadu,1095,0,0,0,0,1095,0,0,1095,0,,,
153,12_C_65_01,ATP_C_65_Midthuru,Dancherla,1924,1332,592,592,1924,0,0,0,0,0,0,0,0
154,12_C_65_01,ATP_C_65_Midthuru,Y.T.Cheruvu,1848,1848,0,0,1848,0,0,0,0,0,0,0,0
155,12_C_65_01,ATP_C_65_Midthuru,Nagasamudram,6546,4959,1587,1587,6546,0,0,0,0,0,0,0,0
156,12_C_65_01,ATP_C_65_Midthuru,Eswarapalli,473,473,0,0,473,0,0,0,0,0,0,0,0
157,12_C_65_01,ATP_C_65_Midthuru,Mamadur,2085,0,0,0,0,2085,0,0,2085,0,0,0,0
158,12_C_65_01,ATP_C_65_Midthuru,Kamalapadu,2358,0,0,0,0,2358,0,0,2358,0,0,0,0
159,12_C_65_01,ATP_C_65_Midthuru,Miduthur,853,853,0,0,853,0,0,0,0,0,0,0,0
160,12_C_65_01,ATP_C_65_Midthuru,Penakalapadu,1336,1336,0,0,1336,0,0,0,0,0,0,0,0
161,12_C_65_02,ATP_C_65_Tarimala,Kanampalli,1929,1670,259,259,1929,0,0,0,0,0,,,
162,12_C_65_02,ATP_C_65_Tarimala,Illuru,1800,1653,147,147,1800,0,0,0,0,0,,,
163,12_C_65_02,ATP_C_65_Tarimala,Kallur,868,868,0,0,868,0,0,0,0,0,,,
164,12_C_65_02,ATP_C_65_Tarimala,Kallumadi,2255,2087,168,168,2255,0,0,0,0,0,,,0
165,12_C_65_02,ATP_C_65_Tarimala,Tarimela,4233,2676,1557,1557,4233,0,0,0,0,0,,,
166,12_C_65_02,ATP_C_65_Tarimala,Nidhanawada,576,576,0,0,576,0,0,0,0,0,,,
167,12_C_65_02,ATP_C_65_Tarimala,Anandaraopeta,783,690,93,93,783,0,0,0,0,0,,,
168,12_C_65_02,ATP_C_65_Tarimala,Rachepalli,1294,1294,0,0,1294,0,0,0,0,0,,,
169,12_C_65_02,ATP_C_65_Tarimala,Buddepalli,450,332,118,118,450,0,0,0,0,0,,,
170,12_C_66_14,ATP_C_66_Ananthapuramu,Siddrampuram,2325,0,0,0,0,2325,0,0,2325,0,,,
171,12_C_66_14,ATP_C_66_Ananthapuramu,Janthaluru,1491,1491,0,0,1491,0,0,0,0,0,,,
172,12_C_66_14,ATP_C_66_Ananthapuramu,Govindampalli,1288,0,0,0,0,1288,0,0,1288,0,,,
173,12_C_66_14,ATP_C_66_Ananthapuramu,B.K.Samudram,3536,3536,0,0,3536,0,0,0,0,0,,,0
174,12_C_66_14,ATP_C_66_Ananthapuramu,Reddipalli,1368,1368,0,0,1368,0,0,0,0,0,,,
175,12_C_66_14,ATP_C_66_Ananthapuramu,Somaladoddi,938,938,0,0,938,0,0,0,0,0,,,
176,12_C_66_14,ATP_C_66_Ananthapuramu,Narayanapuram,987,987,0,0,987,0,0,0,0,0,,,
177,12_C_66_14,ATP_C_66_Ananthapuramu,Kodimi,1331,0,0,0,0,1331,0,0,1331,0,,,
178,12_C_66_14,ATP_C_66_Ananthapuramu,Alamur,3057,0,0,0,0,3057,0,0,3057,0,,,
179,12_C_66_14,ATP_C_66_Ananthapuramu,Kakkalapalli,1601,0,0,0,0,1601,0,0,1601,0,,,
180,12_C_66_14,ATP_C_66_Ananthapuramu,Anantapur,3764,0,0,0,0,3764,0,0,3764,0,,,
181,12_C_66_14,ATP_C_66_Ananthapuramu,Bukkacherla,1945,0,0,0,0,1945,0,0,1945,0,,,
182,12_C_66_14,ATP_C_66_Ananthapuramu,Katiganikaluva,772,0,0,0,0,772,0,0,772,0,,,
183,12_C_66_04,ATP_C_66_Narpala,Chiyyedu,2498,0,0,0,0,2498,0,809.37,2498,0,,,
184,12_C_66_04,ATP_C_66_Narpala,Chennampalli,2857,2857,0,0,2857,0,0,0,0,0,,,
185,12_C_66_04,ATP_C_66_Narpala,K.Agragharam,3313,3313,0,0,3313,0,0,0,0,0,,,
186,12_C_66_04,ATP_C_66_Narpala,Danduvaripalli,2254,0,0,0,0,2254,0,150,2254,0,,,0
187,12_C_66_04,ATP_C_66_Narpala,Chamaluru,3008,3008,0,0,3008,0,0,0,0,0,,,
188,12_C_66_04,ATP_C_66_Narpala,Narpala,4460,4260,200,200,4460,0,0,27.33,0,0,,,
189,12_C_66_04,ATP_C_66_Narpala,Daggumarri,1320,0,0,0,0,1320,0,0,1320,0,,,
190,12_C_66_04,ATP_C_66_Narpala,Bondalavada,1364,0,0,0,0,1364,0,0,1364,0,,,
191,12_C_66_04,ATP_C_66_Narpala,Siddaracherla,1337,0,0,0,0,1337,0,188.7,1337,0,,,
192,12_C_66_04,ATP_C_66_Narpala,Durgam,892,0,0,0,0,892,0,370.96,892,0,,,
193,12_C_66_04,ATP_C_66_Narpala,Bandlapalli,1308,0,0,0,0,1308,0,290.45,1308,0,,,
194,12_C_66_04,ATP_C_66_Narpala,B.Pappur,1632,0,0,0,0,1632,0,0,1632,0,,,
195,12_C_66_04,ATP_C_66_Narpala,Venkatampalli,1618,0,0,0,0,1618,0,0,1618,0,,,
196,12_C_66_04,ATP_C_66_Narpala,Nadimidoddi,1855,0,0,0,0,1855,0,0,1855,0,,,
197,12_C_66_04,ATP_C_66_Narpala,Korivipalli,1033,0,0,0,0,1033,0,0,1033,0,,,
198,12_C_66_04,ATP_C_66_Narpala,Julakalva,2050,0,0,0,0,2050,0,0,2050,0,,,
199,12_C_66_04,ATP_C_66_Narpala,Peravali,1519,0,0,0,0,1519,0,0,1519,0,,,
200,12_C_66_06,ATP_C_66_Rotarypuram,Peddajalalpuram,813,0,0,0,0,813,0,307,813,0,,,
201,12_C_66_06,ATP_C_66_Rotarypuram,Channavaram,890,890,0,0,890,0,0,0,0,0,,,
202,12_C_66_06,ATP_C_66_Rotarypuram,Narasapuram,1379,0,0,0,0,1379,0,401,1379,0,,,
203,12_C_66_06,ATP_C_66_Rotarypuram,Akuledu,1906,1906,0,0,1906,0,0,0,0,0,,,0
204,12_C_66_06,ATP_C_66_Rotarypuram,Loluru,904,904,0,0,904,0,0,0,0,0,,,
205,12_C_66_06,ATP_C_66_Rotarypuram,Karnatakampalli,49,0,0,0,0,49,0,0,49,0,,,
206,12_C_66_06,ATP_C_66_Rotarypuram,Podaralla,2157,2157,0,0,2157,0,0,0,0,0,,,
207,12_C_66_06,ATP_C_66_Rotarypuram,Taticherla,1657,1657,0,0,1657,0,0,0,0,0,,,
208,12_C_66_06,ATP_C_66_Rotarypuram,Kotanka,1789,0,0,0,0,1789,0,85,1789,0,,,
209,12_C_66_06,ATP_C_66_Rotarypuram,Marthadu,2931,2931,0,117,2931,0,0,0,0,0,,,
210,12_C_66_06,ATP_C_66_Rotarypuram,Jambuladine,571,571,0,0,571,0,0,0,0,0,,,
211,12_C_66_06,ATP_C_66_Rotarypuram,Obulapuram,284,0,0,0,0,284,0,17,284,0,,,
212,12_C_66_06,ATP_C_66_Rotarypuram,Garladinne,2250,2250,0,9,2250,0,0,0,0,0,,,
213,12_C_66_06,ATP_C_66_Rotarypuram,Chedulla,1045,1045,0,0,1045,0,0,0,0,0,,,
214,12_C_66_06,ATP_C_66_Rotarypuram,Korrapadu,1611,1611,0,0,1611,0,0,0,0,0,,,
215,12_C_66_06,ATP_C_66_Rotarypuram,Rotarypuram,1508,1508,0,0,1508,0,0,0,0,0,,,
216,12_C_66_06,ATP_C_66_Rotarypuram,Chennarayanipalli,139,139,0,0,139,0,0,0,0,0,,,
217,12_C_66_06,ATP_C_66_Rotarypuram,Siddarampeta,200,200,0,0,200,0,0,0,0,0,,,
218,12_C_66_10,ATP_C_66_Salakamcheruvu,Salakamcheruvu,2527,1357,1170,1170,2527,0,0,0,0,0,,,
219,12_C_66_10,ATP_C_66_Salakamcheruvu,Matlagondi,1087,0,0,0,0,840.25,246.75,246.75,1087,0,,,
220,12_C_66_10,ATP_C_66_Salakamcheruvu,Sodanapalli,1540,0,0,0,0,1540,0,0,1540,0,,,
221,12_C_66_10,ATP_C_66_Salakamcheruvu,Singanamala,4173,0,0,0,0,2468,1705,1705,4173,0,,,0
222,12_C_66_10,ATP_C_66_Salakamcheruvu,Cheelapalli,560,0,0,0,0,560,0,0,560,0,,,
223,12_C_66_10,ATP_C_66_Salakamcheruvu,Chakrayapeta,1792,0,0,0,0,1792,0,0,1792,0,,,
224,12_D_46_06,ATP_D_46_Bhupasamudram,H.Hosahalli,484,484,0,0,484,0,0,0,0,0,,0,0
225,12_D_46_06,ATP_D_46_Bhupasamudram,Bhupasamudram,2822,2810,12,0,2822,0,0,0,0,0,,0,0
226,12_D_46_06,ATP_D_46_Bhupasamudram,Veparala,2794,0,0,0,0,2794,0,0,2794,0,,0,0
227,12_D_46_06,ATP_D_46_Bhupasamudram,Junjurampalli,3138,3138,0,0,3138,0,0,0,0,0,,0,0
228,12_D_46_06,ATP_D_46_Bhupasamudram,Nagireddipalli,1663,0,0,0,0,1663,0,0,1663,0,,0,0
229,12_D_46_06,ATP_D_46_Bhupasamudram,Avuladatla,1090,0,0,0,0,1090,0,0,1090,0,,0,0
230,12_D-46-02,ATP-D-46-Havalgi,Vidapanakal,5454,5424,30,0,5454,0,0,0,0,0,,,
231,12_D-46-02,ATP-D-46-Havalgi,Havalgi,4349,4349,0,0,4349,0,0,0,0,0,,,
232,12_D-46-02,ATP-D-46-Havalgi,Karakamukkala,2081,2081,0,0,2081,0,0,0,0,0,,,
233,12_D-46-02,ATP-D-46-Havalgi,Malapuram,1381,0,0,0,0,1381,0,0,1381,0,,,0
234,12_D-46-02,ATP-D-46-Havalgi,Palthuru,4182,4182,0,0,4182,0,0,0,0,0,,,
235,12_D-46-02,ATP-D-46-Havalgi,Vyasapuram,1061,0,0,0,0,1061,0,0,1061,0,,,
236,12_D-46-02,ATP-D-46-Havalgi,Bollanaguddam,1830,1830,0,0,1830,0,0,0,0,0,,,
237,12_D-46-02,ATP-D-46-Havalgi,Kalludevanahalli,1683,1683,0,0,1683,0,0,0,0,0,,,
238,12_D-46-02,ATP-D-46-Havalgi,D.Honnur,2599,2599,0,0,2599,0,0,0,0,0,,,
239,12_D_46_14,ATP_D_46_Kadlur,Ganigera,3820,3820,0,0,3820,0,0,0,0,0,,,
240,12_D_46_14,ATP_D_46_Kadlur,Yerraguntla,2969,2969,0,0,2969,0,0,0,0,0,,,
241,12_D_46_14,ATP_D_46_Kadlur,Singanahalli,1457,1457,0,0,1457,0,0,0,0,0,,,
242,12_D_46_14,ATP_D_46_Kadlur,Sreedharagatta,2514,2514,0,0,2514,0,0,0,0,0,,,0
243,12_D_46_14,ATP_D_46_Kadlur,Kolaganahalli,2382,2382,0,0,2382,0,0,0,0,0,,,
244,12_D_46_14,ATP_D_46_Kadlur,Muradi,3588,0,0,0,0,3588,0,0,3588,0,,,
245,12_D_46_03,ATP_D_46_Kadlur,Kadalur,2761,0,0,0,0,2683,78,0,2761,0,,,
246,12_D_46_04,ATP_D_46_Kadlur,Kudlur,2093,2092.999999,0.000001,0.000001,2093,0,0.000001,0.000001,0.000001,0,,,
247,12_D_46_17,ATP_D_46_Rayadurg,74 Udegolam,1614,0,0,0,0,1237,377,0,1614,0,,,
248,12_D_46_17,ATP_D_46_Rayadurg,Kontanahalli,725,0,0,0,0,573,152,0,725,0,,,
249,12_D_46_17,ATP_D_46_Rayadurg,Baginayanahalli,2169,0,0,0,0,2113,56,0,2169,0,,,
250,12_D_46_17,ATP_D_46_Rayadurg,Rayadurg,9825,0,0,0,0,7877,1948,1948,9825,0,,,0
251,12_D_46_17,ATP_D_46_Rayadurg,Galagala,1628,0,0,0,0,1628,0,0,1628,0,,,
252,12_D_46_17,ATP_D_46_Rayadurg,Gollapalli,3857,0,0,0,0,2552,1305,0,3857,0,,,
253,12_D_46_17,ATP_D_46_Rayadurg,Veerapuram,2250,0,0,0,0,2250,0,0,2250,0,,,
254,12_D_46_17,ATP_D_46_Rayadurg,Belodu,2062,2062,0,0,2062,0,0,0,0,0,,,
255,12_D_46_17,ATP_D_46_Rayadurg,Kalugodu,2344,2344,0,0,2344,0,0,0,0,0,,,
256,12_D_46_17,ATP_D_46_Rayadurg,Tallakera,4254,4254,0,0,4254,0,0,0,0,0,,,
257,12_D_46_17,ATP_D_46_Rayadurg,Gummagatta,1586,1586,0,0,1586,0,0,0,0,0,,,
258,12_D_46_17,ATP_D_46_Rayadurg,Rangasamudram,1277,0,0,0,0,1277,0,0,1277,0,,,
259,12_D_46_17,ATP_D_46_Rayadurg,Pulakunta,1650,0,0,0,0,1650,0,0,1650,0,,,
260,12_D_46_16,ATP_D_46_Sollapuram,Govidavada,240,0,0,0,0,226,0,0,226,0,0,14,14
261,12_D_46_16,ATP_D_46_Sollapuram,Bidurukotham,24,24,0,0,24,0,0,0,0,0,0,0,0
262,12_D_46_16,ATP_D_46_Sollapuram,Meenahalli,14,14,0,0,14,0,0,0,0,0,0,0,0
263,12_D_46_16,ATP_D_46_Sollapuram,Garudachedu,98,98,0,0,98,0,0,0,0,0,0,0,0
264,12_D_46_16,ATP_D_46_Sollapuram,Thumbiganur,326,0,0,0,0,325,0,1,326,0,0,0,0
265,12_D_46_16,ATP_D_46_Sollapuram,N.Hanumapuram,14,14,0,0,14,0,0,0,0,0,0,0,0
266,12_D_46_16,ATP_D_46_Sollapuram,Sollapuram,1,1,0,0,1,0,0,0,0,0,0,0,0
267,12_D_46_16,ATP_D_46_Sollapuram,Malyam,201,201,0,0,201,0,0,0,0,0,0,0,0
268,12_D_46_03,ATP_D_46_Uravakonda,Budagavi,1531,0,0,0,0,1531,0,0,1531,0,,,
269,12_D_46_03,ATP_D_46_Uravakonda,Veligonda,1196,0,0,0,0,1196,0,0,1196,0,,,
270,12_D_46_03,ATP_D_46_Uravakonda,Raenimakulapalli,767,0,0,0,0,767,0,0,767,0,,,
271,12_D_46_03,ATP_D_46_Uravakonda,Rayampalli,1243,1243,0,0,1243,0,0,0,0,,,,150
272,12_D_46_03,ATP_D_46_Uravakonda,Nerimetla,990,990,0,0,990,0,0,0,0,0,,,
273,12_D_46_03,ATP_D_46_Uravakonda,Nimbagallu,1969,0,0,0,0,1969,0,0,1969,0,,,
274,12_D_46_03,ATP_D_46_Uravakonda,Indravathi,2570,0,0,0,0,2570,0,0,2570,0,,,
275,12_D_46_03,ATP_D_46_Uravakonda,Peddamusturu,1149,0,0,0,0,1149,0,0,1149,0,,,
276,12_D_46_03,ATP_D_46_Uravakonda,Uravakonda,3028,0,0,0,0,3028,0,0,3028,0,,,
277,12_D_46_03,ATP_D_46_Uravakonda,Chikalaguriki,1721,0,0,0,0,1721,0,0,1721,0,,,
278,12_D_46_03,ATP_D_46_Uravakonda,Undabanda,1759,1759,0,0,1759,0,0,0,0,0,,,
279,12_C_67_06,ATP_C_67_Yellanur,Yellanur,3838,3644,194,194,3838,0,0,0,0,0,,,
280,12_C_67_06,ATP_C_67_Yellanur,Vennapusapalli,1615,1615,0,0,1615,0,0,0,0,0,,,
281,12_C_67_06,ATP_C_67_Yellanur,Kodumurthi,702,0,0,0,0,702,0,0,702,0,,,
282,12_C_67_06,ATP_C_67_Yellanur,Mallagundla,1323,0,0,0,0,1323,0,0,1323,0,,,0
283,12_C_67_06,ATP_C_67_Yellanur,Kalluru,2797,2797,0,0,2797,0,0,0,0,0,,,
284,12_C_67_06,ATP_C_67_Yellanur,Goddumarri,3577,0,0,0,0,1720,1857,1856.93,3577,0,,,
285,12_C_67_06,ATP_C_67_Yellanur,Singavaram,1526,1367,159,159,1526,0,0,0,0,0,,,
286,12_C_65_20,ATP_C_65_Tadipatri,Challavaripalli,395,0,0,0,0,395,0,0,395,0,,,0
287,12_C_65_21,ATP_C_65_Tadipatri,Jambulapadu,482,0,0,0,0,482,0,0,482,0,,,0
288,12_C_65_22,ATP_C_65_Tadipatri,Hussenapuram,668,0,0,0,0,668,0,0,668,0,,,0
289,12_C_65_23,ATP_C_65_Tadipatri,Veerapuram,1450,0,0,0,0,1450,0,0,1450,0,,,0
290,12_C_65_24,ATP_C_65_Tadipatri,Vanganuru,650,0,0,0,0,650,0,0,650,0,,,0
291,12_C_65_25,ATP_C_65_Tadipatri,Bondaladinne,652,0,0,0,0,652,0,0,652,0,,,0
292,12_C_65_26,ATP_C_65_Tadipatri,Kandikaparla,1054,0,0,0,0,1054,0,0,1054,0,,,0
293,12_C_65_27,ATP_C_65_Tadipatri,Putlur,4062,0,0,0,0,4062,0,0,4062,0,,,0
294,12_C_65_28,ATP_C_65_Tadipatri,Gandlapadu,841,841,0,0,841,0,0,0,0,0,,,0
295,12_C_65_29,ATP_C_65_Tadipatri,S.Guduru,4864,0,0,0,0,4864,0,0,4864,0,,,0
296,12_C_65_30,ATP_C_65_Tadipatri,Diguvapalli,833,0,0,0,0,833,0,0,833,0,,,0
297,12_C_65_31,ATP_C_65_Tadipatri,Tadipatri,13793,0,0,0,0,13793,0,0,13793,0,,,0
298,12_C_59_07,ATP_C_59_Kacharlakunta,Kasarlakunta,575,575,0,0,575,0,0,0,0,0,,,
299,12_C_59_07,ATP_C_59_Kacharlakunta,Pathapalli,1175,1175,0,0,1175,0,0,0,0,0,,,
300,12_C_63_09,ATP_C_63_Bucherla,Jakkalacheruvu,979,,,,,979,0,0,979,,,,
301,12_C_63_09,ATP_C_63_Bucherla,Bucherla,1300,,,,,1300,0,0,1300,,,,
302,12_C_63_09,ATP_C_63_Bucherla,Roddakampalli,344,,,,,344,0,0,344,,,,
303,12_C_63_20,ATP_C_63_Cherukuru,Nalluru,1539,,,,,1539,0,0,1539,,,,
304,12_C_63_20,ATP_C_63_Cherukuru,Chinnamanthuru,788,,,,,788,0,0,788,,,,
305,12_C_63_20,ATP_C_63_Cherukuru,Peddamanthuru,1212,,,,,1212,0,0,1212,,,,
306,12_C_63_20,ATP_C_63_Cherukuru,Cherukuru,1582,,,,,1582,0,0,1582,,,,
307,12_C_63_20,ATP_C_63_Cherukuru,Kalipi,2246,,,,,2246,0,0,2246,,,,
308,12_C_67_18,ATP_C_67_Chilmathur,Gangampalli,2386,,,,,1741,645,645,2386,,,,
309,12_C_67_18,ATP_C_67_Chilmathur,Gownivaripalli,4242,,,,,4027.2424528094,214.7575471907,0,4242,,,,
310,12_C_67_18,ATP_C_67_Chilmathur,Jowkuladinne,91,,,,,91,0,0,91,,,,
311,12_C_67_18,ATP_C_67_Chilmathur,Bugumpalli,196,,,,,140,56,119.49,196,,,,
312,12_C_67_18,ATP_C_67_Chilmathur,Mallepalli,2756,,,,,1636,1120,1120,2756,,,,
313,12_C_67_18,ATP_C_67_Chilmathur,Obulapuram,74,,,,,74,0,0,74,,,,
314,12_C_67_18,ATP_C_67_Chilmathur,Katepalli,229,,,,,229,0,0,229,,,,
315,12_C_67_18,ATP_C_67_Chilmathur,Ragimakulapalli,148,,,,,148,0,0,148,,,,
316,12_C_67_18,ATP_C_67_Chilmathur,Devulacheruvu,251,,,,,207.75,43.25,43.25,251,,,,
317,12_C_67_18,ATP_C_67_Chilmathur,Palasamudram,1438,,,,,1006,432,432,1438,,,,
318,12_C_67_18,ATP_C_67_Chilmathur,Morasalapalle,1503,,,,,1503,0,0,1503,,,,
319,12_C_67_18,ATP_C_67_Chilmathur,Sibbaraopeta,238,,,,,238,0,0,238,,,,
320,12_C_67_18,ATP_C_67_Chilmathur,Kodur,4082,,,,,4082,0,0,4082,,,,
321,12_C_67_18,ATP_C_67_Chilmathur,Chilamathur,4178,,,,,3437,741,741,4178,,,,
322,12_C_67_18,ATP_C_67_Chilmathur,Naremuddapalli,74,,,,,74,0,0,74,,,,
323,12_C_67_18,ATP_C_67_Chilmathur,Marrimakulapalli,53,,,,,53,0,0,53,,,,
324,12_C_67_18,ATP_C_67_Chilmathur,Veerapuram,786,,,,,786,0,0,786,,,,
325,12_C_67_18,ATP_C_67_Chilmathur,Settipalli,1447,,,,,1447,0,0,1447,,,,
326,12_C_67_18,ATP_C_67_Chilmathur,Tekuledu,1700,,,,,885,815,815,1700,,,,
327,12_C_67_18,ATP_C_67_Chilmathur,Vadigepalli,1756,,,,,1756,0,0,1756,,,,
328,12_C_63_01,ATP_C_63_Gowrajupalli,Mulakacheruvu,2121,,,,,2121,0,0,2121,,,,
329,12_C_63_01,ATP_C_63_Gowrajupalli,Naranagepalli,259,,,,,259,0,0,259,,,,
330,12_C_63_17,ATP_C_63_Hindupur,Kirikera,1395,,,,,1395,0,0,1395,,,,
331,12_C_63_17,ATP_C_63_Hindupur,Kotipi,1412,,,,,1412,0,0,1412,,,,
332,12_C_63_17,ATP_C_63_Hindupur,Devarapalli,315,,,,,315,0,0,315,,,,
333,12_C_63_17,ATP_C_63_Hindupur,Santhebidanur,729,,,,,729,0,0,729,,,,
334,12_C_63_17,ATP_C_63_Hindupur,Thingepalli,66,,,,,66,0,0,66,,,,
335,12_C_63_17,ATP_C_63_Hindupur,Thumukunta,609,,,,,609,0,0,609,,,,
336,12_C_63_17,ATP_C_63_Hindupur,Gollapuram,1249,,,,,1249,0,0,1249,,,,
337,12_C_63_17,ATP_C_63_Hindupur,Hindupur (R),6103,,,,,6103,0,0,6103,,,,
338,12_C_63_17,ATP_C_63_Hindupur,Kotnuru,1432,,,,,1432,0,0,1432,,,,
339,12_C_63_17,ATP_C_63_Hindupur,Sreekatapuram,1949,,,,,1949,0,0,1949,,,,
340,12_C_63_17,ATP_C_63_Hindupur,Pulamathi,1141,,,,,1141,0,0,1141,,,,
341,12_C_63_17,ATP_C_63_Hindupur,Kodihalli,1285,,,,,1285,0,0,1285,,,,
342,12_C_63_17,ATP_C_63_Hindupur,Manepalli,1198,,,,,1198,0,0,1198,,,,
343,12_C_64_04,ATP_C_64_Kogira,Roddam Locherla,1439,,,,,1439,0,0,1439,,,,
344,12_C_64_04,ATP_C_64_Kogira,Kogira,3322,,,,,3322,0,0,3322,,,,
345,12_C_63_03,ATP_C_63_Lepakshi,Sirivaram,1310,,,,,1310,0,0,1310,,,,
346,12_C_63_03,ATP_C_63_Lepakshi,Kanchisamudram,2109,,,,,1876,232.68,233,2109,,,,
347,12_C_63_03,ATP_C_63_Lepakshi,Mydugolam,1424,,,,,1424,0,0,1424,,,,
348,12_C_63_03,ATP_C_63_Lepakshi,Cholasamudram,1535,,,,,1535,0,0,1535,,,,
349,12_C_63_03,ATP_C_63_Lepakshi,Kalluru,2191,,,,,2191,0,0,2191,,,,
350,12_C_63_03,ATP_C_63_Lepakshi,Lepaskhi,1891,,,,,1891,0,0,1891,,,,
351,12_C_63_03,ATP_C_63_Lepakshi,Demakethapalli,1666,,,,,1150,516,516,1666,,,,
352,12_C_63_03,ATP_C_63_Lepakshi,Yagnisettipalli,611,,,,,611,0,0,611,,,,
353,12_C_63_04,ATP_C_63_Lepakshi,Hussainapuram,538,,,,,538,0,0,538,,,,
354,12_C_63_08,ATP_C_63_Madakasira,Amidalagondi,3159,,,,,2958,201,201,3159,,,,
355,12_C_63_08,ATP_C_63_Madakasira,Kothalam,304,,,,,304,0,0,304,,,,
356,12_C_63_08,ATP_C_63_Madakasira,Chandakacherla,1832,,,,,1832,0,0,1832,,,,
357,12_C_63_08,ATP_C_63_Madakasira,Gowdanahalli,1964,,,,,1964,0,0,1964,,,,
358,12_C_63_08,ATP_C_63_Madakasira,R.Ananthapuramu,1479,,,,,1479,0,0,1479,,,,
359,12_C_63_08,ATP_C_63_Madakasira,Chatram,598,,,,,598,0,0,598,,,,
360,12_C_63_08,ATP_C_63_Madakasira,Mallanayakanahalli,484,,,,,484,0,0,484,,,,
361,12_C_63_08,ATP_C_63_Madakasira,Madakasira,3518,,,,,2725,793,793,3518,,,,
362,12_C_63_08,ATP_C_63_Madakasira,Melavoi,5928,,,,,4231,1697,1697,5928,,,,
363,12_C_63_08,ATP_C_63_Madakasira,Govindapuram,1788,,,,,1788,0,0,1788,,,,
364,12_C_63_08,ATP_C_63_Madakasira,Jadrahalli,236,,,,,236,0,0,236,,,,
365,12_C_63_08,ATP_C_63_Madakasira,Karesankanahalli,92,,,,,92,0,0,92,,,,
366,12_C_63_08,ATP_C_63_Madakasira,Yerrabommanahalli,2141,,,,,2141,0,0,2141,,,,
367,12_C_63_08,ATP_C_63_Madakasira,Upparlahalli,254,,,,,254,0,0,254,,,,
368,12_C_63_08,ATP_C_63_Madakasira,Haresamudram,3316,,,,,3163,153,153,3316,,,,
369,12_C_63_08,ATP_C_63_Madakasira,Bullasamudram,1634,,,,,1634,0,0,1634,,,,
370,12_C_63_08,ATP_C_63_Madakasira,Pillenahalli,93,,,,,93,0,0,93,,,,
371,12_C_63_02,ATP_C_63_Malaguru,Narasapuram,745,,,,,745,0,0,745,,,,
372,12_C_63_02,ATP_C_63_Malaguru,Pyadeti,621,,,,,621,0,0,621,,,,
373,12_C_63_02,ATP_C_63_Malaguru,Ganaparthipalli,547,,,,,547,0,0,547,,,,
374,12_C_63_02,ATP_C_63_Malaguru,Seegipalli,536,,,,,536,0,0,536,,,,
375,12_C_63_02,ATP_C_63_Malaguru,Beechiganipalli,2365,,,,,2365,0,0,2365,,,,
376,12_C_63_02,ATP_C_63_Malaguru,Utakuru,1291,,,,,1291,0,0,1291,,,,
377,12_C_63_02,ATP_C_63_Malaguru,Sagameswarampalli,49,,,,,49,0,0,49,,,,
378,12_C_63_02,ATP_C_63_Malaguru,Kethaganicheruvu,1173,,,,,1173,0,0,1173,,,,
379,12_C_63_02,ATP_C_63_Malaguru,Nadimipalli,1637,,,,,1637,0,0,1637,,,,
380,12_C_63_02,ATP_C_63_Malaguru,Chalivendula,2273,,,,,1011.78,1261.22,1261.22,2273,,,,
381,12_C_63_02,ATP_C_63_Malaguru,Maluguru,2420,,,,,2420,0,0,2420,,,,
382,12_C_63_02,ATP_C_63_Malaguru,Manesamudram,505,,,,,505,0,0,505,,,,
383,12_C_63_02,ATP_C_63_Malaguru,Kondur,1870,,,,,1379.55,490.45,490.45,1870,,,,
384,12_C_63_09,ATP_C_63_Parigi,Vittapalli,438,,,,,438,0,0,438,,,,
385,12_C_63_09,ATP_C_63_Parigi,Sho. Beerepalli,244,,,,,244,0,0,244,,,,
386,12_C_63_09,ATP_C_63_Parigi,Sirekolam,1162,,,,,1162,0,0,1162,,,,
387,12_C_63_09,ATP_C_63_Parigi,Parigi,2945,,,,,2945,0,0,2945,,,,
388,12_C_63_09,ATP_C_63_Parigi,Yerragunta,778,,,,,778,0,0,778,,,,
389,12_C_63_09,ATP_C_63_Parigi,Sasanakota,592,,,,,592,0,0,592,,,,
390,12_C_63_09,ATP_C_63_Parigi,Kodiganahalli,1254,,,,,1254,0,0,1254,,,,
391,12_C_63_09,ATP_C_63_Parigi,Moda,1749,,,,,1749,0,0,1749,,,,
392,12_C_63_09,ATP_C_63_Parigi,Bandarlapalli,115,,,,,115,0,0,115,,,,
393,12_C_63_09,ATP_C_63_Parigi,Bevinahalli,1570,,,,,1570,0,0,1570,,,,
394,12_C_63_09,ATP_C_63_Parigi,Nakkalapalli,267,,,,,267,0,0,267,,,,
395,12_C_63_09,ATP_C_63_Parigi,Chowluru,1109,,,,,1109,0,0,1109,,,,
396,12_C_63_09,ATP_C_63_Parigi,Manuru,2443,,,,,2443,0,0,2443,,,,
397,12_C_63_09,ATP_C_63_Parigi,Kallumarri,2579,,,,,2579,0,0,2579,,,,
398,12_C_63_09,ATP_C_63_Parigi,C. Kodigepalli,1542,,,,,1542,0,0,1542,,,,
399,12_C_63_09,ATP_C_63_Parigi,Tirumaladevarapalli,185,,,,,185,0,0,185,,,,
400,12_C_63_11,ATP_C_63_Roddam,Reddipalli,1804,,,,,1804,0,0,1804,,,,
401,12_C_63_11,ATP_C_63_Roddam,Dodagatta,1624,,,,,1624,0,0,1624,,,,
402,12_C_63_11,ATP_C_63_Roddam,Roddam,5505,,,,,5505,0,0,5505,,,,
403,12_C_63_54,ATP_C_63_Somandepalli,Adadakulapalli,1352,,,,,1352,0,0,1352,,,,
404,12_C_63_55,ATP_C_63_Somandepalli,Mavaturu,1610,,,,,1610,0,0,1610,,,,
405,12_C_63_56,ATP_C_63_Somandepalli,Nagaluru,1917,,,,,1917,0,0,1917,,,,
406,12_C_63_57,ATP_C_63_Somandepalli,Bokkasampalli,700,,,,,700,0,0,700,,,,
407,12_C_63_58,ATP_C_63_Somandepalli,Venkatampuram,647,,,,,647,0,0,647,,,,
408,12_C_63_59,ATP_C_63_Somandepalli,Turakalapatnam,1471,,,,,1471,0,0,1471,,,,
409,12_C_63_60,ATP_C_63_Somandepalli,Peddipalli,1693,,,,,1693,0,0,1693,,,,
410,12_C_63_61,ATP_C_63_Somandepalli,Sanipalli,507,,,,,507,0,0,507,,,,
411,12_C_63_62,ATP_C_63_Somandepalli,Cholemarri,1745,,,,,1745,0,0,1745,,,,
412,12_C_63_63,ATP_C_63_Somandepalli,Mandli,2025,,,,,2025,0,0,2025,,,,
413,12_C_63_64,ATP_C_63_Somandepalli,Challapalli,1017,,,,,1017,0,0,1017,,,,
414,12_C_63_65,ATP_C_63_Somandepalli,Chennapuram,522,,,,,522,0,0,522,,,,
415,12_C_63_66,ATP_C_63_Somandepalli,Magecheruvu,754,,,,,754,0,0,754,,,,
416,12_C_63_67,ATP_C_63_Somandepalli,Kothapalli,2244,,,,,2244,0,0,2244,,,,
417,12_C_63_68,ATP_C_63_Somandepalli,Tungodu,1545,,,,,1545,0,0,1545,,,,
418,12_C_63_69,ATP_C_63_Somandepalli,Pandiparthi,1486,,,,,1486,0,0,1486,,,,
419,12_C_63_70,ATP_C_63_Somandepalli,Brahmanapalli,166,,,,,166,0,0,166,,,,
420,12_C_63_71,ATP_C_63_Somandepalli,Julukunta,727,,,,,727,0,0,727,,,,
421,12_C_63_72,ATP_C_63_Somandepalli,Chalakuru,1754,,,,,1754,0,0,1754,,,,
422,12_C_63_73,ATP_C_63_Somandepalli,Brahmasamudram,1291,,,,,1291,0,0,1291,,,,
423,12_C_63_74,ATP_C_63_Somandepalli,Gudipalli,1394,,,,,1394,0,0,1394,,,,
424,12_C_63_75,ATP_C_63_Somandepalli,EdulaBalapuram,592,,,,,592,0,0,592,,,,
425,12_C_63_73,ATP_C_63_Somandepalli,Velidadakala,1788,,,,,331,1457,1457,1788,,,,
426,12_C_64_18,ATP_C_64_Amidala,C.Musturu,910,,,,,910,0,0,910,,,,
427,12_C_64_18,ATP_C_64_Amidala,P.Ahobilam,946,,,,,741,205,205,946,,,,
428,12_C_64_18,ATP_C_64_Amidala,Mopidi,1380,,,,,1280,100,100,1380,,,,
429,12_C_64_18,ATP_C_64_Amidala,Amidala,4938,,,,,4938,0,0,4938,,,,
430,12_C_64_18,ATP_C_64_Amidala,Raketla,4428,,,,,4428,0,0,4428,,,,
431,12_C_64_18,ATP_C_64_Amidala,Mylarampalli,2619,,,,,2619,0,0,2619,,,,
432,12_C_64_18,ATP_C_64_Amidala,P.Koukuntla,3994,,,,,3689,305,305,3994,,,,
433,12_C_64_18,ATP_C_64_Amidala,Y.Rampuram,2074,,,,,1763,311,311,2074,,,,
434,12_C_64_04,ATP_C_46_Enumuladoddi,K.N.Palyam,2775,,,,,2775,0,0,2775,,,,
435,12_C_64_04,ATP_C_46_Enumuladoddi,R.Ananthapuram,3100,,,,,3100,0,0,3100,,,,
436,12_C_64_04,ATP_C_46_Enumuladoddi,Rallapalli,1912,,,,,912,1000,1000,1912,,,,
437,12_C_64_04,ATP_C_46_Enumuladoddi,Kambadur,7248,,,,,7248,0,0,7248,,,,
438,12_C_64_04,ATP_C_46_Enumuladoddi,Thimmapuram,3999,,,,,3999,0,0,3999,,,,
439,12_C_64_04,ATP_C_46_Enumuladoddi,Chennampalli,2303,,,,,2303,0,0,2303,,,,
440,12_C_64_04,ATP_C_46_Enumuladoddi,Kurakulapalli,3629,,,,,2252,1377,1377,3629,,,,
441,12_C_64_04,ATP_C_46_Enumuladoddi,Kariganipalli,2460,,,,,2460,0,0,2460,,,,
442,12_C_64_04,ATP_C_46_Enumuladoddi,Yenumuladoddi,3615,,,,,3219,396,396,3615,,,,
443,12_C_64_04,ATP_C_46_Enumuladoddi,Mallapuram,401,,,,,401,0,0,401,,,,
444,12_C_64_04,ATP_C_46_Enumuladoddi,Bestarapalli,2851,,,,,2590,261,261,2851,,,,
445,12_C_64_04,ATP_C_64_Golla,Ankampalli,2019,,,,,2019,0,0,2019,,,,
446,12_C_64_04,ATP_C_64_Golla,Konampalli,2072,,,,,2072,0,0,2072,,,,
447,12_C_64_04,ATP_C_64_Golla,Kaluvapalli,2594,,,,,2016,578,609,2594,,,,
448,12_C_64_05,ATP_C_64_Golla,Golla,2854,,,,,2854,0,0,2854,,,,
449,12_C_64_04,ATP_C_64_Korrakodu,Korrakodu,3567,,,,,3000,567,567,3567,,,,
450,12_C_64_04,ATP_C_64_Korrakodu,Jayapuram,1543,,,,,1543,0,0,1543,,,,
451,12_C_64_04,ATP_C_64_Korrakodu,Budigumma,2679,,,,,2679,0,0,2679,,,,
452,12_C_64_04,ATP_C_64_M.C. Palli,Makkinavaripalli,285,,,,,285,0,0,285,,,,
453,12_C_64_04,ATP_C_64_M.C. Palli,Kondapuram,1779,,,,,1779,0,0,1779,,,,
454,12_C_64_04,ATP_C_64_M.C. Palli,M.C.Palli,3334,,,,,3334,0,0,3334,,,,
455,12_C_64_05,ATP_C_64_Manirevu,M.M.Halli,1121,,,,,1121,0,0,1121,,,,
456,12_C_64_05,ATP_C_64_Manirevu,Manirevu,4749,,,,,4749,0,0,4749,,,,
457,12_C_64_34,ATP_C_64_Mulakanur,Mulakanur,4377,,,,,3867,510,510,4377,,,,
458,12_C_64_34,ATP_C_64_Mulakanur,Pallur,6339,,,,,6339,0,0,6339,,,,
459,12_C_64_34,ATP_C_64_Mulakanur,Ramapuram,2354,,,,,2354,0,0,2354,,,,
460,12_C_64_34,ATP_C_64_Mulakanur,Karthanaparthi,1985,,,,,1985,0,0,1985,,,,
461,12_C_64_34,ATP_C_64_Mulakanur,Gulyam,782,,,,,782,0,0,782,,,,
462,12_C_64_34,ATP_C_64_Mulakanur,Badrahalli,1190,,,,,775,415,415,1190,,,,
463,12_C_64_01,ATP_C_64_Nutimadugu,Maddalacheruvu,5222,,,,,4878,344,344,5222,,,,
464,12_C_64_01,ATP_C_64_Nutimadugu,Nutimadugu,3274,,,,,3274,0,0,3274,,,,
465,12_C_64_01,ATP_C_64_Nutimadugu,Thimmasamudram,4298,,,,,4298,0,0,4298,,,,
466,12_C_64_01,ATP_C_64_Nutimadugu,Peruru,5359,,,,,5359,0,0,5359,,,,
467,12_C_64_14,ATP_C_64_Palavai,Muddinayanipalli,4000,,,,,2824,1176,1176,4000,,,,
468,12_C_64_14,ATP_C_64_Palavai,Varli,1182,,,,,1182,0,0,1182,,,,
469,12_C_64_14,ATP_C_64_Palavai,East Kodipalli,4492,,,,,4492,0,0,4492,,,,
470,12_C_64_14,ATP_C_64_Palavai,Garudapuram,3812,,,,,2288,1524,1524,3812,,,,
471,12_C_64_14,ATP_C_64_Palavai,Kurubarahalli,399,,,,,399,0,0,399,,,,
472,12_C_64_14,ATP_C_64_Palavai,Palavoy,3243,,,,,3145,98,98,3243,,,,
473,12_C_64_14,ATP_C_64_Palavai,Duradakunta,305,,,,,305,0,0,305,,,,
474,12_C_64_14,ATP_C_64_Palavai,Mudigallu,3492,,,,,3492,0,0,3492,,,,
475,12_C_64_22,ATP_C_64_Ramapuram,P.C.Pyadili,3992,,,,,3992,0,0,3992,,,,
476,12_C_64_22,ATP_C_64_Ramapuram,venkatampalle,2416,,,,,1416,1000,1000,2416,,,,
477,12_C_64_22,ATP_C_64_Ramapuram,J.Ramapuram,4212,,,,,1769,2443,2443,4212,,,,
478,12_C_64_22,ATP_C_64_Ramapuram,Lathavaram,1622,,,,,1622,0,0,1622,,,,
479,12_C_64_22,ATP_C_64_Ramapuram,Shaiksanipalli,1258,,,,,1258,0,0,1258,,,,
480,12_C_64_22,ATP_C_64_Ramapuram,Konapuram,697,,,,,697,0,0,697,,,,
481,12_C_64_22,ATP_C_64_Ramapuram,Racherla,813,,,,,813,0,0,813,,,,
482,12_C_64_01,ATP_C_64_Udiripikonda,udipirikonda,4199,,,,,4199,0,0,4199,,,,
483,12_C_64_01,ATP_C_64_Udiripikonda,Marutla,3299,,,,,2281,1018,1018,3299,,,,
484,12_C_64_01,ATP_C_64_Udiripikonda,Kalagallu,2662,,,,,1651,1011,1011,2662,,,,
485,12_C_65_07,ATP_C_65_Alluru,Talaricheruvu,2440,,,,,2440,0,0,2440,,,,
486,12_C_65_07,ATP_C_65_Alluru,Velamakur,1673,,,,,1673,0,0,1673,,,,
487,12_C_65_07,ATP_C_65_Alluru,Alur,1681,,,,,1681,0,0,1681,,,,
488,12_C_65_07,ATP_C_65_Alluru,Sajjaladinne,1833,,,,,1833,0,0,1833,,,,
489,12_C_65_07,ATP_C_65_Alluru,Bodaipalli,528,,,,,528,0,0,528,,,,
490,12_C_65_08,ATP_C_65_Gudipadu,Brahmanapalli,1637,,,,,1637,0,0,1637,,,,
491,12_C_65_08,ATP_C_65_Gudipadu,Venkatampalli,821,,,,,821,0,0,821,,,,
492,12_C_65_08,ATP_C_65_Gudipadu,Kavetisamudram,1002,,,,,1002,0,0,1002,,,,
493,12_C_65_08,ATP_C_65_Gudipadu,Chukkaluru,1121,,,,,1121,0,0,1121,,,,
494,12_C_65_08,ATP_C_65_Gudipadu,Puliproddatur,607,,,,,607,0,0,607,,,,
495,12_C_65_08,ATP_C_65_Gudipadu,Gangadevipalli,668,,,,,668,0,0,668,,,,
496,12_C_65_08,ATP_C_65_Gudipadu,Obulapuram,486,,,,,486,0,0,486,,,,
497,12_C_65_08,ATP_C_65_Gudipadu,Konauppalapadu,3458,,,,,2060,1398,1398,3458,,,,
498,12_C_65_08,ATP_C_65_Gudipadu,Kamalapadu,3448,,,,,3448,0,0,3448,,,,
499,12_C_65_08,ATP_C_65_Gudipadu,Kundanakota,1087,,,,,1087,0,0,1087,,,,
500,12_C_65_08,ATP_C_65_Gudipadu,Gudipadu,3926,,,,,2924,1002,1002,3926,,,,
501,12_C_65_08,ATP_C_65_Gudipadu,Nittoor,2783,,,,,2783,0,0,2783,,,,
502,12_C_65_08,ATP_C_65_Gudipadu,Bhogasamudram,1344,,,,,1344,0,0,1344,,,,
503,12_C_65_13,ATP_C_65_Igaduru,Thimmapuram,363,,,,,363,0,0,363,,,,
504,12_C_65_13,ATP_C_65_Igaduru,Juturu,2700,,,,,2700,0,0,2700,,,,
505,12_C_65_13,ATP_C_65_Igaduru,Iguduru,1351,,,,,1351,0,0,1351,,,,
506,12_C_65_13,ATP_C_65_Igaduru,Seetharampuram,169,,,,,169,0,0,169,,,,
507,12_C_65_05,ATP_C_65_Kristipadu,Thondapadu,1098,,,,,988.74,109.26,109.26,1098,,,,
508,12_C_65_05,ATP_C_65_Kristipadu,Jakkalacheruvu,2569,,,,,1469,1100,1100,2569,,,,
509,12_C_65_05,ATP_C_65_Kristipadu,Appecherla,2543,,,,,2196.22,346.78,346.78,2543,,,,
510,12_C_65_05,ATP_C_65_Kristipadu,Kristipadu,3004,,,,,1802,1202,1202,3004,,,,
511,12_C_65_05,ATP_C_65_Kristipadu,Muppalagutty,591,,,,,591,0,0,591,,,,
512,12_C_65_05,ATP_C_65_Kristipadu,Mallenipalli,528,,,,,465.11,62.89,62.89,528,,,,
513,12_C_65_05,ATP_C_65_Kristipadu,Rayalacheruvu,1417,,,,,963,454,454,1417,,,,
514,12_C_65_05,ATP_C_65_Kristipadu,Chandana,4695,,,,,2597,2098,2098,4695,,,,
515,12_C_65_05,ATP_C_65_Kristipadu,Thutrallapalli,884,,,,,884,0,0,884,,,,
516,12_C_65_14,ATP_C_65_Puppala,Ravuludiki,2035,,,,,1752,283,282.5,2035,,,,
517,12_C_65_14,ATP_C_65_Puppala,Konapuram,578,,,,,342,236,236.13,578,,,,
518,12_C_65_14,ATP_C_65_Puppala,Devanuppalapadu,1017,,,,,1017,0,0,1017,,,,
519,12_C_65_14,ATP_C_65_Puppala,Chinnayekkaluru,966,,,,,966,0,0,966,,,,
520,12_C_65_14,ATP_C_65_Puppala,Peddayekkaluru,1401,,,,,1401,0,0,1401,,,,
521,12_C_65_14,ATP_C_65_Puppala,Garladinne,622,,,,,622,0,0,622,,,,
522,12_C_65_14,ATP_C_65_Puppala,Pasaluru,1271,,,,,1271,0,0,1271,,,,
523,12_C_65_14,ATP_C_65_Puppala,Athiralladinne,510,,,,,510,0,0,510,,,,
524,12_C_65_14,ATP_C_65_Puppala,Pendekallu,541,,,,,541,0,0,541,,,,
525,12_C_65_14,ATP_C_65_Puppala,Kummetha,386,,,,,386,0,0,386,,,,
526,12_C_65_14,ATP_C_65_Puppala,Dharmapuram,913,,,,,913,0,0,913,,,,
527,12_C_65_14,ATP_C_65_Puppala,Puppala,2033,,,,,1587,446,446,2033,,,,
528,12_C_65_14,ATP_C_65_Puppala,Nagaruru,2019,,,,,2019,0,0,2019,,,,
529,12_C_65_14,ATP_C_65_Puppala,Vemulapadu,1857,,,,,1857,0,0,1857,,,,
530,12_C_65_14,ATP_C_65_Puppala,Yadiki,5203,,,,,2629,2574,2574,5203,,,,
531,12_C_65_14,ATP_C_65_Puppala,Narasapuram,1723,,,,,1723,0,0,1723,,,,
532,12_C_65_14,ATP_C_65_Puppala,J.Dharmapuram,450,,,,,450,0,0,450,,,,
533,12_C_65_14,ATP_C_65_Puppala,Chintalacheruvu,1269,,,,,1269,0,0,1269,,,,
534,12_C_65_05,ATP_C_65_Urachinthala,Urichintala,2171,,,,,1951,220,220,2171,,,,
535,12_C_65_02,ATP_C_65_Utakal,Bethapalli,1361,,,,,1361,0,0,1361,,,,
536,12_C_65_03,ATP_C_65_Utakal,Utakallu,1373,,,,,1253,120,120,1373,,,,
537,12_C_65_04,ATP_C_65_Utakal,Basinepalli,883,,,,,883,0,0,883,,,,
538,12_C_66_08,ATP_C_66_Kanaganapalli,Muthuvakuntla,3353,,,,,3353,0,0,3353,,,,
539,12_C_66_08,ATP_C_66_Kanaganapalli,Kanaganapalli,7150,,,,,7128,22,22,7150,,,,
540,12_C_66_08,ATP_C_66_Kanaganapalli,Nasanakota,6284,,,,,5919,365,365,6284,,,,
541,12_C_66_08,ATP_C_66_Kanaganapalli,Ramagiri,6186,,,,,4475,1711,1711,6186,,,,
542,12_C_66_08,ATP_C_66_Kanaganapalli,Erragunta,2200,,,,,2200,0,0,2200,,,,
543,12_C_66_08,ATP_C_66_Kanaganapalli,Bandameedapalli,2433,,,,,2433,0,0,2433,,,,
544,12_C_67_01,ATP_C_67_Chigicherla,Maroor,5271,,,,,5271,0,0,5271,,,,
545,12_C_67_01,ATP_C_67_Chigicherla,Gotlur,3382,,,,,3382,0,0,3382,,,,
546,12_C_67_01,ATP_C_67_Chigicherla,Chigicherla,3805,,,,,3805,0,0,3805,,,,
547,12_C_67_01,ATP_C_67_Chigicherla,Edula Mustur,3201,,,,,3057,144,144,3201,,,,
548,12_C_67_01,ATP_C_67_Chigicherla,Raghavampalli,243,,,,,243,0,0,243,,,,
549,12_C_67_01,ATP_C_67_Chigicherla,Bathalapalli,3517,,,,,3517,0,0,3517,,,,
550,12_C_67_01,ATP_C_67_Chigicherla,Manilla,1784,,,,,1784,0,0,1784,,,,
551,12_C_67_14,ATP_C_67_Gonipeta,Bojjireddipalli,161,,,,,161,0,0,161,,,,
552,12_C_67_14,ATP_C_67_Gonipeta,Settipalli,3526,,,,,2040,1486,1486,3526,,,,
553,12_C_67_14,ATP_C_67_Gonipeta,Gonipeta,3377,,,,,1334,2043,2043,3377,,,,
554,12_C_67_14,ATP_C_67_Gonipeta,Somandepalli,4034,,,,,2104,1930,1930,4034,,,,
555,12_C_67_14,ATP_C_67_Gonipeta,Naginayanicheruvu,669,,,,,669,0,0,669,,,,
556,12_C_67_14,ATP_C_67_Gonipeta,Bushiahgaripalli,441,,,,,441,0,0,441,,,,
557,12_C_67_14,ATP_C_67_Gonipeta,Velagamakulapalli,267,,,,,267,0,0,267,,,,
558,12_C_67_14,ATP_C_67_Gonipeta,Kotlapalli,2246,,,,,1750,496,496,2246,,,,
559,12_C_67_14,ATP_C_67_Gonipeta,Nidimamidi,2929,,,,,2929,0,0,2929,,,,
560,12_C_67_14,ATP_C_67_Gonipeta,Bandlapalli,2261,,,,,2136.36,124.64,124.64,2261,,,,
561,12_C_67_14,ATP_C_67_Gonipeta,Pakeerupalli,147,,,,,147,0,0,147,,,,
562,12_C_67_14,ATP_C_67_Gonipeta,Mandlapalli,3101,,,,,3101,0,0,3101,,,,
563,12_C_67_14,ATP_C_67_Gonipeta,Boyalapalle,279,,,,,279,0,0,279,,,,
564,12_C_67_09,ATP_C_67_Kadiri,Saidapuram,678,,,,,678,0,0,678,,,,
565,12_C_67_09,ATP_C_67_Kadiri,Kadiri,6823,,,,,6823,0,0,6823,,,,
566,12_C_67_09,ATP_C_67_Kadiri,Muthukapalli,291,,,,,291,0,0,291,,,,
567,12_C_67_09,ATP_C_67_Kadiri,Kowlepalli,484,,,,,484,0,0,484,,,,
568,12_C_67_09,ATP_C_67_Kadiri,Bathalapalli,2022,,,,,764,1258,1258,2022,,,,
569,12_C_67_09,ATP_C_67_Kadiri,K.Brahmanapalli,2533,,,,,1513,1020,1020,2533,,,,
570,12_C_67_09,ATP_C_67_Kadiri,Eguvapalli,2156,,,,,1075,1081,1081,2156,,,,
571,12_C_67_09,ATP_C_67_Kadiri,Maddivarigondi,320,,,,,299,21,21,320,,,,
572,12_C_67_09,ATP_C_67_Kadiri,Kamathampalli,249,,,,,249,0,0,249,,,,
573,12_C_67_09,ATP_C_67_Kadiri,Jogannapeta,2376,,,,,2376,0,0,2376,,,,
574,12_C_67_09,ATP_C_67_Kadiri,Veeraobannapalli,878,,,,,878,0,0,878,,,,
575,12_C_67_09,ATP_C_67_Kadiri,Thummalakuntapalli,816,,,,,816,0,0,816,,,,
576,12_C_67_15,ATP_C_67_Kalasamudram,Godduvelagala,2090,,,,,2090,0,0,2090,,,,
577,12_C_67_15,ATP_C_67_Kalasamudram,Chalamakuntapalli,299,,,,,299,0,0,299,,,,
578,12_C_67_15,ATP_C_67_Kalasamudram,Alampur,223,,,,,223,0,0,223,,,,
579,12_C_67_15,ATP_C_67_Kalasamudram,Kadirikuntapalli,366,,,,,366,0,0,366,,,,
580,12_C_67_15,ATP_C_67_Kalasamudram,Chippalamadugu,173,,,,,173,0,0,173,,,,
581,12_C_67_15,ATP_C_67_Kalasamudram,Kalasamudram,1199,,,,,1199,0,0,1199,,,,
582,12_C_67_15,ATP_C_67_Kalasamudram,Patnam,3055,,,,,3055,0,0,3055,,,,
583,12_C_67_15,ATP_C_67_Kalasamudram,Kutagulla,2056,,,,,2056,0,0,2056,,,,
584,12_C_67_08,ATP_C_67_Kanumukkala,C.K.palli,3928,,,,,2771,1157,1157,3928,,,,
585,12_C_67_08,ATP_C_67_Kanumukkala,Nagasamudram,4384,,,,,4384,0,0,4384,,,,
586,12_C_67_08,ATP_C_67_Kanumukkala,Pyadindi,2636,,,,,2636,0,0,2636,,,,
587,12_C_67_08,ATP_C_67_Kanumukkala,Medapuram,2317,,,,,2317,0,0,2317,,,,
588,12_C_67_08,ATP_C_67_Kanumukkala,Kanumukkala,4942,,,,,2967,1975,1975,4942,,,,
589,12_C_67_08,ATP_C_67_Kanumukkala,Veldurthi,739,,,,,676,63,63,739,,,,
590,12_C_67_08,ATP_C_67_Kanumukkala,Pothulanagepalli,2042,,,,,1086,956,956,2042,,,,
591,12_C_67_08,ATP_C_67_Kanumukkala,Duddebanda,2731,,,,,2451,280,280,2731,,,,
592,12_C_67_08,ATP_C_67_Kanumukkala,Gutturu,1457,,,,,1083,374,374,1457,,,,
593,12_C_67_08,ATP_C_67_Kanumukkala,Gondipalli,596,,,,,596,0,0,596,,,,
594,12_C_67_08,ATP_C_67_Kanumukkala,Puletipalli,3797,,,,,3684,113,113,3797,,,,
595,12_C_67_01,ATP_C_67_Kondakamarla,Daburuvaripalli,677,,,,,677,0,0,677,,,,
596,12_C_67_01,ATP_C_67_Kondakamarla,Kondakamarla,3559,,,,,3559,0,0,3559,,,,
597,12_C_67_01,ATP_C_67_Kondakamarla,Narasambotlapalli,64,,,,,64,0,0,64,,,,
598,12_C_67_01,ATP_C_67_Kondakamarla,Donnikota,3533,,,,,3533,0,0,3533,,,,
599,12_C_67_01,ATP_C_67_Kondakamarla,Kurumala,2043,,,,,2043,0,0,2043,,,,
600,12_C_67_01,ATP_C_67_Kondakamarla,Mutyalacheruvu,3431,,,,,3431,0,0,3431,,,,
601,12_C_67_01,ATP_C_67_Kondakamarla,Kondamanayanipalem,550,,,,,550,0,0,550,,,,
602,12_C_67_02,ATP_C_67_Kondakamarla,Pulagampalli,1105,,,,,1105,,101,1105,,,,
603,12_C_67_07,ATP_C_67_Kunuthuru,Muktapuram,3970,,,,,3970,0,0,3970,,,,
604,12_C_67_07,ATP_C_67_Kunuthuru,Dadaluru,4932,,,,,2937,1995,1995,4932,,,,
605,12_C_67_07,ATP_C_67_Kunuthuru,Subbaraopeta,462,,,,,462,0,0,462,,,,
606,12_C_67_07,ATP_C_67_Kunuthuru,Ravulacheruvu,3008,,,,,3008,0,0,3008,,,,
607,12_C_67_07,ATP_C_67_Kunuthuru,Thummala,1016,,,,,1016,0,0,1016,,,,
608,12_C_67_07,ATP_C_67_Kunuthuru,Kunuthuru,4471,,,,,4471,0,0,4471,,,,
609,12_C_67_07,ATP_C_67_Kunuthuru,Regatipalli,2417,,,,,1870,547,547,2417,,,,
610,12_C_67_07,ATP_C_67_Kunuthuru,Mallakalva,3218,,,,,2917,301,301,3218,,,,
611,12_C_67_07,ATP_C_67_Kunuthuru,Dharmavaram,7687,,,,,7687,0,0,7687,,,,
612,12_C_67_03,ATP_C_67_Kurli,Udumulakurthi,1397,,,,,1273.6,123.4,123.4,1397,,,,
613,12_C_67_03,ATP_C_67_Kurli,Odulapalli,2483,,,,,1673.27,809.73,809.73,2483,,,,
614,12_C_67_03,ATP_C_67_Kurli,Kurli,2418,,,,,2094.11,323.89,323.89,2418,,,,
615,12_C_67_15,ATP_C_67_Mudigubba,Brahmadevaramarri,643,,,,,643,0,0,643,,,,
616,12_C_67_15,ATP_C_67_Mudigubba,J.Kothapalli,1640,,,,,1640,0,0,1640,,,,
617,12_C_67_15,ATP_C_67_Mudigubba,Mudigubba,3878,,,,,3878,0,0,3878,,,,
618,12_C_67_15,ATP_C_67_Mudigubba,Mukthapuram,2380,,,,,2380,0,0,2380,,,,
619,12_C_67_15,ATP_C_67_Mudigubba,Chagapuram,187,,,,,187,0,0,187,,,,
620,12_C_67_15,ATP_C_67_Mudigubba,Mangalamadaka,2007,,,,,2007,0,0,2007,,,,
621,12_C_67_15,ATP_C_67_Mudigubba,Nakkalaguttapalli,111,,,,,111,0,0,111,,,,
622,12_C_67_15,ATP_C_67_Mudigubba,Brahmanapalli,428,,,,,214,214,213.52,428,,,,
623,12_C_67_15,ATP_C_67_Mudigubba,Nelakota,3467,,,,,2074,1393,1393.43,3467,,,,
624,12_C_67_15,ATP_C_67_Mudigubba,Buddareddipalli,49,,,,,49,0,0,49,,,,
625,12_C_67_15,ATP_C_67_Mudigubba,Elukuntla,1987,,,,,1987,0,0,1987,,,,
626,12_C_67_15,ATP_C_67_Mudigubba,Krishnapuram,1413,,,,,1413,0,0,1413,,,,
627,12_C_67_15,ATP_C_67_Mudigubba,Marala,2617,,,,,2617,0,0,2617,,,,
628,12_C_67_15,ATP_C_67_Mudigubba,Siddarampuram,2516,,,,,1525,991,991,2516,,,,
629,12_C_67_15,ATP_C_67_Mudigubba,Sankepalli,2486,,,,,2486,0,0,2486,,,,
630,12_C_67_032,ATP_C_67_Munimadugu,Pothulakunta,1005,,,,,1005,0,0,1005,,,,
631,12_C_67_032,ATP_C_67_Munimadugu,Virupapuram,148,,,,,148,0,0,148,,,,
632,12_C_67_032,ATP_C_67_Munimadugu,Munimadugu,3938,,,,,2969,969,969,3938,,,,
633,12_C_67_032,ATP_C_67_Munimadugu,Cherlopalli,854,,,,,854,0,0,854,,,,
634,12_C_67_032,ATP_C_67_Munimadugu,vasudevapuram,206,,,,,206,0,0,206,,,,
635,12_C_67_032,ATP_C_67_Munimadugu,Yerramanchi,2206,,,,,2206,0,0,2206,,,,
636,12_C_67_032,ATP_C_67_Munimadugu,Obulapuram,163,,,,,163,0,0,163,,,,
637,12_C_67_032,ATP_C_67_Munimadugu,Ramapuram,1311,,,,,934,377,376.68,1311,,,,
638,12_C_67_032,ATP_C_67_Munimadugu,Kondampalli,1013,,,,,1013,0,0,1013,,,,
639,12_C_67_032,ATP_C_67_Munimadugu,Penukonda,8669,,,,,8669,0,0,8669,,,,
640,12_C_67_04,ATP_C_67_Nallacheruvu,Chinnaramannagaripalli,1056,,,,,1056,0,0,1056,,,,
641,12_C_67_04,ATP_C_67_Nallacheruvu,Ulavalavandlapalli,43,,,,,43,0,0,43,,,,
642,12_C_67_04,ATP_C_67_Nallacheruvu,Tanakal,4302,,,,,4302,0,0,4302,,,,
643,12_C_67_04,ATP_C_67_Nallacheruvu,Ethodu,1893,,,,,1893,0,0,1893,,,,
644,12_C_67_04,ATP_C_67_Nallacheruvu,Panthulacheruvu,776,,,,,776,0,0,776,,,,
645,12_C_67_04,ATP_C_67_Nallacheruvu,Allugundu,1269,,,,,1269,0,0,1269,,,,
646,12_C_67_04,ATP_C_67_Nallacheruvu,Nallacheruvu,1945,,,,,1945,0,0,1945,,,,
647,12_C_67_04,ATP_C_67_Nallacheruvu,Mulakalapalli,469,,,,,469,0,0,469,,,,
648,12_C_67_04,ATP_C_67_Nallacheruvu,Maddimadugu,701,,,,,701,0,0,701,,,,
649,12_C_67_04,ATP_C_67_Nallacheruvu,Tavalamarri,1090,,,,,1090,0,0,1090,,,,
650,12_C_67_04,ATP_C_67_Nallacheruvu,Ubicherla,1348,,,,,1348,0,0,1348,,,,
651,12_C_67_04,ATP_C_67_Nallacheruvu,Kadiripulikunta,885,,,,,885,0,0,885,,,,
652,12_C_67_04,ATP_C_67_Nallacheruvu,Talamarlavandlapalli,2361,,,,,2361,0,0,2361,,,,
653,12_C_67_05,ATP_C_67_Nallamada,Nallamada,4355,,,,,3855,500,500,4355,,,,
654,12_C_67_05,ATP_C_67_Nallamada,Chowtakuntapalli,766,,,,,766,0,0,766,,,,
655,12_C_67_05,ATP_C_67_Nallamada,Gopepalli,1140,,,,,1140,0,0,1140,,,,
656,12_C_67_05,ATP_C_67_Nallamada,Reddipalli,4892,,,,,4892,0,0,4892,,,,
657,12_C_67_05,ATP_C_67_Nallamada,Vankarakunta,1265,,,,,1265,0,0,1265,,,,
658,12_C_67_05,ATP_C_67_Nallamada,Vellamaddi,2488,,,,,1826,662,662,2488,,,,
659,12_C_67_05,ATP_C_67_Nallamada,Nagireddipalli,1246,,,,,1246,0,0,1246,,,,
660,12_C_67_05,ATP_C_67_Nallamada,Yerradoddi,941,,,,,941,0,0,941,,,,
661,12_C_67_05,ATP_C_67_Nallamada,Charupalli,3035,,,,,2212,823,823,3035,,,,
662,12_C_67_05,ATP_C_67_Nallamada,Malakavemula,1007,,,,,1007,0,0,1007,,,,
663,12_C_67_03,ATP_C_67_Pamudurthi,Gunipalli,1768,,,,,694,1074,1074,1768,,,,
664,12_C_67_03,ATP_C_67_Pamudurthi,Agraharam,3636,,,,,2314,1322,1322,3636,,,,
665,12_C_67_03,ATP_C_67_Pamudurthi,Pamudurthi,3564,,,,,2629,935,935,3564,,,,
666,12_C_67_03,ATP_C_67_Pamudurthi,Vengalammacheruvu,4183,,,,,3130,1053,1053,4183,,,,
667,12_C_67_03,ATP_C_67_Pamudurthi,Kothakota,9822,,,,,2380,7442,7442,9822,,,,
668,12_C_67_07,ATP_C_67_Polepalli,Polepalli,4501,,,,,4501,0,0,4501,,,,
669,12_C_67_07,ATP_C_67_Polepalli,Seshadribatrahalli,204,,,,,204,0,0,204,,,,
670,12_C_67_07,ATP_C_67_Polepalli,Kuntimaddi,2749,,,,,2749,0,0,2749,,,,
671,12_C_67_07,ATP_C_67_Polepalli,Gantimarri,3097,,,,,2810,287,287,3097,,,,
672,12_C_67_07,ATP_C_67_Polepalli,Mustikovila,5495,,,,,5382,113,113,5495,,,,
673,12_C_67_07,ATP_C_67_Polepalli,Nyamaddala,4523,,,,,3960,563,563,4523,,,,
674,12_C_67_01,ATP_C_67_Puttaparthi,Kappalabanda,1686,,,,,1686,0,0,1686,,,,
675,12_C_67_01,ATP_C_67_Puttaparthi,Jagarajupalli,1322,,,,,650,672,672,1322,,,,
676,12_C_67_01,ATP_C_67_Puttaparthi,Pedaballi,2696,,,,,1696,1000,1000,2696,,,,
677,12_C_67_01,ATP_C_67_Puttaparthi,Kesapuram,1753,,,,,779,974,974,1753,,,,
678,12_C_67_01,ATP_C_67_Puttaparthi,Mylasamudram,410,,,,,380,30,30,410,,,,
679,12_C_67_01,ATP_C_67_Puttaparthi,Kadiridevarapalli,66,,,,,66,0,0,66,,,,
680,12_C_67_01,ATP_C_67_Puttaparthi,Kothapalli,3290,,,,,746,2544,2544,3290,,,,
681,12_C_67_01,ATP_C_67_Puttaparthi,Narepalli,305,,,,,305,0,0,305,,,,
682,12_C_67_01,ATP_C_67_Puttaparthi,Karisettipalli,417,,,,,417,0,0,417,,,,
683,12_C_67_01,ATP_C_67_Puttaparthi,Tirumaladevarapalli,493,,,,,493,0,0,493,,,,
684,12_C_67_01,ATP_C_67_Puttaparthi,Kodapaganipalli,817,,,,,817,0,0,817,,,,
685,12_C_67_01,ATP_C_67_Puttaparthi,Iragampalli,243,,,,,243,0,0,243,,,,
686,12_C_67_01,ATP_C_67_Puttaparthi,Lingareddipalli,180,,,,,180,0,0,180,,,,
687,12_C_67_01,ATP_C_67_Puttaparthi,Thippabatlapalli,241,,,,,241,0,0,241,,,,
688,12_C_67_01,ATP_C_67_Puttaparthi,Marukuntapalli,1059,,,,,1059,0,0,1059,,,,
689,12_C_67_01,ATP_C_67_Puttaparthi,K.Locherla,1277,,,,,1277,0,0,1277,,,,
690,12_C_67_01,ATP_C_67_Puttaparthi,Byrapuram,1388,,,,,1345.1,42.9,42.9,1388,,,,
691,12_C_67_01,ATP_C_67_Puttaparthi,Kadirepalli,342,,,,,342,0,0,342,,,,
692,12_C_67_01,ATP_C_67_Puttaparthi,Bukkapatnam,3161,,,,,1170,1991,1991,3161,,,,
693,12_C_67_01,ATP_C_67_Puttaparthi,Puttaparthy,4557,,,,,4463,94,94,4557,,,,
694,12_C_67_01,ATP_C_67_Puttaparthi,Kothacheruvu,1728,,,,,1728,0,0,1728,,,,
695,12_C_67_04,ATP_C_67_Ravulachervu,Chennarayapatnam,360,,,,,360,0,0,360,,,,
696,12_C_67_04,ATP_C_67_Ravulachervu,Sangala,2306,,,,,2306,0,0,2306,,,,
697,12_C_67_04,ATP_C_67_Ravulachervu,Obulapuram,1910,,,,,1910,0,0,1910,,,,
698,12_C_67_04,ATP_C_67_Ravulachervu,Dampetla,1710,,,,,1710,0,0,1710,,,,
699,12_C_67_04,ATP_C_67_Ravulachervu,D.Cherlopalli,3619,,,,,3619,0,0,3619,,,,
700,12_C_67_04,ATP_C_67_Ravulachervu,Darisimala,3462,,,,,3161,301,301.16,3462,,,,
701,12_C_67_04,ATP_C_67_Ravulachervu,Ganginepalli,1720,,,,,1219,501,1019,1720,,,,
702,12_C_67_2,Atp_C_67_Sanivaripalli,S .Brahmanapalli,955,,,,,955,0,0,955,,,,
703,12_C_67_3,Atp_C_67_Sanivaripalli,Sanivaripalli,2849,,,,,2849,0,0,2849,,,,
704,12_C_67_05,ATP_C_67_Somagatta,Kammavaripalli,1238,,,,,1238,0,0,1238,,,,
705,12_C_67_05,ATP_C_67_Somagatta,Budili,4989,,,,,4938,51,51,4989,,,,
706,12_C_67_05,ATP_C_67_Somagatta,Gorantla,1238,,,,,1238,0,0,1238,,,,
707,12_C_67_05,ATP_C_67_Somagatta,Maredipalli,2489,,,,,2489,0,0,2489,,,,
708,12_C_67_05,ATP_C_67_Somagatta,Puleru,1452,,,,,1452,0,0,1452,,,,
709,12_C_67_05,ATP_C_67_Somagatta,Chagaleru,2418,,,,,2418,0,0,2418,,,,
710,12_C_67_05,ATP_C_67_Somagatta,Kanumakulapalli,181,,,,,181,0,0,181,,,,
711,12_C_67_05,ATP_C_67_Somagatta,Somagatta,1753,,,,,1753,0,0,1753,,,,
712,12_C_67_05,ATP_C_67_Somagatta,Yerrasingepalli,191,,,,,191,0,0,191,,,,
713,12_C_67_05,ATP_C_67_Somagatta,Chowdireddipalli,118,,,,,118,0,0,118,,,,
714,12_C_67_05,ATP_C_67_Somagatta,Muddireddipalli,156,,,,,156,0,0,156,,,,
715,12_C_67_05,ATP_C_67_Somagatta,Gandladinne,104,,,,,104,0,0,104,,,,
716,12_C_67_05,ATP_C_67_Somagatta,Kodikonda,813,,,,,813,0,0,813,,,,
717,12_C_67_05,ATP_C_67_Somagatta,Kambaladinne,160,,,,,160,0,0,160,,,,
718,12_C_67_09,ATP_C_67_Tadimarri,H.Sodanapalli,2108,,,,,2108,0,0,2108,,,,
719,12_C_67_09,ATP_C_67_Tadimarri,Malyavantham,2771,,,,,2555.11,215.89,215.89,2771,,,,
720,12_C_67_09,ATP_C_67_Tadimarri,Apparacheruvu,1612,,,,,1612,0,0,1612,,,,
721,12_C_67_09,ATP_C_67_Tadimarri,Garisalapalli,1429,,,,,1429,0,0,1429,,,,
722,12_C_67_09,ATP_C_67_Tadimarri,Chinnakotla,1767,,,,,1767,0,0,1767,,,,
723,12_C_67_09,ATP_C_67_Tadimarri,Budanampalli,1303,,,,,1303,0,0,1303,,,,
724,12_C_67_09,ATP_C_67_Tadimarri,Pinnadari,2621,,,,,2621,0,0,2621,,,,
725,12_C_67_09,ATP_C_67_Tadimarri,Kunukuntla,2138,,,,,1849.71,288.29,288.29,2138,,,,
726,12_C_67_09,ATP_C_67_Tadimarri,Kondamanayanipalem,550,,,,,550,0,0,550,,,,
727,12_C_67_09,ATP_C_67_Tadimarri,Thirumalapuram,228,,,,,228,0,0,228,,,,
728,12_C_67_09,ATP_C_67_Tadimarri,Tadimarri,3839,,,,,3839,0,0,3839,,,,
729,12_C_67_09,ATP_C_67_Tadimarri,Nidigallu,1851,,,,,1851,0,0,1851,,,,
730,12_C_67_09,ATP_C_67_Tadimarri,M.Agraharam,3562,,,,,3562,0,0,3562,,,,
731,12_C_67_09,ATP_C_67_Tadimarri,Peddakotla,2820,,,,,2820,0,0,2820,,,,
732,12_C_67_09,ATP_C_67_Tadimarri,Chinnachigullarevu,1524,,,,,1524,0,0,1524,,,,
733,12_C_67_15,ATP_C_67_Talamarla,Vemuletipalli,338,,,,,338,0,0,338,,,,
734,12_C_67_15,ATP_C_67_Talamarla,Talamarla,4511,,,,,4211,300,300,4511,,,,
735,12_C_67_15,ATP_C_67_Talamarla,Vangampalli,152,,,,,152,0,0,152,,,,
736,12_C_67_05,ATP_C_67_Talupula,Obulareddipalli,2906,,,,,1906,1000,1000,2906,,,,
737,12_C_67_05,ATP_C_67_Talupula,Vepamanipeta,3250,,,,,3250,0,0,3250,,,,
738,12_C_67_05,ATP_C_67_Talupula,Peddannavaripalli,9387,,,,,8052,1335,1335,9387,,,,
739,12_C_67_05,ATP_C_67_Talupula,Bandlapalli,607,,,,,607,0,0,607,,,,
740,12_C_67_05,ATP_C_67_Talupula,Nutanakalva,1406,,,,,1406,0,0,1406,,,,
741,12_C_67_05,ATP_C_67_Talupula,Pandulakunta,488,,,,,488,0,0,488,,,,
742,12_C_67_05,ATP_C_67_Talupula,Talapula,3418,,,,,3074,344,344,3418,,,,
743,12_C_67_17,ATP_C_67_Thimmampalli,Gugudu,4394,,,,,4171.35,222.65,222.65,4394,,,,
744,12_C_67_17,ATP_C_67_Thimmampalli,Kummanamala,3587,,,,,1889.6,1697.4,1697.4,3587,,,,
745,12_C_67_17,ATP_C_67_Thimmampalli,Madugupalli,924,,,,,347.38,576.62,576.62,924,,,,
746,12_C_67_17,ATP_C_67_Thimmampalli,Chinnamallepalli,518,,,,,518,0,0,518,,,,
747,12_C_67_17,ATP_C_67_Thimmampalli,Garuguchintalapalli,1315,,,,,1315,0,0,1315,,,,
748,12_C_67_17,ATP_C_67_Thimmampalli,Yellutla,2538,,,,,1191.9,1346.1,1346.1,2538,,,,
749,12_C_67_17,ATP_C_67_Thimmampalli,Boppepalli,3496,,,,,3446,50,50,3496,,,,
750,12_C_67_17,ATP_C_67_Thimmampalli,Bukkapuram,1500,,,,,1440,60,60,1500,,,,
751,12_C_67_17,ATP_C_67_Thimmampalli,Aravedu,336,,,,,336,0,0,336,,,,
752,12_C_67_17,ATP_C_67_Thimmampalli,Y.Chinthakayamanda,1261,,,,,1216,45,45,1261,,,,
753,12_C_67_17,ATP_C_67_Thimmampalli,Chillavaripalli,1577,,,,,802.01,774.99,774.99,1577,,,,
754,12_C_67_17,ATP_C_67_Thimmampalli,Dadithota,4172,,,,,2363,1809,1809,4172,,,,
755,12_C_67_17,ATP_C_67_Thimmampalli,Vemulapalli,1399,,,,,1399,0,0,1399,,,,
756,12_C_67_17,ATP_C_67_Thimmampalli,Medikurti,498,,,,,498,0,0,498,,,,
757,12_C_67_17,ATP_C_67_Thimmampalli,Nittoor,664,,,,,664,0,0,664,,,,
758,12_C_67_17,ATP_C_67_Thimmampalli,Peddamellepalli,1125,,,,,1125,0,0,1125,,,,
759,12_C_67_17,ATP_C_67_Thimmampalli,Thirumalapuram,785,,,,,785,0,193,785,,,,
760,12_C_67_17,ATP_C_67_Thimmampalli,Chilamakur,1484,,,,,1484,0,0,1484,,,,
761,12_C_59_06,ATP_C_59_Amadaguru,Amadaguru,3605,,,,,3605,0,0,3605,,,,
762,12_C_59_06,ATP_C_59_Amadaguru,Chinaganipalle,1719,,,,,1719,0,0,1719,,,,
763,12_C_59_06,ATP_C_59_Amadaguru,Ramanathapuram,1122,,,,,122,1000,1000,1122,,,,
764,12_C_59_06,ATP_C_59_Amadaguru,Gadidamanipalli,1120,,,,,120,1000,1000,1120,,,,
765,12_C_59_06,ATP_C_59_Amadaguru,Edigavaripalli,1508,,,,,636,872,872,1508,,,,
766,12_C_59_06,ATP_C_59_Amadaguru,Cheekirevulapalli,1339,,,,,339,1000,1000,1339,,,,
767,12_C_59_06,ATP_C_59_Amadaguru,Thummala,3884,,,,,3884,0,0,3884,,,,
768,12_C_59_06,ATP_C_59_Amadaguru,Karimereddipalli,151,,,,,151,0,0,151,,,,
769,12_C_59_06,ATP_C_59_Amadaguru,Pulikuntapalli,623,,,,,623,0,0,623,,,,
770,12_C_59_06,ATP_C_59_Amadaguru,Dademvaripalli,205,,,,,205,0,0,205,,,,
771,12_C_59_06,ATP_C_59_Amadaguru,Lokajipalli,701,,,,,701,0,0,701,,,,
772,12_C_67_15,ATP_C_67_Cheekatimanapalli,Kotapalle,1345,,,,,1345,0,0,1345,,,,
773,12_C_67_15,ATP_C_67_Cheekatimanapalli,Mundlavaripalle,940,,,,,940,0,0,940,,,,
774,12_C_67_15,ATP_C_67_Cheekatimanapalli,Venkatarayanipalle,559,,,,,559,0,0,559,,,,
775,12_C_67_15,ATP_C_67_Cheekatimanapalli,Danduvaripalle,795,,,,,795,0,0,795,,,,
776,12_C_67_15,ATP_C_67_Cheekatimanapalli,Malareddipalli,1967,,,,,1967,0,0,1967,,,,
777,12_C_67_15,ATP_C_67_Cheekatimanapalli,Gurrambailu,763,,,,,763,0,0,763,,,,
778,12_C_67_15,ATP_C_67_Cheekatimanapalli,Bonthalapalle,2337,,,,,2337,0,0,2337,,,,
779,12_C_67_15,ATP_C_67_Cheekatimanapalli,Cheekatimanipalli,1074,,,,,1074,0,0,1074,,,,
780,12_C_67_15,ATP_C_69_Kokkanti,Edurudona,1606,,,,,1606,0,0,1606,,,,
781,12_C_67_15,ATP_C_69_Kokkanti,Diguvamandlapalli,228,,,,,228,0,0,228,,,,
782,12_C_67_15,ATP_C_69_Kokkanti,Kokkanti,4482,,,,,4445.58,36.42,36.42,4482,,,,
783,12_C_67_15,ATP_C_69_Kokkanti,Korthikota,1469,,,,,469,1000,1000,1469,,,,
784,12_C_67_15,ATP_C_69_Kokkanti,Maddinayanipalem,1444,,,,,444,1000,1000,1444,,,,
785,12_C_67_15,ATP_C_69_Kokkanti,Agraharampalle,1222,,,,,423,799,799,1222,,,,
786,12_C_67_15,ATP_C_69_Kokkanti,T.Sadam,2128,,,,,2128,0,0,2128,,,,
787,12_C_67_15,ATP_C_69_Kokkanti,Balasamudram,626,,,,,626,0,0,626,,,,
788,12_C_67_15,ATP_C_69_Kokkanti,Tavalam,4509,,,,,4509,0,0,4509,,,,
789,12_C_67_15,ATP_C_69_Kokkanti,Oravoy,2244,,,,,2244,0,0,2244,,,,
790,12_C_69_04,ATP_C_69_N.P. Kunta,Vankamaddi,2208,,,,,2208,0,0,2208,,,,
791,12_C_69_04,ATP_C_69_N.P. Kunta,Dhaniyanicheruvu,2942,,,,,2942,0,0,2942,,,,
792,12_C_69_04,ATP_C_69_N.P. Kunta,Mudupulajuvi,412,,,,,412,0,0,412,,,,
793,12_C_69_04,ATP_C_69_N.P. Kunta,Mekalacheruvu,1507,,,,,1507,0,0,1507,,,,
794,12_C_69_04,ATP_C_69_N.P. Kunta,Gootibylu,382,,,,,382,0,0,382,,,,
795,12_C_69_04,ATP_C_69_N.P. Kunta,Gandlapenta,3780,,,,,3780,0,0,3780,,,,
796,12_C_69_04,ATP_C_69_N.P. Kunta,Jeenulakunta,1529,,,,,529,1000,1000,1529,,,,
797,12_C_69_04,ATP_C_69_N.P. Kunta,Veparala,1907,,,,,732,1175,1175,1907,,,,
798,12_C_69_04,ATP_C_69_N.P. Kunta,Kurumamidi,1820,,,,,759,1061,1061,1820,,,,
799,12_C_69_04,ATP_C_69_N.P. Kunta,Chamalagondi,1316,,,,,1316,0,0,1316,,,,
800,12_C_69_04,ATP_C_69_N.P. Kunta,Somayajulapalli,1117,,,,,1117,0,0,1117,,,,
801,12_C_69_04,ATP_C_69_N.P. Kunta,Chamachenubylu,1493,,,,,493,1000,1000,1493,,,,
802,12_C_69_04,ATP_C_69_N.P. Kunta,N.P.Kunta,2529,,,,,2529,0,0,2529,,,,
803,12_C_69_04,ATP_C_69_N.P. Kunta,Malameedapalli,2180,,,,,2180,0,0,2180,,,,
804,12_C_69_04,ATP_C_69_N.P. Kunta,Marrikommadinne,4655,,,,,3101,1554,1554,4655,,,,
805,12_C_69_05,ATP_C_69_N.P. Kunta,Maduguvanigondi,554,,,,,554,0,0,554,,,,
806,12_C_69_11,ATP_C_69_Pedaballi,Pedaballi,2823,,,,,2823,0,0,2823,,,,
807,12_C_69_11,ATP_C_69_Pedaballi,Pedaballikothapalle,4113,,,,,4113,0,0,4113,,,,
808,12_C_69_01,ATP_C_69_Velichalamala,Puligundlapalli,1402,,,,,1402,0,0,1402,,,,
809,12_C_69_01,ATP_C_69_Velichalamala,Velichelamala,6550,,,,,4550,2000,2000,6550,,,,
810,12_C_69_01,ATP_C_69_Velichalamala,Gowkanapalli,2399,,,,,2399,0,0,2399,,,,
811,12_C_69_01,ATP_C_69_Velichalamala,Thummalabylu,792,,,,,792,0,0,792,,,,
812,12_D_46_08,ATP_D_46_Agali,Ravudi,1737,,,,,1737,0,0,1737,,,,
813,12_D_46_08,ATP_D_46_Agali,Inagaluru,2263,,,,,2263,0,0,2263,,,,
814,12_D_46_08,ATP_D_46_Agali,Akkaladevarahalli,195,,,,,195,0,0,195,,,,
815,12_D_46_08,ATP_D_46_Agali,Narasambudi,1253,,,,,1253,0,0,1253,,,,
816,12_D_46_08,ATP_D_46_Agali,Madhudi,843,,,,,843,0,0,843,,,,
817,12_D_46_08,ATP_D_46_Agali,P.Byadega,885,,,,,885,0,0,885,,,,
818,12_D_46_08,ATP_D_46_Agali,H.D.Halli,1534,,,,,1489,45,45,1534,,,,
819,12_D_46_08,ATP_D_46_Agali,Agali,1388,,,,,1388,0,0,1388,,,,
820,12_D_46_08,ATP_D_46_Agali,Kodihalli,2244,,,,,2244,0,0,2244,,,,
821,12_D_46_08,ATP_D_46_Agali,M.Rayapuram,1976,,,,,1976,0,0,1976,,,,
822,12_D_46_08,ATP_D_46_Agali,Rolla,3738,,,,,2672,1066,1066,3738,,,,
823,12_D_46_08,ATP_D_46_Agali,Thumbinakunta,284,,,,,284,0,0,284,,,,
824,12_D_46_08,ATP_D_46_Agali,Ratnagiri,2578,,,,,2383,195,195,2578,,,,
825,12_D_46_08,ATP_D_46_Agali,Kaki,1374,,,,,1374,0,4,1374,,,,
826,12_D_46_08,ATP_D_46_Agali,Dodderi,1181,,,,,1181,0,0,1181,,,,
827,12_D_46_61,ATP_D_46_Amarapuram,Valasa,3140,,,,,3140,0,0,3140,,,,
828,12_D_46_61,ATP_D_46_Amarapuram,Thammadehalli,2748,,,,,2748,0,0,2748,,,,
829,12_D_46_61,ATP_D_46_Amarapuram,Amarapuram,3813,,,,,3813,0,0,3813,,,,
830,12_D_46_61,ATP_D_46_Amarapuram,Halakuru,2676,,,,,2676,0,0,2676,,,,
831,12_D_46_02,ATP_D_B.G. Halli,Rallapalli,2827,,,,,960,1867,1867,2827,,,,
832,12_D_46_02,ATP_D_B.G. Halli,Kekathi,1986,,,,,832,1154,1154,1986,,,,
833,12_D_46_02,ATP_D_B.G. Halli,Gudibanda,3847,,,,,3492,355,355,3847,,,,
834,12_D_46_02,ATP_D_B.G. Halli,Muthukuru,1966,,,,,1966,0,0,1966,,,,
835,12_D_46_02,ATP_D_B.G. Halli,Mandalahalli,1284,,,,,615,669,669,1284,,,,
836,12_D_46_02,ATP_D_B.G. Halli,Konkallu,1458,,,,,496,962,962,1458,,,,
837,12_D_46_02,ATP_D_B.G. Halli,Rayapuram,274,,,,,274,0,0,274,,,,
838,12_D_46_02,ATP_D_B.G. Halli,Bommagundanahalli,2808,,,,,2188,620,620,2808,,,,
839,12_D_46_02,ATP_D_B.G. Halli,Morubagal,3501,,,,,3501,0,0,3501,,,,
840,12_D_46_02,ATP_D_B.G. Halli,Gunimorubal,1242,,,,,1240,2,2,1242,,,,
841,12_D_46_09,ATP_D_46_Basavanahalli,Nidragatta,1278,,,,,1278,0,0,1278,,,,
842,12_D_46_09,ATP_D_46_Basavanahalli,Hemavathi,3732,,,,,3732,0,0,3732,,,,
843,12_D_46_09,ATP_D_46_Basavanahalli,Sivaram,2732,,,,,2732,0,0,2732,,,,
844,12_D_46_09,ATP_D_46_Basavanahalli,Veerabommanahalli,206,,,,,206,0,0,206,,,,
845,12_D_46_09,ATP_D_46_Basavanahalli,Basavanahalli,2320,,,,,2320,0,0,2320,,,,
846,12_D_46_09,ATP_D_46_Basavanahalli,Kummaranagepalli,163,,,,,163,0,0,163,,,,
847,12_D_46_09,ATP_D_46_Basavanahalli,Karikera,2062,,,,,2062,0,0,2062,,,,
848,12_D_46_09,ATP_D_46_Basavanahalli,Chigathurpi,660,,,,,660,0,0,660,,,,
849,12_D_46_03,ATP_D_46_Beluguppa,Sree Rangapuram,2505,,,,,2505,0,0,2505,,,,
850,12_D_46_03,ATP_D_46_Beluguppa,Beluguppa,5068,,,,,4181,887,887,5068,,,,
851,12_D_46_03,ATP_D_46_Beluguppa,Thagguparthi,2495,,,,,2495,0,0,2495,,,,
852,12_D_46_03,ATP_D_46_Beluguppa,Yerragudi,1338,,,,,1338,0,0,1338,,,,
853,12_D_46_03,ATP_D_46_Beluguppa,Avulanne,995,,,,,995,0,0,995,,,,
854,12_D_46_03,ATP_D_46_Beluguppa,Siripi,3566,,,,,3566,0,0,3566,,,,
855,12_D_46_03,ATP_D_46_Beluguppa,Duddekunta,2387,,,,,2387,0,0,2387,,,,
856,12_D_46_03,ATP_D_46_Beluguppa,Gangavaram,2227,,,,,2227,0,0,2227,,,,
857,12_D_46_02,ATP_D_46_Beluguppa,Rachumarri,977,,,,,977,0,0,977,,,,
858,12_D_46_03,ATP_D_46_Beluguppa,Kalekurthi,1493,,,,,1493,0,0,1493,,,,
859,12_D_46_03,ATP_D_46_Beluguppa,Hanakanahal,3815,,,,,3815,0,0,3815,,,,
860,12_D_46_11,ATP_D_46_Brahmasamudram,Kannepalli,2735,,,,,2735,0,0,2735,,,,
861,12_D_46_11,ATP_D_46_Brahmasamudram,Theetakal,2571,,,,,2571,0,0,2571,,,,
862,12_D_46_11,ATP_D_46_Brahmasamudram,Pillapalalli,5178,,,,,3594,1584,1584,5178,,,,
863,12_D_46_11,ATP_D_46_Brahmasamudram,Byrasamudram,2914,,,,,2914,0,0,2914,,,,
864,12_D_46_11,ATP_D_46_Brahmasamudram,Chalimenahalli,537,,,,,537,0,0,537,,,,
865,12_D_46_11,ATP_D_46_Brahmasamudram,Vepulaparthi,1165,,,,,1165,0,0,1165,,,,
866,12_D_46_11,ATP_D_46_Brahmasamudram,Gundiganipalli,325,,,,,325,0,0,325,,,,
867,12_D_46_11,ATP_D_46_Brahmasamudram,Byravanithippa,1741,,,,,1741,0,0,1741,,,,
868,12_D_46_11,ATP_D_46_Brahmasamudram,W.Kodipalli,2722,,,,,2722,0,0,2722,,,,
869,12_D_46_11,ATP_D_46_Brahmasamudram,Eradikera,2031,,,,,2031,0,0,2031,,,,
870,12_D_46_11,ATP_D_46_Brahmasamudram,N.Gundpalli,961,,,,,838,123,123,961,,,,
871,12_D_46_11,ATP_D_46_Brahmasamudram,Narasapuram,3665,,,,,2768,897,897,3665,,,,
872,12_D_46_11,ATP_D_46_Brahmasamudram,Hulikal,2422,,,,,2212,210,210,2422,,,,
873,12_D_46_11,ATP_D_46_Brahmasamudram,Chapiri,2808,,,,,2808,0,0,2808,,,,
874,12_D_46_11,ATP_D_46_Brahmasamudram,Kalyandurg,6132,,,,,4460,1672,1672,6132,,,,
875,12_D_46_11,ATP_D_46_Brahmasamudram,Adavigollapalli,1358,,,,,1256,102,102,1358,,,,
876,12_D_46_11,ATP_D_46_Brahmasamudram,Yatakal,4554,,,,,3966,588,588,4554,,,,
877,12_D_46_11,ATP_D_46_Brahmasamudram,Brahmasamudram,1857,,,,,1857,0,0,1857,,,,
878,12_D_46_22,ATP_D_46_Kunduripi,Kundurpi,4615,,,,,4363,252,252,4615,,,,
879,12_D_46_22,ATP_D_46_Kunduripi,Malayanur,4300,,,,,3600,700,700,4300,,,,
880,12_D_46_22,ATP_D_46_Kunduripi,Nijavalli,1400,,,,,1235,165,165,1400,,,,
881,12_D_46_22,ATP_D_46_Kunduripi,Jambugumpala,2788,,,,,349,2439,2439,2788,,,,
882,12_D_46_01,ATP_D_46_Settur,Settur,2591,,,,,2054,537,537,2591,,,,
883,12_D_46_01,ATP_D_46_Settur,Bachepalli,3159,,,,,1783,1376,1376,3159,,,,
884,12_D_46_01,ATP_D_46_Settur,Kanthanahalli,442,,,,,442,0,0,442,,,,
885,12_D_46_01,ATP_D_46_Settur,Ayyagarlapalli,1313,,,,,1313,0,0,1313,,,,
886,12_D_46_01,ATP_D_46_Settur,Chintarlapalli,2738,,,,,2721,17,20,2738,,,,
887,12_D_46_01,ATP_D_46_Settur,Khairevu,3870,,,,,3846,24,24,3870,,,,
888,12_D_46_01,ATP_D_46_Settur,Lakshmampalli,2877,,,,,2642,235,239,2877,,,,
889,12_D_46_01,ATP_D_46_Settur,Yerrakondapuram,525,,,,,525,0,0,525,,,,
890,12_D_46_01,ATP_D_46_Settur,Santhukondapuram,4656,,,,,4539,117,117,4656,,,,
891,12_C_ 66_04,ATP_C_66_Hampapuram,Gangulakunta,461,,,,,461,0,0,461,,,,
892,12_C_ 66_04,ATP_C_66_Hampapuram,Bommeparthy,1486,,,,,1486,0,0,1486,,,,
893,12_C_ 66_04,ATP_C_66_Hampapuram,Hampapuram,2318,,,,,2318,0,0,2318,,,,
894,12_C_ 66_04,ATP_C_66_Hampapuram,Gondireddipalli,2719,,,,,2719,0,0,2719,,,,
895,12_C_ 66_04,ATP_C_66_Hampapuram,Kandukur,2266,,,,,2266,0,0,2266,,,,
896,12_C_ 66_04,ATP_C_66_Hampapuram,Jangalapalle,207,,,,,191,16,16,207,,,,
897,12_C_ 66_04,ATP_C_66_Hampapuram,Itikalapalli,2202,,,,,2202,0,0,2202,,,,
898,12_C_ 66_05,ATP_C_66_Hampapuram,Upparapalli,1221,,,,,1221,0,0,1221,,,,
899,12_C_ 66_06,ATP_C_66_Hampapuram,Rapthadu,3501,,,,,3501,0,0,3501,,,,
900,12_C_63_09,ATP_C_67_VonavoluG,Vanavolu,4186,,,,,1168,3018,3018,4186,,,,
901,12_C_63_09,ATP_C_67_VonavoluG,Jakkasamudram,324,,,,,324,0,0,324,,,,
902,12_C_63_09,ATP_C_67_VonavoluG,Bynakuntapalli,166,,,,,166,0,0,166,,,,
903,12_C_67_02,ATP_C_67_VonavoluG,Beedupalli,919,,,,,919,0,0,919,,,,
904,12_C_67_02,ATP_C_67_VonavoluG,Brahmanapalli,798,,,,,798,0,0,798,,,,
905,12_C_67_02,ATP_C_67_VonavoluG,Enumulapalli,1257,,,,,823,434,434,1257,,,,
906,12_C_67_02,ATP_C_67_VonavoluG,Satarlapalli,510,,,,,340,170,170,510,,,,
907,12_C_67_02,ATP_C_67_VonavoluG,Anagondapalem,6908,,,,,2570,4338,4338,6908,,,,
908,12_D_46_22,ATP_D_46_Appilepalli,Mulakaledu,9293,,,,,8841,452,0,9293,,,,
909,12_D_46_23,ATP_D_46_Appilepalli,Basapuram,3884,,,,,3728,156,0,3884,,,,
910,12_D_46_24,ATP_D_46_Appilepalli,Appilepalli,2772,,,,,2716,56,0,2772,,,,
911,12_C_67_05,ATP_C_67_Thippepalli,Allapalle,2851,,,,,2851,0,0,2851,,,,
912,12_C_67_05,ATP_C_67_Thippepalli,Thippepalle,1301,,,,,1301,0,0,1301,,,,
913,12_C_67_05,ATP_C_67_Thippepalli,M.Kothapalle,520,,,,,520,0,0,520,,,,
914,12_C_67_05,ATP_C_67_Thippepalli,Enagaluru,3961,,,,,2961,1000,1000,3961,,,,
915,12_C_67_05,ATP_C_67_Thippepalli,Venkatapuram,989,,,,,989,0,0,989,,,,
916,12_C_67_05,ATP_C_67_Thippepalli,O.D.Cheruvu,1709,,,,,1709,0,0,1709,,,,
917,12_C_67_05,ATP_C_67_Thippepalli,Sunnampalli,2224,,,,,2224,0,0,2224,,,,
918,12_C_67_05,ATP_C_67_Thippepalli,Tangedukunta,3214,,,,,1973,1241,1241,3214,,,,
919,12_C_67_05,ATP_C_67_Thippepalli,Arakabavipalli,143,,,,,143,0,0,143,,,,
920,12_C_67_05,ATP_C_67_Thippepalli,S.Kuruvapalle,50,,,,,50,0,0,50,,,,
921,12_C_67_05,ATP_C_67_Thippepalli,J.Kothapalli,1650,,,,,1650,0,0,1650,,,,
922,12_C_67_05,ATP_C_67_Thippepalli,Mohammadabad,2226,,,,,2226,0,0,2226,,,,
923,12_C_67_05,ATP_C_67_Thippepalli,Kassamudram,1225,,,,,1225,0,0,1225,,,,
924,12_C_66_07,ATP_C_66_Kurugunta,Goridindla,6479,,,,,4923,1556,1556,6479,,,,
925,12_C_66_07,ATP_C_66_Kurugunta,Sanapa,3654,,,,,2859,795,795,3654,,,,
926,12_C_66_07,ATP_C_66_Kurugunta,Madigubba,1726,,,,,1016,710,710,1726,,,,
927,12_C_66_07,ATP_C_66_Kurugunta,B.Yaleru,1354,,,,,1354,0,0,1354,,,,
928,12_C_66_07,ATP_C_66_Kurugunta,Thopudurthi,2061,,,,,2061,0,0,2061,,,,
929,12_C_66_07,ATP_C_66_Kurugunta,Kurugunta,1904,,,,,1904,0,0,1904,,,,
930,12_C_66_07,ATP_C_66_Kurugunta,Kamarupalli,1436,,,,,1436,0,0,1436,,,,
931,12_C_66_01,ATP_C_66_Thumucherla,Thumucherla,5408,,,,,3923,1485,1485,5408,,,,
932,12_C_66_01,ATP_C_66_Thumucherla,Tagarakunta,3547,,,,,2291,1256,1256,3547,,,,
933,12_C_66_01,ATP_C_66_Thumucherla,Narasampalli,2697,,,,,1502,1195,1195,2697,,,,
934,12_C_66_01,ATP_C_66_Thumucherla,Elakuntla,3685,,,,,3551,134,134,3685,,,,
935,12_C_66_01,ATP_C_66_Thumucherla,Palcherla,2771,,,,,2771,0,0,2771,,,,
936,12_C_66_01,ATP_C_66_Thumucherla,Gandlaparthy,1710,,,,,1710,0,0,1710,,,,
937,12_C_66_02,ATP_C_66_Vaddupalli,P. Yelaru,5713,,,,,4713,1000,1000,5713,,,,
938,12_C_66_02,ATP_C_66_Vaddupalli,Talupuru,2673,,,,,1345,1328,1328,2673,,,,
939,12_C_66_02,ATP_C_66_Vaddupalli,Gollapalle,1150,,,,,1150,0,0,1150,,,,
940,12_C_66_02,ATP_C_66_Vaddupalli,Sajjalakalva,530,,,,,530,0,0,530,,,,
941,12_C_66_02,ATP_C_66_Vaddupalli,Papampeta,378,,,,,378,0,0,378,,,,
942,12_C_66_02,ATP_C_66_Vaddupalli,Rachanapalli,1235,,,,,1235,0,0,1235,,,,
943,12_C_66_02,ATP_C_66_Vaddupalli,Brahmanapalle,1122,,,,,1122,0,0,1122,,,,
944,12_C_66_02,ATP_C_66_Vaddupalli,Kammuru,4418,,,,,2760,1658,1658,4418,,,,
945,12_C_66_02,ATP_C_66_Vaddupalli,Gotukuru,1635,,,,,1635,0,0,1635,,,,
946,12_C_66_02,ATP_C_66_Vaddupalli,Kuderu,5324,,,,,3629,1695,1695,5324,,,,
947,12_C_66_02,ATP_C_66_Vaddupalli,Ipperu,5074,,,,,4557,517,517,5074,,,,
948,12_C_66_02,ATP_C_66_Vaddupalli,Cholasamudram,1592,,,,,1592,0,0,1592,,,,
949,12_C_66_02,ATP_C_66_Vaddupalli,Atmakur,5982,,,,,5159,823,823,5982,,,,
950,12_C_66_02,ATP_C_66_Vaddupalli,Thimmapuram,2656,,,,,2656,0,0,2656,,,,
951,12_C_67_14,ATP_C_67_Dorigallu,P.C.Revu,1267,,,,,1267,0,0,1267,,,,
952,12_C_67_14,ATP_C_67_Dorigallu,Uppalapadu,1142,,,,,1142,0,0,1142,,,,
953,12_C_67_14,ATP_C_67_Dorigallu,Dorigallu,10060,,,,,8060,2000,2000,10060,,,,
954,12_C_67_14,ATP_C_67_Dorigallu,Kodavandlapalli,2083,,,,,2083,0,0,2083,,,,
955,12_C_67_14,ATP_C_67_Dorigallu,Marthadu,1341,,,,,1341,0,0,1341,,,,
956,12_C_67_14,ATP_C_67_Dorigallu,S.Bandlapalli,1607,,,,,1607,0,0,1607,,,,
957,12_C_67_14,ATP_C_67_Dorigallu,Gandlavallapalli,455,,,,,455,0,0,455,,,,
958,12_C_67_14,ATP_C_67_Dorigallu,Yellareddypalli,897,,,,,897,0,0,897,,,,
959,12_C_67_14,ATP_C_67_Dorigallu,Thimmanayanipalyam,2696,,,,,1185,1511,1511,2696,,,,
960,12_C_67_14,ATP_C_67_Dorigallu,Mallepalli,2496,,,,,2496,0,0,2496,,,,
961,12_C_67_14,ATP_C_67_Dorigallu,Tappetavaripalli,956,,,,,956,0,0,956,,,,
962,12_C_67_14,ATP_C_67_Dorigallu,Kondaguttpalli,2471,,,,,2471,0,0,2471,,,,
963,12_C_67_14,ATP_C_67_Dorigallu,Devaaragudipalli,677,,,,,677,0,0,677,,,,
964,12_C_67_14,ATP_C_67_Dorigallu,Lakkasamudram,1696,,,,,1453,243,243,1696,,,,
