,,,,CA,NCA,PQA,,,,,,,,,,,,,,,
,,,,Industrial,Industrial,Industrial,,,,,,,,,,,,,,,
Sr.no,Watershed code,GW watershed name,village name,Industrial Wells,Industrial Wells,Industrial Wells,Total,,,,,,,,,,,,,,
1,12_C_65_17,ATP_C_65_Amalladinne,Peddapappur,,,,0,,,,,,,,,,,,,,
2,12_C_65_17,ATP_C_65_Amalladinne,Chagallu,,,,0,,,,,,,,,,,,,,
3,12_C_65_17,ATP_C_65_Amalladinne,Tabjula,,,,0,,,,,,,,,,,,,,
4,12_C_65_17,ATP_C_65_Amalladinne,Mutchukota,,,,0,,,,,,,,,,,,,,
5,12_C_65_17,ATP_C_65_Amalladinne,Amaladinne,,,,0,,,,,,,,,,,,,,
6,12_C_65_17,ATP_C_65_Amalladinne,Surepalli,,,,0,,,,,,,,,,,,,,
7,12_C_65_17,ATP_C_65_Amalladinne,Arakatavemula,,,,0,,,,,,,,,,,,,,
8,12_C_65_17,ATP_C_65_Amalladinne,Komatikuntla,,,,0,,,,,,,,,,,,,,
9,12_C_65_17,ATP_C_65_Amalladinne,Cherlopalli,,,,0,,,,,,,,,,,,,,
10,12_C_65_17,ATP_C_65_Amalladinne,Kadavakallu,,,,0,,,,,,,,,,,,,,
11,12_C_65_17,ATP_C_65_Amalladinne,Dosaledu,,,,0,,,,,,,,,,,,,,
12,12_C_65_17,ATP_C_65_Amalladinne,Chalivemula,,,,0,,,,,,,,,,,,,,
13,12_C_65_17,ATP_C_65_Amalladinne,Chintakunta,,,,0,,,,,,,,,,,,,,
14,12_C_65_17,ATP_C_65_Amalladinne,Ullikallu,,,,0,,,,,,,,,,,,,,
15,12_C_65_17,ATP_C_65_Amalladinne,Komali,,,,0,,,,,,,,,,,,,,
16,12_C_65_17,ATP_C_65_Amalladinne,Chinnapolamada,,,,0,,,,,,,,,,,,,,
17,12_C_65_17,ATP_C_65_Amalladinne,Peddapolamada,,,,0,,,,,,,,,,,,,,
18,12_C_65_17,ATP_C_65_Amalladinne,Nandalapadu,,15,,15,,,,,,,,,,,,,,
19,12_D_46_03,ATP_C_46_Chadam,Dodagatta,0,0,,0,,,,,,,,,,,,,,
20,12_D_46_03,ATP_C_46_Chadam,Hullikal,0,0,,0,,,,,,,,,,,,,,
21,12_D_46_03,ATP_C_46_Chadam,Mechiri,0,0,,0,,,,,,,,,,,,,,
22,12_D_46_03,ATP_C_46_Chadam,Mallapuram,0,0,,0,,,,,,,,,,,,,,
23,12_D_46_03,ATP_C_46_Chadam,Chadam,0,0,,0,,,,,,,,,,,,,,
24,12_D_46_03,ATP_C_46_Chadam,Bondanakal,0,0,,0,,,,,,,,,,,,,,
25,12_D_46_03,ATP_C_46_Chadam,Elangi,0,0,,0,,,,,,,,,,,,,,
26,12_D_46_01,ATP_D_46_D.Hirehal,Malapanagudi,,,,0,,,,,,,,,,,,,,
27,12_D_46_01,ATP_D_46_D.Hirehal,H.Siddapuram,,2,,2,,,,,,,,,,,,,,
28,12_D_46_01,ATP_D_46_D.Hirehal,Obulapuram,,25,,25,,,,,,,,,,,,,,
29,12_D_46_01,ATP_D_46_D.Hirehal,D.Hirehal,,28,,28,,,,,,,,,,,,,,
30,12_D_46_01,ATP_D_46_D.Hirehal,H.Hosahalli,,,,0,,,,,,,,,,,,,,
31,12_D_46_01,ATP_D_46_D.Hirehal,Lakshmipuram,,,,0,,,,,,,,,,,,,,
32,12_D_46_01,ATP_D_46_D.Hirehal,Madanahalli,,,,0,,,,,,,,,,,,,,
33,12_D_46_01,ATP_D_46_D.Hirehal,Lingamanhalli,,,,0,,,,,,,,,,,,,,
34,12_D_46_01,ATP_D_46_D.Hirehal,Jajrakal,,,,0,,,,,,,,,,,,,,
35,12_D_46_01,ATP_D_46_D.Hirehal,Hirdehal,,2,,2,,,,,,,,,,,,,,
36,12_D_46_01,ATP_D_46_D.Hirehal,Pulakurthi,,,,0,,,,,,,,,,,,,,
37,12_D_46_01,ATP_D_46_D.Hirehal,Nagalapuram,,,,0,,,,,,,,,,,,,,
38,12_D_46_01,ATP_D_46_D.Hirehal,Somalapuram,0,,,0,,,,,,,,,,,,,,
39,12_D_46_01,ATP_D_46_D.Hirehal,Kuruvalli,,,,0,,,,,,,,,,,,,,
40,12_D_46_01,ATP_D_46_D.Hirehal,Siddarampuram,,,,0,,,,,,,,,,,,,,
41,12_D_46_01,ATP_D_46_D.Hirehal,Haresamudram,2,,,2,,,,,,,,,,,,,,
42,12_D_46_01,ATP_D_46_D.Hirehal,Bommanahal,,,,0,,,,,,,,,,,,,,
43,12_D_46_01,ATP_D_46_D.Hirehal,Nemakallu,,5,,5,,,,,,,,,,,,,,
44,12_D_46_01,ATP_D_46_D.Hirehal,Unthakallu,,,,0,,,,,,,,,,,,,,
45,12_D_46_01,ATP_D_46_D.Hirehal,Uddehal,,,,0,,,,,,,,,,,,,,
46,12_D_46_01,ATP_D_46_D.Hirehal,Bandur,,,,0,,,,,,,,,,,,,,
47,12_D_46_01,ATP_D_46_Donekal,Donekal,0,0,,0,,,,,,,,,,,,,,
48,12_D_46_01,ATP_D_46_Donekal,Kadadarabenchi,0,0,,0,,,,,,,,,,,,,,
49,12_D_46_01,ATP_D_46_Donekal,Gadekal,0,0,,0,,,,,,,,,,,,,,
50,12_D_46_01,ATP_D_46_Donekal,N.Thimmapuram,0,0,,0,,,,,,,,,,,,,,
51,12_D_46_01,ATP_D_46_Donekal,Velpumadugu,0,0,,0,,,,,,,,,,,,,,
52,12_D_46_01,ATP_D_46_Donekal,Chabala,0,0,,0,,,,,,,,,,,,,,
53,12_D_46_01,ATP_D_46_Donekal,Konakondla,0,0,,0,,,,,,,,,,,,,,
54,12_D_46_01,ATP_D_46_Donekal,Gulyapalem,0,0,,0,,,,,,,,,,,,,,
55,12_D_46_01,ATP_D_46_Donekal,Pottipadu,,0,,0,,,,,,,,,,,,,,
56,12_D_46_01,ATP_D_46_Donekal,Gadehothur,0,0,,0,,,,,,,,,,,,,,
57,12_D_46_01,ATP_D_46_Donekal,Chinnahothur,0,0,,0,,,,,,,,,,,,,,
58,12_D_46_01,ATP_D_46_Donekal,Anchanahal,0,0,,0,,,,,,,,,,,,,,
59,12_D_46_01,ATP_D_46_Donekal,Poliki,0,0,,0,,,,,,,,,,,,,,
60,12_D_46_10,ATP_D_46_Kanekal,Brahmasamudram,0,0,,0,,,,,,,,,,,,,,
61,12_D_46_10,ATP_D_46_Kanekal,Bennikal,0,0,,0,,,,,,,,,,,,,,
62,12_D_46_10,ATP_D_46_Kanekal,Udegolam,0,0,,0,,,,,,,,,,,,,,
63,12_D_46_10,ATP_D_46_Kanekal,Kanekal,0,0,,0,,,,,,,,,,,,,,
64,12_D_46_10,ATP_D_46_Kanekal,Hulikera,0,0,,0,,,,,,,,,,,,,,
65,12_D_46_10,ATP_D_46_Kanekal,D. Kondapuram,0,0,,0,,,,,,,,,,,,,,
66,12_D_46_10,ATP_D_46_Kanekal,Vadrahonnur,0,0,,0,,,,,,,,,,,,,,
67,12_D_46_10,ATP_D_46_Kanekal,Gramadatla,0,0,,0,,,,,,,,,,,,,,
68,12_C_65_03,ATP_C_65_Ubicherla,G.Anantapur,,,,0,,,,,,,,,,,,,,
69,12_C_65_03,ATP_C_65_Ubicherla,Virupapuram,,0,,0,,,,,,,,,,,,,,
70,12_C_65_03,ATP_C_65_Ubicherla,G.Venkatampalli,,,,0,,,,,,,,,,,,,,
71,12_C_65_03,ATP_C_65_Ubicherla,Avulampalli,,,,0,,,,,,,,,,,,,,
72,12_C_65_03,ATP_C_65_Ubicherla,Peddavadugur,,,,0,,,,,,,,,,,,,,
73,12_C_65_03,ATP_C_65_Ubicherla,Medimakulapalli,,,,0,,,,,,,,,,,,,,
74,12_C_65_03,ATP_C_65_Ubicherla,Teliki,,,,0,,,,,,,,,,,,,,
75,12_C_65_03,ATP_C_65_Ubicherla,C.Vadugur,,,,0,,,,,,,,,,,,,,
76,12_C_65_03,ATP_C_65_Ubicherla,Nagalapuram,,,,0,,,,,,,,,,,,,,
77,12_C_65_03,ATP_C_65_Ubicherla,Dimmagudi,,,,0,,,,,,,,,,,,,,
78,12_C_65_03,ATP_C_65_Ubicherla,Chittoor,,,,0,,,,,,,,,,,,,,
79,12_C_65_03,ATP_C_65_Ubicherla,Kandla Gudur,,,,0,,,,,,,,,,,,,,
80,12_C_65_03,ATP_C_65_Ubicherla,Chitrachedu,5,,,5,,,,,,,,,,,,,,
81,12_C_65_03,ATP_C_65_Ubicherla,Mulakatalla,,,,0,,,,,,,,,,,,,,
82,12_C_65_03,ATP_C_65_Ubicherla,Ubicherla,,,,0,,,,,,,,,,,,,,
83,12_C_65_03,ATP_C_65_Ubicherla,Karidikonda,,,,0,,,,,,,,,,,,,,
84,12_C_65_03,ATP_C_65_Ubicherla,Dharmapuram,,,,0,,,,,,,,,,,,,,
85,12_C_65_03,ATP_C_65_Ubicherla,Chetnepalli,,,,0,,,,,,,,,,,,,,
86,12_C_65_03,ATP_C_65_Ubicherla,Kojjepalli,,,,0,,,,,,,,,,,,,,
87,12_C_65_03,ATP_C_65_Ubicherla,Turakapalli,,,,0,,,,,,,,,,,,,,
88,12_C_65_03,ATP_C_65_Ubicherla,Gooty(R),,1,,1,,,,,,,,,,,,,,
89,12_C_65_03,ATP_C_65_Ubicherla,Kothapeta,,,,0,,,,,,,,,,,,,,
90,12_C_65_03,ATP_C_65_Ubicherla,Engilibanda,,,,0,,,,,,,,,,,,,,
91,12_C_65_03,ATP_C_65_Ubicherla,Obulapuram,,,,0,,,,,,,,,,,,,,
92,12_C_65_15,ATP_C_65_Budedu,Penakacherla,0,0,,0,,,,,,,,,,,,,,
93,12_C_65_15,ATP_C_65_Budedu,Koppalakonda,0,0,,0,,,,,,,,,,,,,,
94,12_C_65_15,ATP_C_65_Budedu,Kesavapuram,0,0,,0,,,,,,,,,,,,,,
95,12_C_65_15,ATP_C_65_Budedu,Muntimadugu,0,0,,0,,,,,,,,,,,,,,
96,12_C_65_15,ATP_C_65_Budedu,K.Agraharam,0,0,,0,,,,,,,,,,,,,,
97,12_C_65_15,ATP_C_65_Budedu,Ankampeta,0,0,,0,,,,,,,,,,,,,,
98,12_C_65_15,ATP_C_65_Budedu,Sirivaram,0,0,,0,,,,,,,,,,,,,,
99,12_C_65_15,ATP_C_65_Budedu,Krishnapuram,0,0,,0,,,,,,,,,,,,,,
100,12_C_65_15,ATP_C_65_Budedu,Yerraguntla,0,0,,0,,,,,,,,,,,,,,
101,12_C_65_15,ATP_C_65_Budedu,Budedu,0,0,,0,,,,,,,,,,,,,,
102,12_C_65_01,ATP_C_65_Guntakal,Thimmanaacherla,0,,,0,,,,,,,,,,,,,,
103,12_C_65_01,ATP_C_65_Guntakal,Kasapuram,0,,,0,,,,,,,,,,,,,,
104,12_C_65_01,ATP_C_65_Guntakal,Sangala,0,,,0,,,,,,,,,,,,,,
105,12_C_65_01,ATP_C_65_Guntakal,Dosaludiki,0,,,0,,,,,,,,,,,,,,
106,12_C_65_01,ATP_C_65_Guntakal,Gundala,0,,,0,,,,,,,,,,,,,,
107,12_C_65_01,ATP_C_65_Guntakal,Konganapalli,0,,,0,,,,,,,,,,,,,,
108,12_C_65_01,ATP_C_65_Guntakal,Sankarabanda,0,,,0,,,,,,,,,,,,,,
109,12_C_65_01,ATP_C_65_Guntakal,P.K.Cheruvu,0,,,0,,,,,,,,,,,,,,
110,12_C_65_01,ATP_C_65_Guntakal,Ameenpalli,0,,,0,,,,,,,,,,,,,,
111,12_C_65_01,ATP_C_65_Guntakal,Nakkaladoddi,0,,,0,,,,,,,,,,,,,,
112,12_C_65_01,ATP_C_65_Guntakal,Thimmapuram,0,,,0,,,,,,,,,,,,,,
113,12_C_65_01,ATP_C_65_Guntakal,Donimukkala,0,,,0,,,,,,,,,,,,,,
114,12_C_65_01,ATP_C_65_Guntakal,Nelagonda,0,,,0,,,,,,,,,,,,,,
115,12_C_65_01,ATP_C_65_Guntakal,Rajapuram,0,,,0,,,,,,,,,,,,,,
116,12_C_65_01,ATP_C_65_Guntakal,Marnepalli,0,,,0,,,,,,,,,,,,,,
117,12_C_65_01,ATP_C_65_Guntakal,Peddoddi,0,,,0,,,,,,,,,,,,,,
118,12_C_65_01,ATP_C_65_Guntakal,Brahmanahaplli,0,,,0,,,,,,,,,,,,,,
119,12_C_65_01,ATP_C_65_Guntakal,Yerragudi,0,,,0,,,,,,,,,,,,,,
120,12_C_65_01,ATP_C_65_Guntakal,Anaganadoddi,0,,,0,,,,,,,,,,,,,,
121,12_C_65_01,ATP_C_65_Guntakal,Abbedoddi,0,,,0,,,,,,,,,,,,,,
122,12_C_65_01,ATP_C_65_Guntakal,Guntakal,0,,,0,,,,,,,,,,,,,,
123,12_C_65_02,ATP_C_65_Kaderpet,Vajrakaruru,0,,,0,,,,,,,,,,,,,,
124,12_C_65_02,ATP_C_65_Kaderpet,Ganjikunta,0,10,,10,,,,,,,,,,,,,,
125,12_C_65_02,ATP_C_65_Kaderpet,Kadamalakunta,0,,,0,,,,,,,,,,,,,,
126,12_C_65_02,ATP_C_65_Kaderpet,Tatrakal,0,,,0,,,,,,,,,,,,,,
127,12_C_65_02,ATP_C_65_Kaderpet,Pandikunta,0,,,0,,,,,,,,,,,,,,
128,12_C_65_02,ATP_C_65_Kaderpet,Anumpalli,0,,,0,,,,,,,,,,,,,,
129,12_C_65_02,ATP_C_65_Kaderpet,Kaderpeta,0,,,0,,,,,,,,,,,,,,
130,12_C_65_02,ATP_C_65_Kaderpet,Nemallepalli,,,,0,,,,,,,,,,,,,,
131,12_C_65_02,ATP_C_65_Kaderpet,Eddulapalli,,,,0,,,,,,,,,,,,,,
132,12_C_65_02,ATP_C_65_Kaderpet,Ramagiri,0,,,0,,,,,,,,,,,,,,
133,12_C_65_02,ATP_C_65_Kaderpet,Palyam,0,0,,0,,,,,,,,,,,,,,
134,12_C_65_02,ATP_C_65_Kaderpet,Katrimala,0,0,,0,,,,,,,,,,,,,,
135,12_C_65_02,ATP_C_65_Kaderpet,Apparajupeta,0,0,,0,,,,,,,,,,,,,,
136,12_C_65_02,ATP_C_65_Kaderpet,Kandlapalli,0,0,,0,,,,,,,,,,,,,,
137,12_C_65_02,ATP_C_65_Kaderpet,S.K.Peta,0,0,,0,,,,,,,,,,,,,,
138,12_C_65_02,ATP_C_65_Kaderpet,Vankarajukalva,0,0,,0,,,,,,,,,,,,,,
139,12_C_65_02,ATP_C_65_Kaderpet,Devarapalli,0,0,,0,,,,,,,,,,,,,,
140,12_C_65_02,ATP_C_65_Kaderpet,Akkajampalli,0,0,,0,,,,,,,,,,,,,,
141,12_C_65_02,ATP_C_65_Kaderpet,Yedururu,,,,0,,,,,,,,,,,,,,
142,12_C_65_02,ATP_C_65_Kaderpet,Ramarajupalli,,,,0,,,,,,,,,,,,,,
143,12_C_65_02,ATP_C_65_Kaderpet,Gajarampalli,,,,0,,,,,,,,,,,,,,
144,12_C_65_02,ATP_C_65_Kaderpet,Pogaruru,,,,0,,,,,,,,,,,,,,
145,12_C_65_02,ATP_C_65_Kaderpet,Gulimikondla,,,,0,,,,,,,,,,,,,,
146,12_C_65_02,ATP_C_65_Kaderpet,Kalapuram,,,,0,,,,,,,,,,,,,,
147,12_C_65_02,ATP_C_65_Kaderpet,Pamidi,,,,0,,,,,,,,,,,,,,
148,12_C_65_02,ATP_C_65_Kaderpet,Neeluru,,,,0,,,,,,,,,,,,,,
149,12_C_65_02,ATP_C_65_Kaderpet,Tamballapalli,,,,0,,,,,,,,,,,,,,
150,12_C_65_02,ATP_C_65_Kaderpet,Konduru,,,,0,,,,,,,,,,,,,,
151,12_C_65_02,ATP_C_65_Kaderpet,Ayyavaripalli,,,,0,,,,,,,,,,,,,,
152,12_C_65_02,ATP_C_65_Kaderpet,Ragulapadu,,,,0,,,,,,,,,,,,,,
153,12_C_65_01,ATP_C_65_Midthuru,Dancherla,,,,0,,,,,,,,,,,,,,
154,12_C_65_01,ATP_C_65_Midthuru,Y.T.Cheruvu,,0,,0,,,,,,,,,,,,,,
155,12_C_65_01,ATP_C_65_Midthuru,Nagasamudram,,,,0,,,,,,,,,,,,,,
156,12_C_65_01,ATP_C_65_Midthuru,Eswarapalli,,,,0,,,,,,,,,,,,,,
157,12_C_65_01,ATP_C_65_Midthuru,Mamadur,,,,0,,,,,,,,,,,,,,
158,12_C_65_01,ATP_C_65_Midthuru,Kamalapadu,,,,0,,,,,,,,,,,,,,
159,12_C_65_01,ATP_C_65_Midthuru,Miduthur,,,,0,,,,,,,,,,,,,,
160,12_C_65_01,ATP_C_65_Midthuru,Penakalapadu,,,,0,,,,,,,,,,,,,,
161,12_C_65_02,ATP_C_65_Tarimala,Kanampalli,0,,,0,,,,,,,,,,,,,,
162,12_C_65_02,ATP_C_65_Tarimala,Illuru,0,,,0,,,,,,,,,,,,,,
163,12_C_65_02,ATP_C_65_Tarimala,Kallur,0,,,0,,,,,,,,,,,,,,
164,12_C_65_02,ATP_C_65_Tarimala,Kallumadi,0,,,0,,,,,,,,,,,,,,
165,12_C_65_02,ATP_C_65_Tarimala,Tarimela,0,,,0,,,,,,,,,,,,,,
166,12_C_65_02,ATP_C_65_Tarimala,Nidhanawada,0,,,0,,,,,,,,,,,,,,
167,12_C_65_02,ATP_C_65_Tarimala,Anandaraopeta,0,,,0,,,,,,,,,,,,,,
168,12_C_65_02,ATP_C_65_Tarimala,Rachepalli,0,,,0,,,,,,,,,,,,,,
169,12_C_65_02,ATP_C_65_Tarimala,Buddepalli,0,,,0,,,,,,,,,,,,,,
170,12_C_66_14,ATP_C_66_Ananthapuramu,Siddrampuram,0,,,0,,,,,,,,,,,,,,
171,12_C_66_14,ATP_C_66_Ananthapuramu,Janthaluru,,10,,10,,,,,,,,,,,,,,
172,12_C_66_14,ATP_C_66_Ananthapuramu,Govindampalli,,1,,1,,,,,,,,,,,,,,
173,12_C_66_14,ATP_C_66_Ananthapuramu,B.K.Samudram,,,,0,,,,,,,,,,,,,,
174,12_C_66_14,ATP_C_66_Ananthapuramu,Reddipalli,0,,,0,,,,,,,,,,,,,,
175,12_C_66_14,ATP_C_66_Ananthapuramu,Somaladoddi,0,,,0,,,,,,,,,,,,,,
176,12_C_66_14,ATP_C_66_Ananthapuramu,Narayanapuram,0,,,0,,,,,,,,,,,,,,
177,12_C_66_14,ATP_C_66_Ananthapuramu,Kodimi,0,,,0,,,,,,,,,,,,,,
178,12_C_66_14,ATP_C_66_Ananthapuramu,Alamur,0,,,0,,,,,,,,,,,,,,
179,12_C_66_14,ATP_C_66_Ananthapuramu,Kakkalapalli,0,,,0,,,,,,,,,,,,,,
180,12_C_66_14,ATP_C_66_Ananthapuramu,Anantapur,0,21,,21,,,,,,,,,,,,,,
181,12_C_66_14,ATP_C_66_Ananthapuramu,Bukkacherla,0,,,0,,,,,,,,,,,,,,
182,12_C_66_14,ATP_C_66_Ananthapuramu,Katiganikaluva,0,,,0,,,,,,,,,,,,,,
183,12_C_66_04,ATP_C_66_Narpala,Chiyyedu,,,,0,,,,,,,,,,,,,,
184,12_C_66_04,ATP_C_66_Narpala,Chennampalli,,,,0,,,,,,,,,,,,,,
185,12_C_66_04,ATP_C_66_Narpala,K.Agragharam,,,,0,,,,,,,,,,,,,,
186,12_C_66_04,ATP_C_66_Narpala,Danduvaripalli,,,,0,,,,,,,,,,,,,,
187,12_C_66_04,ATP_C_66_Narpala,Chamaluru,,,,0,,,,,,,,,,,,,,
188,12_C_66_04,ATP_C_66_Narpala,Narpala,,,,0,,,,,,,,,,,,,,
189,12_C_66_04,ATP_C_66_Narpala,Daggumarri,,,,0,,,,,,,,,,,,,,
190,12_C_66_04,ATP_C_66_Narpala,Bondalavada,,,,0,,,,,,,,,,,,,,
191,12_C_66_04,ATP_C_66_Narpala,Siddaracherla,,,,0,,,,,,,,,,,,,,
192,12_C_66_04,ATP_C_66_Narpala,Durgam,,,,0,,,,,,,,,,,,,,
193,12_C_66_04,ATP_C_66_Narpala,Bandlapalli,,,,0,,,,,,,,,,,,,,
194,12_C_66_04,ATP_C_66_Narpala,B.Pappur,,,,0,,,,,,,,,,,,,,
195,12_C_66_04,ATP_C_66_Narpala,Venkatampalli,0,,,0,,,,,,,,,,,,,,
196,12_C_66_04,ATP_C_66_Narpala,Nadimidoddi,,,,0,,,,,,,,,,,,,,
197,12_C_66_04,ATP_C_66_Narpala,Korivipalli,,,,0,,,,,,,,,,,,,,
198,12_C_66_04,ATP_C_66_Narpala,Julakalva,,,,0,,,,,,,,,,,,,,
199,12_C_66_04,ATP_C_66_Narpala,Peravali,,,,0,,,,,,,,,,,,,,
200,12_C_66_06,ATP_C_66_Rotarypuram,Peddajalalpuram,0,,,0,,,,,,,,,,,,,,
201,12_C_66_06,ATP_C_66_Rotarypuram,Channavaram,0,10,,10,,,,,,,,,,,,,,
202,12_C_66_06,ATP_C_66_Rotarypuram,Narasapuram,0,,,0,,,,,,,,,,,,,,
203,12_C_66_06,ATP_C_66_Rotarypuram,Akuledu,0,,,0,,,,,,,,,,,,,,
204,12_C_66_06,ATP_C_66_Rotarypuram,Loluru,2,,,2,,,,,,,,,,,,,,
205,12_C_66_06,ATP_C_66_Rotarypuram,Karnatakampalli,0,,,0,,,,,,,,,,,,,,
206,12_C_66_06,ATP_C_66_Rotarypuram,Podaralla,0,,,0,,,,,,,,,,,,,,
207,12_C_66_06,ATP_C_66_Rotarypuram,Taticherla,0,,,0,,,,,,,,,,,,,,
208,12_C_66_06,ATP_C_66_Rotarypuram,Kotanka,0,,,0,,,,,,,,,,,,,,
209,12_C_66_06,ATP_C_66_Rotarypuram,Marthadu,0,,,0,,,,,,,,,,,,,,
210,12_C_66_06,ATP_C_66_Rotarypuram,Jambuladine,0,,,0,,,,,,,,,,,,,,
211,12_C_66_06,ATP_C_66_Rotarypuram,Obulapuram,0,,,0,,,,,,,,,,,,,,
212,12_C_66_06,ATP_C_66_Rotarypuram,Garladinne,0,,,0,,,,,,,,,,,,,,
213,12_C_66_06,ATP_C_66_Rotarypuram,Chedulla,0,,,0,,,,,,,,,,,,,,
214,12_C_66_06,ATP_C_66_Rotarypuram,Korrapadu,0,,,0,,,,,,,,,,,,,,
215,12_C_66_06,ATP_C_66_Rotarypuram,Rotarypuram,0,,,0,,,,,,,,,,,,,,
216,12_C_66_06,ATP_C_66_Rotarypuram,Chennarayanipalli,0,,,0,,,,,,,,,,,,,,
217,12_C_66_06,ATP_C_66_Rotarypuram,Siddarampeta,0,,,0,,,,,,,,,,,,,,
218,12_C_66_10,ATP_C_66_Salakamcheruvu,Salakamcheruvu,,,,0,,,,,,,,,,,,,,
219,12_C_66_10,ATP_C_66_Salakamcheruvu,Matlagondi,,0,,0,,,,,,,,,,,,,,
220,12_C_66_10,ATP_C_66_Salakamcheruvu,Sodanapalli,,,,0,,,,,,,,,,,,,,
221,12_C_66_10,ATP_C_66_Salakamcheruvu,Singanamala,,,,0,,,,,,,,,,,,,,
222,12_C_66_10,ATP_C_66_Salakamcheruvu,Cheelapalli,,,,0,,,,,,,,,,,,,,
223,12_C_66_10,ATP_C_66_Salakamcheruvu,Chakrayapeta,,,,0,,,,,,,,,,,,,,
224,12_D_46_06,ATP_D_46_Bhupasamudram,H.Hosahalli,0,0,,0,,,,,,,,,,,,,,
225,12_D_46_06,ATP_D_46_Bhupasamudram,Bhupasamudram,0,0,,0,,,,,,,,,,,,,,
226,12_D_46_06,ATP_D_46_Bhupasamudram,Veparala,0,0,,0,,,,,,,,,,,,,,
227,12_D_46_06,ATP_D_46_Bhupasamudram,Junjurampalli,0,0,,0,,,,,,,,,,,,,,
228,12_D_46_06,ATP_D_46_Bhupasamudram,Nagireddipalli,0,0,,0,,,,,,,,,,,,,,
229,12_D_46_06,ATP_D_46_Bhupasamudram,Avuladatla,0,0,,0,,,,,,,,,,,,,,
230,12_D-46-02,ATP-D-46-Havalgi,Vidapanakal,0,,,0,,,,,,,,,,,,,,
231,12_D-46-02,ATP-D-46-Havalgi,Havalgi,0,0,,0,,,,,,,,,,,,,,
232,12_D-46-02,ATP-D-46-Havalgi,Karakamukkala,0,,,0,,,,,,,,,,,,,,
233,12_D-46-02,ATP-D-46-Havalgi,Malapuram,0,,,0,,,,,,,,,,,,,,
234,12_D-46-02,ATP-D-46-Havalgi,Palthuru,0,,,0,,,,,,,,,,,,,,
235,12_D-46-02,ATP-D-46-Havalgi,Vyasapuram,0,,,0,,,,,,,,,,,,,,
236,12_D-46-02,ATP-D-46-Havalgi,Bollanaguddam,0,,,0,,,,,,,,,,,,,,
237,12_D-46-02,ATP-D-46-Havalgi,Kalludevanahalli,0,,,0,,,,,,,,,,,,,,
238,12_D-46-02,ATP-D-46-Havalgi,D.Honnur,0,,,0,,,,,,,,,,,,,,
239,12_D_46_14,ATP_D_46_Kadlur,Ganigera,,,,0,,,,,,,,,,,,,,
240,12_D_46_14,ATP_D_46_Kadlur,Yerraguntla,,0,,0,,,,,,,,,,,,,,
241,12_D_46_14,ATP_D_46_Kadlur,Singanahalli,,,,0,,,,,,,,,,,,,,
242,12_D_46_14,ATP_D_46_Kadlur,Sreedharagatta,,,,0,,,,,,,,,,,,,,
243,12_D_46_14,ATP_D_46_Kadlur,Kolaganahalli,,,,0,,,,,,,,,,,,,,
244,12_D_46_14,ATP_D_46_Kadlur,Muradi,,,,0,,,,,,,,,,,,,,
245,12_D_46_03,ATP_D_46_Kadlur,Kadalur,,,,0,,,,,,,,,,,,,,
246,12_D_46_04,ATP_D_46_Kadlur,Kudlur,,,,0,,,,,,,,,,,,,,
247,12_D_46_17,ATP_D_46_Rayadurg,74 Udegolam,0,0,,0,,,,,,,,,,,,,,
248,12_D_46_17,ATP_D_46_Rayadurg,Kontanahalli,0,0,,0,,,,,,,,,,,,,,
249,12_D_46_17,ATP_D_46_Rayadurg,Baginayanahalli,0,1,,1,,,,,,,,,,,,,,
250,12_D_46_17,ATP_D_46_Rayadurg,Rayadurg,0,0,,0,,,,,,,,,,,,,,
251,12_D_46_17,ATP_D_46_Rayadurg,Galagala,0,0,,0,,,,,,,,,,,,,,
252,12_D_46_17,ATP_D_46_Rayadurg,Gollapalli,0,0,,0,,,,,,,,,,,,,,
253,12_D_46_17,ATP_D_46_Rayadurg,Veerapuram,0,0,,0,,,,,,,,,,,,,,
254,12_D_46_17,ATP_D_46_Rayadurg,Belodu,0,0,,0,,,,,,,,,,,,,,
255,12_D_46_17,ATP_D_46_Rayadurg,Kalugodu,0,0,,0,,,,,,,,,,,,,,
256,12_D_46_17,ATP_D_46_Rayadurg,Tallakera,0,0,,0,,,,,,,,,,,,,,
257,12_D_46_17,ATP_D_46_Rayadurg,Gummagatta,0,0,,0,,,,,,,,,,,,,,
258,12_D_46_17,ATP_D_46_Rayadurg,Rangasamudram,0,0,,0,,,,,,,,,,,,,,
259,12_D_46_17,ATP_D_46_Rayadurg,Pulakunta,0,0,,0,,,,,,,,,,,,,,
260,12_D_46_16,ATP_D_46_Sollapuram,Govidavada,0,,,0,,,,,,,,,,,,,,
261,12_D_46_16,ATP_D_46_Sollapuram,Bidurukotham,0,0,,0,,,,,,,,,,,,,,
262,12_D_46_16,ATP_D_46_Sollapuram,Meenahalli,0,,,0,,,,,,,,,,,,,,
263,12_D_46_16,ATP_D_46_Sollapuram,Garudachedu,0,,,0,,,,,,,,,,,,,,
264,12_D_46_16,ATP_D_46_Sollapuram,Thumbiganur,0,,,0,,,,,,,,,,,,,,
265,12_D_46_16,ATP_D_46_Sollapuram,N.Hanumapuram,0,,,0,,,,,,,,,,,,,,
266,12_D_46_16,ATP_D_46_Sollapuram,Sollapuram,0,,,0,,,,,,,,,,,,,,
267,12_D_46_16,ATP_D_46_Sollapuram,Malyam,0,,,0,,,,,,,,,,,,,,
268,12_D_46_03,ATP_D_46_Uravakonda,Budagavi,0,0,,0,,,,,,,,,,,,,,
269,12_D_46_03,ATP_D_46_Uravakonda,Veligonda,0,0,,0,,,,,,,,,,,,,,
270,12_D_46_03,ATP_D_46_Uravakonda,Raenimakulapalli,0,0,,0,,,,,,,,,,,,,,
271,12_D_46_03,ATP_D_46_Uravakonda,Rayampalli,0,0,,0,,,,,,,,,,,,,,
272,12_D_46_03,ATP_D_46_Uravakonda,Nerimetla,0,0,,0,,,,,,,,,,,,,,
273,12_D_46_03,ATP_D_46_Uravakonda,Nimbagallu,0,0,,0,,,,,,,,,,,,,,
274,12_D_46_03,ATP_D_46_Uravakonda,Indravathi,0,0,,0,,,,,,,,,,,,,,
275,12_D_46_03,ATP_D_46_Uravakonda,Peddamusturu,0,0,,0,,,,,,,,,,,,,,
276,12_D_46_03,ATP_D_46_Uravakonda,Uravakonda,0,0,,0,,,,,,,,,,,,,,
277,12_D_46_03,ATP_D_46_Uravakonda,Chikalaguriki,0,0,,0,,,,,,,,,,,,,,
278,12_D_46_03,ATP_D_46_Uravakonda,Undabanda,0,0,,0,,,,,,,,,,,,,,
279,12_C_67_06,ATP_C_67_Yellanur,Yellanur,,,,0,,,,,,,,,,,,,,
280,12_C_67_06,ATP_C_67_Yellanur,Vennapusapalli,,10,,10,,,,,,,,,,,,,,
281,12_C_67_06,ATP_C_67_Yellanur,Kodumurthi,,,,0,,,,,,,,,,,,,,
282,12_C_67_06,ATP_C_67_Yellanur,Mallagundla,,,,0,,,,,,,,,,,,,,
283,12_C_67_06,ATP_C_67_Yellanur,Kalluru,,,,0,,,,,,,,,,,,,,
284,12_C_67_06,ATP_C_67_Yellanur,Goddumarri,,,,0,,,,,,,,,,,,,,
285,12_C_67_06,ATP_C_67_Yellanur,Singavaram,,,,0,,,,,,,,,,,,,,
286,12_C_65_20,ATP_C_65_Tadipatri,Challavaripalli,,,,0,,,,,,,,,,,,,,
287,12_C_65_21,ATP_C_65_Tadipatri,Jambulapadu,,0,,0,,,,,,,,,,,,,,
288,12_C_65_22,ATP_C_65_Tadipatri,Hussenapuram,,,,0,,,,,,,,,,,,,,
289,12_C_65_23,ATP_C_65_Tadipatri,Veerapuram,,,,0,,,,,,,,,,,,,,
290,12_C_65_24,ATP_C_65_Tadipatri,Vanganuru,,,,0,,,,,,,,,,,,,,
291,12_C_65_25,ATP_C_65_Tadipatri,Bondaladinne,,,,0,,,,,,,,,,,,,,
292,12_C_65_26,ATP_C_65_Tadipatri,Kandikaparla,,,,0,,,,,,,,,,,,,,
293,12_C_65_27,ATP_C_65_Tadipatri,Putlur,,,,0,,,,,,,,,,,,,,
294,12_C_65_28,ATP_C_65_Tadipatri,Gandlapadu,,,,0,,,,,,,,,,,,,,
295,12_C_65_29,ATP_C_65_Tadipatri,S.Guduru,,,,0,,,,,,,,,,,,,,
296,12_C_65_30,ATP_C_65_Tadipatri,Diguvapalli,,0,,0,,,,,,,,,,,,,,
297,12_C_65_31,ATP_C_65_Tadipatri,Tadipatri,,128,,128,,,,,,,,,,,,,,
298,12_C_59_07,ATP_C_59_Kacharlakunta,Kasarlakunta,,,,0,,,,,,,,,,,,,,
299,12_C_59_07,ATP_C_59_Kacharlakunta,Pathapalli,,0,,0,,,,,,,,,,,,,,
300,12_C_63_09,ATP_C_63_Bucherla,Jakkalacheruvu,,,,0,,,,,,,,,,,,,,
301,12_C_63_09,ATP_C_63_Bucherla,Bucherla,,,,0,,,,,,,,,,,,,,
302,12_C_63_09,ATP_C_63_Bucherla,Roddakampalli,,,,0,,,,,,,,,,,,,,
303,12_C_63_20,ATP_C_63_Cherukuru,Nalluru,,,,0,,,,,,,,,,,,,,
304,12_C_63_20,ATP_C_63_Cherukuru,Chinnamanthuru,,,,0,,,,,,,,,,,,,,
305,12_C_63_20,ATP_C_63_Cherukuru,Peddamanthuru,,,,0,,,,,,,,,,,,,,
306,12_C_63_20,ATP_C_63_Cherukuru,Cherukuru,,,,0,,,,,,,,,,,,,,
307,12_C_63_20,ATP_C_63_Cherukuru,Kalipi,,,,0,,,,,,,,,,,,,,
308,12_C_67_18,ATP_C_67_Chilmathur,Gangampalli,,,,0,,,,,,,,,,,,,,
309,12_C_67_18,ATP_C_67_Chilmathur,Gownivaripalli,,,,0,,,,,,,,,,,,,,
310,12_C_67_18,ATP_C_67_Chilmathur,Jowkuladinne,,,,0,,,,,,,,,,,,,,
311,12_C_67_18,ATP_C_67_Chilmathur,Bugumpalli,,,,0,,,,,,,,,,,,,,
312,12_C_67_18,ATP_C_67_Chilmathur,Mallepalli,,,,0,,,,,,,,,,,,,,
313,12_C_67_18,ATP_C_67_Chilmathur,Obulapuram,,,,0,,,,,,,,,,,,,,
314,12_C_67_18,ATP_C_67_Chilmathur,Katepalli,,,,0,,,,,,,,,,,,,,
315,12_C_67_18,ATP_C_67_Chilmathur,Ragimakulapalli,,,,0,,,,,,,,,,,,,,
316,12_C_67_18,ATP_C_67_Chilmathur,Devulacheruvu,,,,0,,,,,,,,,,,,,,
317,12_C_67_18,ATP_C_67_Chilmathur,Palasamudram,,,,0,,,,,,,,,,,,,,
318,12_C_67_18,ATP_C_67_Chilmathur,Morasalapalle,,1,,1,,,,,,,,,,,,,,
319,12_C_67_18,ATP_C_67_Chilmathur,Sibbaraopeta,,,,0,,,,,,,,,,,,,,
320,12_C_67_18,ATP_C_67_Chilmathur,Kodur,,,,0,,,,,,,,,,,,,,
321,12_C_67_18,ATP_C_67_Chilmathur,Chilamathur,,5,,5,,,,,,,,,,,,,,
322,12_C_67_18,ATP_C_67_Chilmathur,Naremuddapalli,,,,0,,,,,,,,,,,,,,
323,12_C_67_18,ATP_C_67_Chilmathur,Marrimakulapalli,,,,0,,,,,,,,,,,,,,
324,12_C_67_18,ATP_C_67_Chilmathur,Veerapuram,,,,0,,,,,,,,,,,,,,
325,12_C_67_18,ATP_C_67_Chilmathur,Settipalli,,,,0,,,,,,,,,,,,,,
326,12_C_67_18,ATP_C_67_Chilmathur,Tekuledu,,,,0,,,,,,,,,,,,,,
327,12_C_67_18,ATP_C_67_Chilmathur,Vadigepalli,,,,0,,,,,,,,,,,,,,
328,12_C_63_01,ATP_C_63_Gowrajupalli,Mulakacheruvu,,,,0,,,,,,,,,,,,,,
329,12_C_63_01,ATP_C_63_Gowrajupalli,Naranagepalli,,,,0,,,,,,,,,,,,,,
330,12_C_63_17,ATP_C_63_Hindupur,Kirikera,,2,,2,,,,,,,,,,,,,,
331,12_C_63_17,ATP_C_63_Hindupur,Kotipi,,,,0,,,,,,,,,,,,,,
332,12_C_63_17,ATP_C_63_Hindupur,Devarapalli,,2,,2,,,,,,,,,,,,,,
333,12_C_63_17,ATP_C_63_Hindupur,Santhebidanur,,,,0,,,,,,,,,,,,,,
334,12_C_63_17,ATP_C_63_Hindupur,Thingepalli,,1,,1,,,,,,,,,,,,,,
335,12_C_63_17,ATP_C_63_Hindupur,Thumukunta,,15,,15,,,,,,,,,,,,,,
336,12_C_63_17,ATP_C_63_Hindupur,Gollapuram,,,,0,,,,,,,,,,,,,,
337,12_C_63_17,ATP_C_63_Hindupur,Hindupur (R),,9,,9,,,,,,,,,,,,,,
338,12_C_63_17,ATP_C_63_Hindupur,Kotnuru,,,,0,,,,,,,,,,,,,,
339,12_C_63_17,ATP_C_63_Hindupur,Sreekatapuram,,,,0,,,,,,,,,,,,,,
340,12_C_63_17,ATP_C_63_Hindupur,Pulamathi,,,,0,,,,,,,,,,,,,,
341,12_C_63_17,ATP_C_63_Hindupur,Kodihalli,,,,0,,,,,,,,,,,,,,
342,12_C_63_17,ATP_C_63_Hindupur,Manepalli,,,,0,,,,,,,,,,,,,,
343,12_C_64_04,ATP_C_64_Kogira,Roddam Locherla,,,,0,,,,,,,,,,,,,,
344,12_C_64_04,ATP_C_64_Kogira,Kogira,,,,0,,,,,,,,,,,,,,
345,12_C_63_03,ATP_C_63_Lepakshi,Sirivaram,,,,0,,,,,,,,,,,,,,
346,12_C_63_03,ATP_C_63_Lepakshi,Kanchisamudram,,,,0,,,,,,,,,,,,,,
347,12_C_63_03,ATP_C_63_Lepakshi,Mydugolam,,,,0,,,,,,,,,,,,,,
348,12_C_63_03,ATP_C_63_Lepakshi,Cholasamudram,,,,0,,,,,,,,,,,,,,
349,12_C_63_03,ATP_C_63_Lepakshi,Kalluru,,,,0,,,,,,,,,,,,,,
350,12_C_63_03,ATP_C_63_Lepakshi,Lepaskhi,,2,,2,,,,,,,,,,,,,,
351,12_C_63_03,ATP_C_63_Lepakshi,Demakethapalli,,,,0,,,,,,,,,,,,,,
352,12_C_63_03,ATP_C_63_Lepakshi,Yagnisettipalli,,,,0,,,,,,,,,,,,,,
353,12_C_63_04,ATP_C_63_Lepakshi,Hussainapuram,,,,0,,,,,,,,,,,,,,
354,12_C_63_08,ATP_C_63_Madakasira,Amidalagondi,,,,0,,,,,,,,,,,,,,
355,12_C_63_08,ATP_C_63_Madakasira,Kothalam,,,,0,,,,,,,,,,,,,,
356,12_C_63_08,ATP_C_63_Madakasira,Chandakacherla,,,,0,,,,,,,,,,,,,,
357,12_C_63_08,ATP_C_63_Madakasira,Gowdanahalli,,,,0,,,,,,,,,,,,,,
358,12_C_63_08,ATP_C_63_Madakasira,R.Ananthapuramu,,,,0,,,,,,,,,,,,,,
359,12_C_63_08,ATP_C_63_Madakasira,Chatram,,,,0,,,,,,,,,,,,,,
360,12_C_63_08,ATP_C_63_Madakasira,Mallanayakanahalli,,,,0,,,,,,,,,,,,,,
361,12_C_63_08,ATP_C_63_Madakasira,Madakasira,,1,,1,,,,,,,,,,,,,,
362,12_C_63_08,ATP_C_63_Madakasira,Melavoi,,,,0,,,,,,,,,,,,,,
363,12_C_63_08,ATP_C_63_Madakasira,Govindapuram,,,,0,,,,,,,,,,,,,,
364,12_C_63_08,ATP_C_63_Madakasira,Jadrahalli,,,,0,,,,,,,,,,,,,,
365,12_C_63_08,ATP_C_63_Madakasira,Karesankanahalli,,,,0,,,,,,,,,,,,,,
366,12_C_63_08,ATP_C_63_Madakasira,Yerrabommanahalli,,,,0,,,,,,,,,,,,,,
367,12_C_63_08,ATP_C_63_Madakasira,Upparlahalli,,,,0,,,,,,,,,,,,,,
368,12_C_63_08,ATP_C_63_Madakasira,Haresamudram,,,,0,,,,,,,,,,,,,,
369,12_C_63_08,ATP_C_63_Madakasira,Bullasamudram,,,,0,,,,,,,,,,,,,,
370,12_C_63_08,ATP_C_63_Madakasira,Pillenahalli,,,,0,,,,,,,,,,,,,,
371,12_C_63_02,ATP_C_63_Malaguru,Narasapuram,,,,0,,,,,,,,,,,,,,
372,12_C_63_02,ATP_C_63_Malaguru,Pyadeti,,,,0,,,,,,,,,,,,,,
373,12_C_63_02,ATP_C_63_Malaguru,Ganaparthipalli,,,,0,,,,,,,,,,,,,,
374,12_C_63_02,ATP_C_63_Malaguru,Seegipalli,,,,0,,,,,,,,,,,,,,
375,12_C_63_02,ATP_C_63_Malaguru,Beechiganipalli,,,,0,,,,,,,,,,,,,,
376,12_C_63_02,ATP_C_63_Malaguru,Utakuru,,,,0,,,,,,,,,,,,,,
377,12_C_63_02,ATP_C_63_Malaguru,Sagameswarampalli,,,,0,,,,,,,,,,,,,,
378,12_C_63_02,ATP_C_63_Malaguru,Kethaganicheruvu,,,,0,,,,,,,,,,,,,,
379,12_C_63_02,ATP_C_63_Malaguru,Nadimipalli,,,,0,,,,,,,,,,,,,,
380,12_C_63_02,ATP_C_63_Malaguru,Chalivendula,,,,0,,,,,,,,,,,,,,
381,12_C_63_02,ATP_C_63_Malaguru,Maluguru,,,,0,,,,,,,,,,,,,,
382,12_C_63_02,ATP_C_63_Malaguru,Manesamudram,,,,0,,,,,,,,,,,,,,
383,12_C_63_02,ATP_C_63_Malaguru,Kondur,,,,0,,,,,,,,,,,,,,
384,12_C_63_09,ATP_C_63_Parigi,Vittapalli,,0,,0,,,,,,,,,,,,,,
385,12_C_63_09,ATP_C_63_Parigi,Sho. Beerepalli,,5,,5,,,,,,,,,,,,,,
386,12_C_63_09,ATP_C_63_Parigi,Sirekolam,,0,,0,,,,,,,,,,,,,,
387,12_C_63_09,ATP_C_63_Parigi,Parigi,,0,,0,,,,,,,,,,,,,,
388,12_C_63_09,ATP_C_63_Parigi,Yerragunta,,0,,0,,,,,,,,,,,,,,
389,12_C_63_09,ATP_C_63_Parigi,Sasanakota,,0,,0,,,,,,,,,,,,,,
390,12_C_63_09,ATP_C_63_Parigi,Kodiganahalli,,0,,0,,,,,,,,,,,,,,
391,12_C_63_09,ATP_C_63_Parigi,Moda,,0,,0,,,,,,,,,,,,,,
392,12_C_63_09,ATP_C_63_Parigi,Bandarlapalli,,0,,0,,,,,,,,,,,,,,
393,12_C_63_09,ATP_C_63_Parigi,Bevinahalli,,0,,0,,,,,,,,,,,,,,
394,12_C_63_09,ATP_C_63_Parigi,Nakkalapalli,,0,,0,,,,,,,,,,,,,,
395,12_C_63_09,ATP_C_63_Parigi,Chowluru,,0,,0,,,,,,,,,,,,,,
396,12_C_63_09,ATP_C_63_Parigi,Manuru,,0,,0,,,,,,,,,,,,,,
397,12_C_63_09,ATP_C_63_Parigi,Kallumarri,,0,,0,,,,,,,,,,,,,,
398,12_C_63_09,ATP_C_63_Parigi,C. Kodigepalli,,0,,0,,,,,,,,,,,,,,
399,12_C_63_09,ATP_C_63_Parigi,Tirumaladevarapalli,,0,,0,,,,,,,,,,,,,,
400,12_C_63_11,ATP_C_63_Roddam,Reddipalli,,,,0,,,,,,,,,,,,,,
401,12_C_63_11,ATP_C_63_Roddam,Dodagatta,,,,0,,,,,,,,,,,,,,
402,12_C_63_11,ATP_C_63_Roddam,Roddam,,,,0,,,,,,,,,,,,,,
403,12_C_63_54,ATP_C_63_Somandepalli,Adadakulapalli,,,,0,,,,,,,,,,,,,,
404,12_C_63_55,ATP_C_63_Somandepalli,Mavaturu,,,,0,,,,,,,,,,,,,,
405,12_C_63_56,ATP_C_63_Somandepalli,Nagaluru,,,,0,,,,,,,,,,,,,,
406,12_C_63_57,ATP_C_63_Somandepalli,Bokkasampalli,,,,0,,,,,,,,,,,,,,
407,12_C_63_58,ATP_C_63_Somandepalli,Venkatampuram,,,,0,,,,,,,,,,,,,,
408,12_C_63_59,ATP_C_63_Somandepalli,Turakalapatnam,,,,0,,,,,,,,,,,,,,
409,12_C_63_60,ATP_C_63_Somandepalli,Peddipalli,,,,0,,,,,,,,,,,,,,
410,12_C_63_61,ATP_C_63_Somandepalli,Sanipalli,,,,0,,,,,,,,,,,,,,
411,12_C_63_62,ATP_C_63_Somandepalli,Cholemarri,,,,0,,,,,,,,,,,,,,
412,12_C_63_63,ATP_C_63_Somandepalli,Mandli,,,,0,,,,,,,,,,,,,,
413,12_C_63_64,ATP_C_63_Somandepalli,Challapalli,,,,0,,,,,,,,,,,,,,
414,12_C_63_65,ATP_C_63_Somandepalli,Chennapuram,,,,0,,,,,,,,,,,,,,
415,12_C_63_66,ATP_C_63_Somandepalli,Magecheruvu,,,,0,,,,,,,,,,,,,,
416,12_C_63_67,ATP_C_63_Somandepalli,Kothapalli,,,,0,,,,,,,,,,,,,,
417,12_C_63_68,ATP_C_63_Somandepalli,Tungodu,,,,0,,,,,,,,,,,,,,
418,12_C_63_69,ATP_C_63_Somandepalli,Pandiparthi,,,,0,,,,,,,,,,,,,,
419,12_C_63_70,ATP_C_63_Somandepalli,Brahmanapalli,,,,0,,,,,,,,,,,,,,
420,12_C_63_71,ATP_C_63_Somandepalli,Julukunta,,,,0,,,,,,,,,,,,,,
421,12_C_63_72,ATP_C_63_Somandepalli,Chalakuru,,,,0,,,,,,,,,,,,,,
422,12_C_63_73,ATP_C_63_Somandepalli,Brahmasamudram,,,,0,,,,,,,,,,,,,,
423,12_C_63_74,ATP_C_63_Somandepalli,Gudipalli,,,,0,,,,,,,,,,,,,,
424,12_C_63_75,ATP_C_63_Somandepalli,EdulaBalapuram,,,,0,,,,,,,,,,,,,,
425,12_C_63_73,ATP_C_63_Somandepalli,Velidadakala,,,,0,,,,,,,,,,,,,,
426,12_C_64_18,ATP_C_64_Amidala,C.Musturu,,,,0,,,,,,,,,,,,,,
427,12_C_64_18,ATP_C_64_Amidala,P.Ahobilam,,,,0,,,,,,,,,,,,,,
428,12_C_64_18,ATP_C_64_Amidala,Mopidi,,,,0,,,,,,,,,,,,,,
429,12_C_64_18,ATP_C_64_Amidala,Amidala,,,,0,,,,,,,,,,,,,,
430,12_C_64_18,ATP_C_64_Amidala,Raketla,,,,0,,,,,,,,,,,,,,
431,12_C_64_18,ATP_C_64_Amidala,Mylarampalli,,,,0,,,,,,,,,,,,,,
432,12_C_64_18,ATP_C_64_Amidala,P.Koukuntla,,,,0,,,,,,,,,,,,,,
433,12_C_64_18,ATP_C_64_Amidala,Y.Rampuram,,,,0,,,,,,,,,,,,,,
434,12_C_64_04,ATP_C_46_Enumuladoddi,K.N.Palyam,,,,0,,,,,,,,,,,,,,
435,12_C_64_04,ATP_C_46_Enumuladoddi,R.Ananthapuram,,,,0,,,,,,,,,,,,,,
436,12_C_64_04,ATP_C_46_Enumuladoddi,Rallapalli,,,,0,,,,,,,,,,,,,,
437,12_C_64_04,ATP_C_46_Enumuladoddi,Kambadur,,,,0,,,,,,,,,,,,,,
438,12_C_64_04,ATP_C_46_Enumuladoddi,Thimmapuram,,,,0,,,,,,,,,,,,,,
439,12_C_64_04,ATP_C_46_Enumuladoddi,Chennampalli,,,,0,,,,,,,,,,,,,,
440,12_C_64_04,ATP_C_46_Enumuladoddi,Kurakulapalli,,,,0,,,,,,,,,,,,,,
441,12_C_64_04,ATP_C_46_Enumuladoddi,Kariganipalli,,,,0,,,,,,,,,,,,,,
442,12_C_64_04,ATP_C_46_Enumuladoddi,Yenumuladoddi,,,,0,,,,,,,,,,,,,,
443,12_C_64_04,ATP_C_46_Enumuladoddi,Mallapuram,,,,0,,,,,,,,,,,,,,
444,12_C_64_04,ATP_C_46_Enumuladoddi,Bestarapalli,,,,0,,,,,,,,,,,,,,
445,12_C_64_04,ATP_C_64_Golla,Ankampalli,,,,0,,,,,,,,,,,,,,
446,12_C_64_04,ATP_C_64_Golla,Konampalli,,,,0,,,,,,,,,,,,,,
447,12_C_64_04,ATP_C_64_Golla,Kaluvapalli,,,,0,,,,,,,,,,,,,,
448,12_C_64_05,ATP_C_64_Golla,Golla,,,,0,,,,,,,,,,,,,,
449,12_C_64_04,ATP_C_64_Korrakodu,Korrakodu,,,,0,,,,,,,,,,,,,,
450,12_C_64_04,ATP_C_64_Korrakodu,Jayapuram,,,,0,,,,,,,,,,,,,,
451,12_C_64_04,ATP_C_64_Korrakodu,Budigumma,,,,0,,,,,,,,,,,,,,
452,12_C_64_04,ATP_C_64_M.C. Palli,Makkinavaripalli,,,,0,,,,,,,,,,,,,,
453,12_C_64_04,ATP_C_64_M.C. Palli,Kondapuram,,,,0,,,,,,,,,,,,,,
454,12_C_64_04,ATP_C_64_M.C. Palli,M.C.Palli,,,,0,,,,,,,,,,,,,,
455,12_C_64_05,ATP_C_64_Manirevu,M.M.Halli,,,,0,,,,,,,,,,,,,,
456,12_C_64_05,ATP_C_64_Manirevu,Manirevu,,,,0,,,,,,,,,,,,,,
457,12_C_64_34,ATP_C_64_Mulakanur,Mulakanur,,,,0,,,,,,,,,,,,,,
458,12_C_64_34,ATP_C_64_Mulakanur,Pallur,,,,0,,,,,,,,,,,,,,
459,12_C_64_34,ATP_C_64_Mulakanur,Ramapuram,,,,0,,,,,,,,,,,,,,
460,12_C_64_34,ATP_C_64_Mulakanur,Karthanaparthi,,,,0,,,,,,,,,,,,,,
461,12_C_64_34,ATP_C_64_Mulakanur,Gulyam,,,,0,,,,,,,,,,,,,,
462,12_C_64_34,ATP_C_64_Mulakanur,Badrahalli,,,,0,,,,,,,,,,,,,,
463,12_C_64_01,ATP_C_64_Nutimadugu,Maddalacheruvu,,,,0,,,,,,,,,,,,,,
464,12_C_64_01,ATP_C_64_Nutimadugu,Nutimadugu,,,,0,,,,,,,,,,,,,,
465,12_C_64_01,ATP_C_64_Nutimadugu,Thimmasamudram,,,,0,,,,,,,,,,,,,,
466,12_C_64_01,ATP_C_64_Nutimadugu,Peruru,,,,0,,,,,,,,,,,,,,
467,12_C_64_14,ATP_C_64_Palavai,Muddinayanipalli,,,,0,,,,,,,,,,,,,,
468,12_C_64_14,ATP_C_64_Palavai,Varli,,,,0,,,,,,,,,,,,,,
469,12_C_64_14,ATP_C_64_Palavai,East Kodipalli,,,,0,,,,,,,,,,,,,,
470,12_C_64_14,ATP_C_64_Palavai,Garudapuram,,,,0,,,,,,,,,,,,,,
471,12_C_64_14,ATP_C_64_Palavai,Kurubarahalli,,,,0,,,,,,,,,,,,,,
472,12_C_64_14,ATP_C_64_Palavai,Palavoy,,,,0,,,,,,,,,,,,,,
473,12_C_64_14,ATP_C_64_Palavai,Duradakunta,,,,0,,,,,,,,,,,,,,
474,12_C_64_14,ATP_C_64_Palavai,Mudigallu,,,,0,,,,,,,,,,,,,,
475,12_C_64_22,ATP_C_64_Ramapuram,P.C.Pyadili,,,,0,,,,,,,,,,,,,,
476,12_C_64_22,ATP_C_64_Ramapuram,venkatampalle,,,,0,,,,,,,,,,,,,,
477,12_C_64_22,ATP_C_64_Ramapuram,J.Ramapuram,,,,0,,,,,,,,,,,,,,
478,12_C_64_22,ATP_C_64_Ramapuram,Lathavaram,,,,0,,,,,,,,,,,,,,
479,12_C_64_22,ATP_C_64_Ramapuram,Shaiksanipalli,,,,0,,,,,,,,,,,,,,
480,12_C_64_22,ATP_C_64_Ramapuram,Konapuram,,,,0,,,,,,,,,,,,,,
481,12_C_64_22,ATP_C_64_Ramapuram,Racherla,,,,0,,,,,,,,,,,,,,
482,12_C_64_01,ATP_C_64_Udiripikonda,udipirikonda,,,,0,,,,,,,,,,,,,,
483,12_C_64_01,ATP_C_64_Udiripikonda,Marutla,,,,0,,,,,,,,,,,,,,
484,12_C_64_01,ATP_C_64_Udiripikonda,Kalagallu,,,,0,,,,,,,,,,,,,,
485,12_C_65_07,ATP_C_65_Alluru,Talaricheruvu,,,,0,,,,,,,,,,,,,,
486,12_C_65_07,ATP_C_65_Alluru,Velamakur,,,,0,,,,,,,,,,,,,,
487,12_C_65_07,ATP_C_65_Alluru,Alur,,,,0,,,,,,,,,,,,,,
488,12_C_65_07,ATP_C_65_Alluru,Sajjaladinne,,2,,2,,,,,,,,,,,,,,
489,12_C_65_07,ATP_C_65_Alluru,Bodaipalli,,8,,8,,,,,,,,,,,,,,
490,12_C_65_08,ATP_C_65_Gudipadu,Brahmanapalli,,,,0,,,,,,,,,,,,,,
491,12_C_65_08,ATP_C_65_Gudipadu,Venkatampalli,,,,0,,,,,,,,,,,,,,
492,12_C_65_08,ATP_C_65_Gudipadu,Kavetisamudram,,,,0,,,,,,,,,,,,,,
493,12_C_65_08,ATP_C_65_Gudipadu,Chukkaluru,,,,0,,,,,,,,,,,,,,
494,12_C_65_08,ATP_C_65_Gudipadu,Puliproddatur,,,,0,,,,,,,,,,,,,,
495,12_C_65_08,ATP_C_65_Gudipadu,Gangadevipalli,,,,0,,,,,,,,,,,,,,
496,12_C_65_08,ATP_C_65_Gudipadu,Obulapuram,,,,0,,,,,,,,,,,,,,
497,12_C_65_08,ATP_C_65_Gudipadu,Konauppalapadu,,,,0,,,,,,,,,,,,,,
498,12_C_65_08,ATP_C_65_Gudipadu,Kamalapadu,,1,,1,,,,,,,,,,,,,,
499,12_C_65_08,ATP_C_65_Gudipadu,Kundanakota,,,,0,,,,,,,,,,,,,,
500,12_C_65_08,ATP_C_65_Gudipadu,Gudipadu,,,,0,,,,,,,,,,,,,,
501,12_C_65_08,ATP_C_65_Gudipadu,Nittoor,,,,0,,,,,,,,,,,,,,
502,12_C_65_08,ATP_C_65_Gudipadu,Bhogasamudram,,5,,5,,,,,,,,,,,,,,
503,12_C_65_13,ATP_C_65_Igaduru,Thimmapuram,,,,0,,,,,,,,,,,,,,
504,12_C_65_13,ATP_C_65_Igaduru,Juturu,,,,0,,,,,,,,,,,,,,
505,12_C_65_13,ATP_C_65_Igaduru,Iguduru,,,,0,,,,,,,,,,,,,,
506,12_C_65_13,ATP_C_65_Igaduru,Seetharampuram,,,,0,,,,,,,,,,,,,,
507,12_C_65_05,ATP_C_65_Kristipadu,Thondapadu,,,,0,,,,,,,,,,,,,,
508,12_C_65_05,ATP_C_65_Kristipadu,Jakkalacheruvu,,,,0,,,,,,,,,,,,,,
509,12_C_65_05,ATP_C_65_Kristipadu,Appecherla,,,,0,,,,,,,,,,,,,,
510,12_C_65_05,ATP_C_65_Kristipadu,Kristipadu,,,,0,,,,,,,,,,,,,,
511,12_C_65_05,ATP_C_65_Kristipadu,Muppalagutty,,,,0,,,,,,,,,,,,,,
512,12_C_65_05,ATP_C_65_Kristipadu,Mallenipalli,,,,0,,,,,,,,,,,,,,
513,12_C_65_05,ATP_C_65_Kristipadu,Rayalacheruvu,,2,,2,,,,,,,,,,,,,,
514,12_C_65_05,ATP_C_65_Kristipadu,Chandana,,,,0,,,,,,,,,,,,,,
515,12_C_65_05,ATP_C_65_Kristipadu,Thutrallapalli,,,,0,,,,,,,,,,,,,,
516,12_C_65_14,ATP_C_65_Puppala,Ravuludiki,,,,0,,,,,,,,,,,,,,
517,12_C_65_14,ATP_C_65_Puppala,Konapuram,,,,0,,,,,,,,,,,,,,
518,12_C_65_14,ATP_C_65_Puppala,Devanuppalapadu,,,,0,,,,,,,,,,,,,,
519,12_C_65_14,ATP_C_65_Puppala,Chinnayekkaluru,,,,0,,,,,,,,,,,,,,
520,12_C_65_14,ATP_C_65_Puppala,Peddayekkaluru,,,,0,,,,,,,,,,,,,,
521,12_C_65_14,ATP_C_65_Puppala,Garladinne,,,,0,,,,,,,,,,,,,,
522,12_C_65_14,ATP_C_65_Puppala,Pasaluru,,,,0,,,,,,,,,,,,,,
523,12_C_65_14,ATP_C_65_Puppala,Athiralladinne,,,,0,,,,,,,,,,,,,,
524,12_C_65_14,ATP_C_65_Puppala,Pendekallu,,,,0,,,,,,,,,,,,,,
525,12_C_65_14,ATP_C_65_Puppala,Kummetha,,,,0,,,,,,,,,,,,,,
526,12_C_65_14,ATP_C_65_Puppala,Dharmapuram,,,,0,,,,,,,,,,,,,,
527,12_C_65_14,ATP_C_65_Puppala,Puppala,,,,0,,,,,,,,,,,,,,
528,12_C_65_14,ATP_C_65_Puppala,Nagaruru,,,,0,,,,,,,,,,,,,,
529,12_C_65_14,ATP_C_65_Puppala,Vemulapadu,,,,0,,,,,,,,,,,,,,
530,12_C_65_14,ATP_C_65_Puppala,Yadiki,,,,0,,,,,,,,,,,,,,
531,12_C_65_14,ATP_C_65_Puppala,Narasapuram,,,,0,,,,,,,,,,,,,,
532,12_C_65_14,ATP_C_65_Puppala,J.Dharmapuram,,,,0,,,,,,,,,,,,,,
533,12_C_65_14,ATP_C_65_Puppala,Chintalacheruvu,,,,0,,,,,,,,,,,,,,
534,12_C_65_05,ATP_C_65_Urachinthala,Urichintala,,8,,8,,,,,,,,,,,,,,
535,12_C_65_02,ATP_C_65_Utakal,Bethapalli,,,,0,,,,,,,,,,,,,,
536,12_C_65_03,ATP_C_65_Utakal,Utakallu,,,,0,,,,,,,,,,,,,,
537,12_C_65_04,ATP_C_65_Utakal,Basinepalli,,,,0,,,,,,,,,,,,,,
538,12_C_66_08,ATP_C_66_Kanaganapalli,Muthuvakuntla,,,,0,,,,,,,,,,,,,,
539,12_C_66_08,ATP_C_66_Kanaganapalli,Kanaganapalli,,,,0,,,,,,,,,,,,,,
540,12_C_66_08,ATP_C_66_Kanaganapalli,Nasanakota,,,,0,,,,,,,,,,,,,,
541,12_C_66_08,ATP_C_66_Kanaganapalli,Ramagiri,,,,0,,,,,,,,,,,,,,
542,12_C_66_08,ATP_C_66_Kanaganapalli,Erragunta,,,,0,,,,,,,,,,,,,,
543,12_C_66_08,ATP_C_66_Kanaganapalli,Bandameedapalli,,,,0,,,,,,,,,,,,,,
544,12_C_67_01,ATP_C_67_Chigicherla,Maroor,,,,0,,,,,,,,,,,,,,
545,12_C_67_01,ATP_C_67_Chigicherla,Gotlur,,,,0,,,,,,,,,,,,,,
546,12_C_67_01,ATP_C_67_Chigicherla,Chigicherla,,,,0,,,,,,,,,,,,,,
547,12_C_67_01,ATP_C_67_Chigicherla,Edula Mustur,,,,0,,,,,,,,,,,,,,
548,12_C_67_01,ATP_C_67_Chigicherla,Raghavampalli,,,,0,,,,,,,,,,,,,,
549,12_C_67_01,ATP_C_67_Chigicherla,Bathalapalli,,,,0,,,,,,,,,,,,,,
550,12_C_67_01,ATP_C_67_Chigicherla,Manilla,,,,0,,,,,,,,,,,,,,
551,12_C_67_14,ATP_C_67_Gonipeta,Bojjireddipalli,,,,0,,,,,,,,,,,,,,
552,12_C_67_14,ATP_C_67_Gonipeta,Settipalli,,,,0,,,,,,,,,,,,,,
553,12_C_67_14,ATP_C_67_Gonipeta,Gonipeta,,,,0,,,,,,,,,,,,,,
554,12_C_67_14,ATP_C_67_Gonipeta,Somandepalli,,,,0,,,,,,,,,,,,,,
555,12_C_67_14,ATP_C_67_Gonipeta,Naginayanicheruvu,,,,0,,,,,,,,,,,,,,
556,12_C_67_14,ATP_C_67_Gonipeta,Bushiahgaripalli,,4,,4,,,,,,,,,,,,,,
557,12_C_67_14,ATP_C_67_Gonipeta,Velagamakulapalli,,,,0,,,,,,,,,,,,,,
558,12_C_67_14,ATP_C_67_Gonipeta,Kotlapalli,,,,0,,,,,,,,,,,,,,
559,12_C_67_14,ATP_C_67_Gonipeta,Nidimamidi,,,,0,,,,,,,,,,,,,,
560,12_C_67_14,ATP_C_67_Gonipeta,Bandlapalli,,,,0,,,,,,,,,,,,,,
561,12_C_67_14,ATP_C_67_Gonipeta,Pakeerupalli,,,,0,,,,,,,,,,,,,,
562,12_C_67_14,ATP_C_67_Gonipeta,Mandlapalli,,,,0,,,,,,,,,,,,,,
563,12_C_67_14,ATP_C_67_Gonipeta,Boyalapalle,,,,0,,,,,,,,,,,,,,
564,12_C_67_09,ATP_C_67_Kadiri,Saidapuram,,,,0,,,,,,,,,,,,,,
565,12_C_67_09,ATP_C_67_Kadiri,Kadiri,,36,,36,,,,,,,,,,,,,,
566,12_C_67_09,ATP_C_67_Kadiri,Muthukapalli,,,,0,,,,,,,,,,,,,,
567,12_C_67_09,ATP_C_67_Kadiri,Kowlepalli,,,,0,,,,,,,,,,,,,,
568,12_C_67_09,ATP_C_67_Kadiri,Bathalapalli,,,,0,,,,,,,,,,,,,,
569,12_C_67_09,ATP_C_67_Kadiri,K.Brahmanapalli,,,,0,,,,,,,,,,,,,,
570,12_C_67_09,ATP_C_67_Kadiri,Eguvapalli,,,,0,,,,,,,,,,,,,,
571,12_C_67_09,ATP_C_67_Kadiri,Maddivarigondi,,,,0,,,,,,,,,,,,,,
572,12_C_67_09,ATP_C_67_Kadiri,Kamathampalli,,,,0,,,,,,,,,,,,,,
573,12_C_67_09,ATP_C_67_Kadiri,Jogannapeta,,,,0,,,,,,,,,,,,,,
574,12_C_67_09,ATP_C_67_Kadiri,Veeraobannapalli,,,,0,,,,,,,,,,,,,,
575,12_C_67_09,ATP_C_67_Kadiri,Thummalakuntapalli,,,,0,,,,,,,,,,,,,,
576,12_C_67_15,ATP_C_67_Kalasamudram,Godduvelagala,,,,0,,,,,,,,,,,,,,
577,12_C_67_15,ATP_C_67_Kalasamudram,Chalamakuntapalli,,,,0,,,,,,,,,,,,,,
578,12_C_67_15,ATP_C_67_Kalasamudram,Alampur,,,,0,,,,,,,,,,,,,,
579,12_C_67_15,ATP_C_67_Kalasamudram,Kadirikuntapalli,,,,0,,,,,,,,,,,,,,
580,12_C_67_15,ATP_C_67_Kalasamudram,Chippalamadugu,,,,0,,,,,,,,,,,,,,
581,12_C_67_15,ATP_C_67_Kalasamudram,Kalasamudram,,,,0,,,,,,,,,,,,,,
582,12_C_67_15,ATP_C_67_Kalasamudram,Patnam,,,,0,,,,,,,,,,,,,,
583,12_C_67_15,ATP_C_67_Kalasamudram,Kutagulla,,,,0,,,,,,,,,,,,,,
584,12_C_67_08,ATP_C_67_Kanumukkala,C.K.palli,,,,0,,,,,,,,,,,,,,
585,12_C_67_08,ATP_C_67_Kanumukkala,Nagasamudram,,,,0,,,,,,,,,,,,,,
586,12_C_67_08,ATP_C_67_Kanumukkala,Pyadindi,,,,0,,,,,,,,,,,,,,
587,12_C_67_08,ATP_C_67_Kanumukkala,Medapuram,,,,0,,,,,,,,,,,,,,
588,12_C_67_08,ATP_C_67_Kanumukkala,Kanumukkala,,,,0,,,,,,,,,,,,,,
589,12_C_67_08,ATP_C_67_Kanumukkala,Veldurthi,,,,0,,,,,,,,,,,,,,
590,12_C_67_08,ATP_C_67_Kanumukkala,Pothulanagepalli,,,,0,,,,,,,,,,,,,,
591,12_C_67_08,ATP_C_67_Kanumukkala,Duddebanda,,,,0,,,,,,,,,,,,,,
592,12_C_67_08,ATP_C_67_Kanumukkala,Gutturu,,,,0,,,,,,,,,,,,,,
593,12_C_67_08,ATP_C_67_Kanumukkala,Gondipalli,,,,0,,,,,,,,,,,,,,
594,12_C_67_08,ATP_C_67_Kanumukkala,Puletipalli,,,,0,,,,,,,,,,,,,,
595,12_C_67_01,ATP_C_67_Kondakamarla,Daburuvaripalli,,,,0,,,,,,,,,,,,,,
596,12_C_67_01,ATP_C_67_Kondakamarla,Kondakamarla,,,,0,,,,,,,,,,,,,,
597,12_C_67_01,ATP_C_67_Kondakamarla,Narasambotlapalli,,,,0,,,,,,,,,,,,,,
598,12_C_67_01,ATP_C_67_Kondakamarla,Donnikota,,,,0,,,,,,,,,,,,,,
599,12_C_67_01,ATP_C_67_Kondakamarla,Kurumala,,,,0,,,,,,,,,,,,,,
600,12_C_67_01,ATP_C_67_Kondakamarla,Mutyalacheruvu,,,,0,,,,,,,,,,,,,,
601,12_C_67_01,ATP_C_67_Kondakamarla,Kondamanayanipalem,,,,0,,,,,,,,,,,,,,
602,12_C_67_02,ATP_C_67_Kondakamarla,Pulagampalli,,,,0,,,,,,,,,,,,,,
603,12_C_67_07,ATP_C_67_Kunuthuru,Muktapuram,,,,0,,,,,,,,,,,,,,
604,12_C_67_07,ATP_C_67_Kunuthuru,Dadaluru,,,,0,,,,,,,,,,,,,,
605,12_C_67_07,ATP_C_67_Kunuthuru,Subbaraopeta,,,,0,,,,,,,,,,,,,,
606,12_C_67_07,ATP_C_67_Kunuthuru,Ravulacheruvu,,,,0,,,,,,,,,,,,,,
607,12_C_67_07,ATP_C_67_Kunuthuru,Thummala,,,,0,,,,,,,,,,,,,,
608,12_C_67_07,ATP_C_67_Kunuthuru,Kunuthuru,,,,0,,,,,,,,,,,,,,
609,12_C_67_07,ATP_C_67_Kunuthuru,Regatipalli,,,,0,,,,,,,,,,,,,,
610,12_C_67_07,ATP_C_67_Kunuthuru,Mallakalva,,,,0,,,,,,,,,,,,,,
611,12_C_67_07,ATP_C_67_Kunuthuru,Dharmavaram,,2,,2,,,,,,,,,,,,,,
612,12_C_67_03,ATP_C_67_Kurli,Udumulakurthi,,,,0,,,,,,,,,,,,,,
613,12_C_67_03,ATP_C_67_Kurli,Odulapalli,,,,0,,,,,,,,,,,,,,
614,12_C_67_03,ATP_C_67_Kurli,Kurli,,,,0,,,,,,,,,,,,,,
615,12_C_67_15,ATP_C_67_Mudigubba,Brahmadevaramarri,,,,0,,,,,,,,,,,,,,
616,12_C_67_15,ATP_C_67_Mudigubba,J.Kothapalli,,,,0,,,,,,,,,,,,,,
617,12_C_67_15,ATP_C_67_Mudigubba,Mudigubba,,,,0,,,,,,,,,,,,,,
618,12_C_67_15,ATP_C_67_Mudigubba,Mukthapuram,,,,0,,,,,,,,,,,,,,
619,12_C_67_15,ATP_C_67_Mudigubba,Chagapuram,,,,0,,,,,,,,,,,,,,
620,12_C_67_15,ATP_C_67_Mudigubba,Mangalamadaka,,,,0,,,,,,,,,,,,,,
621,12_C_67_15,ATP_C_67_Mudigubba,Nakkalaguttapalli,,,,0,,,,,,,,,,,,,,
622,12_C_67_15,ATP_C_67_Mudigubba,Brahmanapalli,,,,0,,,,,,,,,,,,,,
623,12_C_67_15,ATP_C_67_Mudigubba,Nelakota,,,,0,,,,,,,,,,,,,,
624,12_C_67_15,ATP_C_67_Mudigubba,Buddareddipalli,,,,0,,,,,,,,,,,,,,
625,12_C_67_15,ATP_C_67_Mudigubba,Elukuntla,,,,0,,,,,,,,,,,,,,
626,12_C_67_15,ATP_C_67_Mudigubba,Krishnapuram,,,,0,,,,,,,,,,,,,,
627,12_C_67_15,ATP_C_67_Mudigubba,Marala,,,,0,,,,,,,,,,,,,,
628,12_C_67_15,ATP_C_67_Mudigubba,Siddarampuram,,,,0,,,,,,,,,,,,,,
629,12_C_67_15,ATP_C_67_Mudigubba,Sankepalli,,,,0,,,,,,,,,,,,,,
630,12_C_67_032,ATP_C_67_Munimadugu,Pothulakunta,,,,0,,,,,,,,,,,,,,
631,12_C_67_032,ATP_C_67_Munimadugu,Virupapuram,,,,0,,,,,,,,,,,,,,
632,12_C_67_032,ATP_C_67_Munimadugu,Munimadugu,,,,0,,,,,,,,,,,,,,
633,12_C_67_032,ATP_C_67_Munimadugu,Cherlopalli,,,,0,,,,,,,,,,,,,,
634,12_C_67_032,ATP_C_67_Munimadugu,vasudevapuram,,,,0,,,,,,,,,,,,,,
635,12_C_67_032,ATP_C_67_Munimadugu,Yerramanchi,,,,0,,,,,,,,,,,,,,
636,12_C_67_032,ATP_C_67_Munimadugu,Obulapuram,,,,0,,,,,,,,,,,,,,
637,12_C_67_032,ATP_C_67_Munimadugu,Ramapuram,,,,0,,,,,,,,,,,,,,
638,12_C_67_032,ATP_C_67_Munimadugu,Kondampalli,,,,0,,,,,,,,,,,,,,
639,12_C_67_032,ATP_C_67_Munimadugu,Penukonda,,7,,7,,,,,,,,,,,,,,
640,12_C_67_04,ATP_C_67_Nallacheruvu,Chinnaramannagaripalli,,,,0,,,,,,,,,,,,,,
641,12_C_67_04,ATP_C_67_Nallacheruvu,Ulavalavandlapalli,,,,0,,,,,,,,,,,,,,
642,12_C_67_04,ATP_C_67_Nallacheruvu,Tanakal,,,,0,,,,,,,,,,,,,,
643,12_C_67_04,ATP_C_67_Nallacheruvu,Ethodu,,,,0,,,,,,,,,,,,,,
644,12_C_67_04,ATP_C_67_Nallacheruvu,Panthulacheruvu,,,,0,,,,,,,,,,,,,,
645,12_C_67_04,ATP_C_67_Nallacheruvu,Allugundu,,,,0,,,,,,,,,,,,,,
646,12_C_67_04,ATP_C_67_Nallacheruvu,Nallacheruvu,,,,0,,,,,,,,,,,,,,
647,12_C_67_04,ATP_C_67_Nallacheruvu,Mulakalapalli,,,,0,,,,,,,,,,,,,,
648,12_C_67_04,ATP_C_67_Nallacheruvu,Maddimadugu,,,,0,,,,,,,,,,,,,,
649,12_C_67_04,ATP_C_67_Nallacheruvu,Tavalamarri,,,,0,,,,,,,,,,,,,,
650,12_C_67_04,ATP_C_67_Nallacheruvu,Ubicherla,,,,0,,,,,,,,,,,,,,
651,12_C_67_04,ATP_C_67_Nallacheruvu,Kadiripulikunta,,,,0,,,,,,,,,,,,,,
652,12_C_67_04,ATP_C_67_Nallacheruvu,Talamarlavandlapalli,,,,0,,,,,,,,,,,,,,
653,12_C_67_05,ATP_C_67_Nallamada,Nallamada,,,,0,,,,,,,,,,,,,,
654,12_C_67_05,ATP_C_67_Nallamada,Chowtakuntapalli,,,,0,,,,,,,,,,,,,,
655,12_C_67_05,ATP_C_67_Nallamada,Gopepalli,,,,0,,,,,,,,,,,,,,
656,12_C_67_05,ATP_C_67_Nallamada,Reddipalli,,,,0,,,,,,,,,,,,,,
657,12_C_67_05,ATP_C_67_Nallamada,Vankarakunta,,,,0,,,,,,,,,,,,,,
658,12_C_67_05,ATP_C_67_Nallamada,Vellamaddi,,,,0,,,,,,,,,,,,,,
659,12_C_67_05,ATP_C_67_Nallamada,Nagireddipalli,,,,0,,,,,,,,,,,,,,
660,12_C_67_05,ATP_C_67_Nallamada,Yerradoddi,,,,0,,,,,,,,,,,,,,
661,12_C_67_05,ATP_C_67_Nallamada,Charupalli,,,,0,,,,,,,,,,,,,,
662,12_C_67_05,ATP_C_67_Nallamada,Malakavemula,,,,0,,,,,,,,,,,,,,
663,12_C_67_03,ATP_C_67_Pamudurthi,Gunipalli,,,,0,,,,,,,,,,,,,,
664,12_C_67_03,ATP_C_67_Pamudurthi,Agraharam,,,,0,,,,,,,,,,,,,,
665,12_C_67_03,ATP_C_67_Pamudurthi,Pamudurthi,,,,0,,,,,,,,,,,,,,
666,12_C_67_03,ATP_C_67_Pamudurthi,Vengalammacheruvu,,,,0,,,,,,,,,,,,,,
667,12_C_67_03,ATP_C_67_Pamudurthi,Kothakota,,,,0,,,,,,,,,,,,,,
668,12_C_67_07,ATP_C_67_Polepalli,Polepalli,,,,0,,,,,,,,,,,,,,
669,12_C_67_07,ATP_C_67_Polepalli,Seshadribatrahalli,,,,0,,,,,,,,,,,,,,
670,12_C_67_07,ATP_C_67_Polepalli,Kuntimaddi,,,,0,,,,,,,,,,,,,,
671,12_C_67_07,ATP_C_67_Polepalli,Gantimarri,,,,0,,,,,,,,,,,,,,
672,12_C_67_07,ATP_C_67_Polepalli,Mustikovila,,,,0,,,,,,,,,,,,,,
673,12_C_67_07,ATP_C_67_Polepalli,Nyamaddala,,,,0,,,,,,,,,,,,,,
674,12_C_67_01,ATP_C_67_Puttaparthi,Kappalabanda,,,,0,,,,,,,,,,,,,,
675,12_C_67_01,ATP_C_67_Puttaparthi,Jagarajupalli,,,,0,,,,,,,,,,,,,,
676,12_C_67_01,ATP_C_67_Puttaparthi,Pedaballi,,,,0,,,,,,,,,,,,,,
677,12_C_67_01,ATP_C_67_Puttaparthi,Kesapuram,,,,0,,,,,,,,,,,,,,
678,12_C_67_01,ATP_C_67_Puttaparthi,Mylasamudram,,,,0,,,,,,,,,,,,,,
679,12_C_67_01,ATP_C_67_Puttaparthi,Kadiridevarapalli,,,,0,,,,,,,,,,,,,,
680,12_C_67_01,ATP_C_67_Puttaparthi,Kothapalli,,,,0,,,,,,,,,,,,,,
681,12_C_67_01,ATP_C_67_Puttaparthi,Narepalli,,,,0,,,,,,,,,,,,,,
682,12_C_67_01,ATP_C_67_Puttaparthi,Karisettipalli,,,,0,,,,,,,,,,,,,,
683,12_C_67_01,ATP_C_67_Puttaparthi,Tirumaladevarapalli,,,,0,,,,,,,,,,,,,,
684,12_C_67_01,ATP_C_67_Puttaparthi,Kodapaganipalli,,,,0,,,,,,,,,,,,,,
685,12_C_67_01,ATP_C_67_Puttaparthi,Iragampalli,,,,0,,,,,,,,,,,,,,
686,12_C_67_01,ATP_C_67_Puttaparthi,Lingareddipalli,,,,0,,,,,,,,,,,,,,
687,12_C_67_01,ATP_C_67_Puttaparthi,Thippabatlapalli,,,,0,,,,,,,,,,,,,,
688,12_C_67_01,ATP_C_67_Puttaparthi,Marukuntapalli,,,,0,,,,,,,,,,,,,,
689,12_C_67_01,ATP_C_67_Puttaparthi,K.Locherla,,,,0,,,,,,,,,,,,,,
690,12_C_67_01,ATP_C_67_Puttaparthi,Byrapuram,,,,0,,,,,,,,,,,,,,
691,12_C_67_01,ATP_C_67_Puttaparthi,Kadirepalli,,,,0,,,,,,,,,,,,,,
692,12_C_67_01,ATP_C_67_Puttaparthi,Bukkapatnam,,,,0,,,,,,,,,,,,,,
693,12_C_67_01,ATP_C_67_Puttaparthi,Puttaparthy,,,,0,,,,,,,,,,,,,,
694,12_C_67_01,ATP_C_67_Puttaparthi,Kothacheruvu,,,,0,,,,,,,,,,,,,,
695,12_C_67_04,ATP_C_67_Ravulachervu,Chennarayapatnam,,,,0,,,,,,,,,,,,,,
696,12_C_67_04,ATP_C_67_Ravulachervu,Sangala,,,,0,,,,,,,,,,,,,,
697,12_C_67_04,ATP_C_67_Ravulachervu,Obulapuram,,,,0,,,,,,,,,,,,,,
698,12_C_67_04,ATP_C_67_Ravulachervu,Dampetla,,,,0,,,,,,,,,,,,,,
699,12_C_67_04,ATP_C_67_Ravulachervu,D.Cherlopalli,,,,0,,,,,,,,,,,,,,
700,12_C_67_04,ATP_C_67_Ravulachervu,Darisimala,,,,0,,,,,,,,,,,,,,
701,12_C_67_04,ATP_C_67_Ravulachervu,Ganginepalli,,,,0,,,,,,,,,,,,,,
702,12_C_67_2,Atp_C_67_Sanivaripalli,S .Brahmanapalli,,,,0,,,,,,,,,,,,,,
703,12_C_67_3,Atp_C_67_Sanivaripalli,Sanivaripalli,,,,0,,,,,,,,,,,,,,
704,12_C_67_05,ATP_C_67_Somagatta,Kammavaripalli,,,,0,,,,,,,,,,,,,,
705,12_C_67_05,ATP_C_67_Somagatta,Budili,,,,0,,,,,,,,,,,,,,
706,12_C_67_05,ATP_C_67_Somagatta,Gorantla,,,,0,,,,,,,,,,,,,,
707,12_C_67_05,ATP_C_67_Somagatta,Maredipalli,,,,0,,,,,,,,,,,,,,
708,12_C_67_05,ATP_C_67_Somagatta,Puleru,,,,0,,,,,,,,,,,,,,
709,12_C_67_05,ATP_C_67_Somagatta,Chagaleru,,,,0,,,,,,,,,,,,,,
710,12_C_67_05,ATP_C_67_Somagatta,Kanumakulapalli,,,,0,,,,,,,,,,,,,,
711,12_C_67_05,ATP_C_67_Somagatta,Somagatta,,,,0,,,,,,,,,,,,,,
712,12_C_67_05,ATP_C_67_Somagatta,Yerrasingepalli,,,,0,,,,,,,,,,,,,,
713,12_C_67_05,ATP_C_67_Somagatta,Chowdireddipalli,,,,0,,,,,,,,,,,,,,
714,12_C_67_05,ATP_C_67_Somagatta,Muddireddipalli,,,,0,,,,,,,,,,,,,,
715,12_C_67_05,ATP_C_67_Somagatta,Gandladinne,,,,0,,,,,,,,,,,,,,
716,12_C_67_05,ATP_C_67_Somagatta,Kodikonda,,,,0,,,,,,,,,,,,,,
717,12_C_67_05,ATP_C_67_Somagatta,Kambaladinne,,,,0,,,,,,,,,,,,,,
718,12_C_67_09,ATP_C_67_Tadimarri,H.Sodanapalli,,,,0,,,,,,,,,,,,,,
719,12_C_67_09,ATP_C_67_Tadimarri,Malyavantham,,,,0,,,,,,,,,,,,,,
720,12_C_67_09,ATP_C_67_Tadimarri,Apparacheruvu,,,,0,,,,,,,,,,,,,,
721,12_C_67_09,ATP_C_67_Tadimarri,Garisalapalli,,,,0,,,,,,,,,,,,,,
722,12_C_67_09,ATP_C_67_Tadimarri,Chinnakotla,,,,0,,,,,,,,,,,,,,
723,12_C_67_09,ATP_C_67_Tadimarri,Budanampalli,,,,0,,,,,,,,,,,,,,
724,12_C_67_09,ATP_C_67_Tadimarri,Pinnadari,,,,0,,,,,,,,,,,,,,
725,12_C_67_09,ATP_C_67_Tadimarri,Kunukuntla,,,,0,,,,,,,,,,,,,,
726,12_C_67_09,ATP_C_67_Tadimarri,Kondamanayanipalem,,,,0,,,,,,,,,,,,,,
727,12_C_67_09,ATP_C_67_Tadimarri,Thirumalapuram,,,,0,,,,,,,,,,,,,,
728,12_C_67_09,ATP_C_67_Tadimarri,Tadimarri,,,,0,,,,,,,,,,,,,,
729,12_C_67_09,ATP_C_67_Tadimarri,Nidigallu,,,,0,,,,,,,,,,,,,,
730,12_C_67_09,ATP_C_67_Tadimarri,M.Agraharam,,,,0,,,,,,,,,,,,,,
731,12_C_67_09,ATP_C_67_Tadimarri,Peddakotla,,,,0,,,,,,,,,,,,,,
732,12_C_67_09,ATP_C_67_Tadimarri,Chinnachigullarevu,,,,0,,,,,,,,,,,,,,
733,12_C_67_15,ATP_C_67_Talamarla,Vemuletipalli,,,,0,,,,,,,,,,,,,,
734,12_C_67_15,ATP_C_67_Talamarla,Talamarla,,,,0,,,,,,,,,,,,,,
735,12_C_67_15,ATP_C_67_Talamarla,Vangampalli,,,,0,,,,,,,,,,,,,,
736,12_C_67_05,ATP_C_67_Talupula,Obulareddipalli,,,,0,,,,,,,,,,,,,,
737,12_C_67_05,ATP_C_67_Talupula,Vepamanipeta,,,,0,,,,,,,,,,,,,,
738,12_C_67_05,ATP_C_67_Talupula,Peddannavaripalli,,,,0,,,,,,,,,,,,,,
739,12_C_67_05,ATP_C_67_Talupula,Bandlapalli,,,,0,,,,,,,,,,,,,,
740,12_C_67_05,ATP_C_67_Talupula,Nutanakalva,,,,0,,,,,,,,,,,,,,
741,12_C_67_05,ATP_C_67_Talupula,Pandulakunta,,,,0,,,,,,,,,,,,,,
742,12_C_67_05,ATP_C_67_Talupula,Talapula,,,,0,,,,,,,,,,,,,,
743,12_C_67_17,ATP_C_67_Thimmampalli,Gugudu,,,,0,,,,,,,,,,,,,,
744,12_C_67_17,ATP_C_67_Thimmampalli,Kummanamala,,,,0,,,,,,,,,,,,,,
745,12_C_67_17,ATP_C_67_Thimmampalli,Madugupalli,,,,0,,,,,,,,,,,,,,
746,12_C_67_17,ATP_C_67_Thimmampalli,Chinnamallepalli,,,,0,,,,,,,,,,,,,,
747,12_C_67_17,ATP_C_67_Thimmampalli,Garuguchintalapalli,,,,0,,,,,,,,,,,,,,
748,12_C_67_17,ATP_C_67_Thimmampalli,Yellutla,,,,0,,,,,,,,,,,,,,
749,12_C_67_17,ATP_C_67_Thimmampalli,Boppepalli,,,,0,,,,,,,,,,,,,,
750,12_C_67_17,ATP_C_67_Thimmampalli,Bukkapuram,,,,0,,,,,,,,,,,,,,
751,12_C_67_17,ATP_C_67_Thimmampalli,Aravedu,,,,0,,,,,,,,,,,,,,
752,12_C_67_17,ATP_C_67_Thimmampalli,Y.Chinthakayamanda,,,,0,,,,,,,,,,,,,,
753,12_C_67_17,ATP_C_67_Thimmampalli,Chillavaripalli,,,,0,,,,,,,,,,,,,,
754,12_C_67_17,ATP_C_67_Thimmampalli,Dadithota,,,,0,,,,,,,,,,,,,,
755,12_C_67_17,ATP_C_67_Thimmampalli,Vemulapalli,,,,0,,,,,,,,,,,,,,
756,12_C_67_17,ATP_C_67_Thimmampalli,Medikurti,,,,0,,,,,,,,,,,,,,
757,12_C_67_17,ATP_C_67_Thimmampalli,Nittoor,,,,0,,,,,,,,,,,,,,
758,12_C_67_17,ATP_C_67_Thimmampalli,Peddamellepalli,,,,0,,,,,,,,,,,,,,
759,12_C_67_17,ATP_C_67_Thimmampalli,Thirumalapuram,,,,0,,,,,,,,,,,,,,
760,12_C_67_17,ATP_C_67_Thimmampalli,Chilamakur,,,,0,,,,,,,,,,,,,,
761,12_C_59_06,ATP_C_59_Amadaguru,Amadaguru,,,,0,,,,,,,,,,,,,,
762,12_C_59_06,ATP_C_59_Amadaguru,Chinaganipalle,,,,0,,,,,,,,,,,,,,
763,12_C_59_06,ATP_C_59_Amadaguru,Ramanathapuram,,,,0,,,,,,,,,,,,,,
764,12_C_59_06,ATP_C_59_Amadaguru,Gadidamanipalli,,,,0,,,,,,,,,,,,,,
765,12_C_59_06,ATP_C_59_Amadaguru,Edigavaripalli,,,,0,,,,,,,,,,,,,,
766,12_C_59_06,ATP_C_59_Amadaguru,Cheekirevulapalli,,,,0,,,,,,,,,,,,,,
767,12_C_59_06,ATP_C_59_Amadaguru,Thummala,,,,0,,,,,,,,,,,,,,
768,12_C_59_06,ATP_C_59_Amadaguru,Karimereddipalli,,,,0,,,,,,,,,,,,,,
769,12_C_59_06,ATP_C_59_Amadaguru,Pulikuntapalli,,,,0,,,,,,,,,,,,,,
770,12_C_59_06,ATP_C_59_Amadaguru,Dademvaripalli,,,,0,,,,,,,,,,,,,,
771,12_C_59_06,ATP_C_59_Amadaguru,Lokajipalli,,,,0,,,,,,,,,,,,,,
772,12_C_67_15,ATP_C_67_Cheekatimanapalli,Kotapalle,,,,0,,,,,,,,,,,,,,
773,12_C_67_15,ATP_C_67_Cheekatimanapalli,Mundlavaripalle,,,,0,,,,,,,,,,,,,,
774,12_C_67_15,ATP_C_67_Cheekatimanapalli,Venkatarayanipalle,,,,0,,,,,,,,,,,,,,
775,12_C_67_15,ATP_C_67_Cheekatimanapalli,Danduvaripalle,,,,0,,,,,,,,,,,,,,
776,12_C_67_15,ATP_C_67_Cheekatimanapalli,Malareddipalli,,,,0,,,,,,,,,,,,,,
777,12_C_67_15,ATP_C_67_Cheekatimanapalli,Gurrambailu,,,,0,,,,,,,,,,,,,,
778,12_C_67_15,ATP_C_67_Cheekatimanapalli,Bonthalapalle,,,,0,,,,,,,,,,,,,,
779,12_C_67_15,ATP_C_67_Cheekatimanapalli,Cheekatimanipalli,,,,0,,,,,,,,,,,,,,
780,12_C_67_15,ATP_C_69_Kokkanti,Edurudona,,,,0,,,,,,,,,,,,,,
781,12_C_67_15,ATP_C_69_Kokkanti,Diguvamandlapalli,,,,0,,,,,,,,,,,,,,
782,12_C_67_15,ATP_C_69_Kokkanti,Kokkanti,,,,0,,,,,,,,,,,,,,
783,12_C_67_15,ATP_C_69_Kokkanti,Korthikota,,,,0,,,,,,,,,,,,,,
784,12_C_67_15,ATP_C_69_Kokkanti,Maddinayanipalem,,,,0,,,,,,,,,,,,,,
785,12_C_67_15,ATP_C_69_Kokkanti,Agraharampalle,,,,0,,,,,,,,,,,,,,
786,12_C_67_15,ATP_C_69_Kokkanti,T.Sadam,,,,0,,,,,,,,,,,,,,
787,12_C_67_15,ATP_C_69_Kokkanti,Balasamudram,,,,0,,,,,,,,,,,,,,
788,12_C_67_15,ATP_C_69_Kokkanti,Tavalam,,,,0,,,,,,,,,,,,,,
789,12_C_67_15,ATP_C_69_Kokkanti,Oravoy,,,,0,,,,,,,,,,,,,,
790,12_C_69_04,ATP_C_69_N.P. Kunta,Vankamaddi,,,,0,,,,,,,,,,,,,,
791,12_C_69_04,ATP_C_69_N.P. Kunta,Dhaniyanicheruvu,,,,0,,,,,,,,,,,,,,
792,12_C_69_04,ATP_C_69_N.P. Kunta,Mudupulajuvi,,,,0,,,,,,,,,,,,,,
793,12_C_69_04,ATP_C_69_N.P. Kunta,Mekalacheruvu,,,,0,,,,,,,,,,,,,,
794,12_C_69_04,ATP_C_69_N.P. Kunta,Gootibylu,,,,0,,,,,,,,,,,,,,
795,12_C_69_04,ATP_C_69_N.P. Kunta,Gandlapenta,,,,0,,,,,,,,,,,,,,
796,12_C_69_04,ATP_C_69_N.P. Kunta,Jeenulakunta,,,,0,,,,,,,,,,,,,,
797,12_C_69_04,ATP_C_69_N.P. Kunta,Veparala,,,,0,,,,,,,,,,,,,,
798,12_C_69_04,ATP_C_69_N.P. Kunta,Kurumamidi,,,,0,,,,,,,,,,,,,,
799,12_C_69_04,ATP_C_69_N.P. Kunta,Chamalagondi,,,,0,,,,,,,,,,,,,,
800,12_C_69_04,ATP_C_69_N.P. Kunta,Somayajulapalli,,,,0,,,,,,,,,,,,,,
801,12_C_69_04,ATP_C_69_N.P. Kunta,Chamachenubylu,,,,0,,,,,,,,,,,,,,
802,12_C_69_04,ATP_C_69_N.P. Kunta,N.P.Kunta,,,,0,,,,,,,,,,,,,,
803,12_C_69_04,ATP_C_69_N.P. Kunta,Malameedapalli,,,,0,,,,,,,,,,,,,,
804,12_C_69_04,ATP_C_69_N.P. Kunta,Marrikommadinne,,,,0,,,,,,,,,,,,,,
805,12_C_69_05,ATP_C_69_N.P. Kunta,Maduguvanigondi,,,,0,,,,,,,,,,,,,,
806,12_C_69_11,ATP_C_69_Pedaballi,Pedaballi,,,,0,,,,,,,,,,,,,,
807,12_C_69_11,ATP_C_69_Pedaballi,Pedaballikothapalle,,,,0,,,,,,,,,,,,,,
808,12_C_69_01,ATP_C_69_Velichalamala,Puligundlapalli,,,,0,,,,,,,,,,,,,,
809,12_C_69_01,ATP_C_69_Velichalamala,Velichelamala,,,,0,,,,,,,,,,,,,,
810,12_C_69_01,ATP_C_69_Velichalamala,Gowkanapalli,,,,0,,,,,,,,,,,,,,
811,12_C_69_01,ATP_C_69_Velichalamala,Thummalabylu,,,,0,,,,,,,,,,,,,,
812,12_D_46_08,ATP_D_46_Agali,Ravudi,,,,0,,,,,,,,,,,,,,
813,12_D_46_08,ATP_D_46_Agali,Inagaluru,,,,0,,,,,,,,,,,,,,
814,12_D_46_08,ATP_D_46_Agali,Akkaladevarahalli,,,,0,,,,,,,,,,,,,,
815,12_D_46_08,ATP_D_46_Agali,Narasambudi,,,,0,,,,,,,,,,,,,,
816,12_D_46_08,ATP_D_46_Agali,Madhudi,,1,,1,,,,,,,,,,,,,,
817,12_D_46_08,ATP_D_46_Agali,P.Byadega,,,,0,,,,,,,,,,,,,,
818,12_D_46_08,ATP_D_46_Agali,H.D.Halli,,,,0,,,,,,,,,,,,,,
819,12_D_46_08,ATP_D_46_Agali,Agali,,,,0,,,,,,,,,,,,,,
820,12_D_46_08,ATP_D_46_Agali,Kodihalli,,,,0,,,,,,,,,,,,,,
821,12_D_46_08,ATP_D_46_Agali,M.Rayapuram,,,,0,,,,,,,,,,,,,,
822,12_D_46_08,ATP_D_46_Agali,Rolla,,,,0,,,,,,,,,,,,,,
823,12_D_46_08,ATP_D_46_Agali,Thumbinakunta,,,,0,,,,,,,,,,,,,,
824,12_D_46_08,ATP_D_46_Agali,Ratnagiri,,,,0,,,,,,,,,,,,,,
825,12_D_46_08,ATP_D_46_Agali,Kaki,,,,0,,,,,,,,,,,,,,
826,12_D_46_08,ATP_D_46_Agali,Dodderi,,,,0,,,,,,,,,,,,,,
827,12_D_46_61,ATP_D_46_Amarapuram,Valasa,,,,0,,,,,,,,,,,,,,
828,12_D_46_61,ATP_D_46_Amarapuram,Thammadehalli,,,,0,,,,,,,,,,,,,,
829,12_D_46_61,ATP_D_46_Amarapuram,Amarapuram,,,,0,,,,,,,,,,,,,,
830,12_D_46_61,ATP_D_46_Amarapuram,Halakuru,,,,0,,,,,,,,,,,,,,
831,12_D_46_02,ATP_D_B.G. Halli,Rallapalli,,,,0,,,,,,,,,,,,,,
832,12_D_46_02,ATP_D_B.G. Halli,Kekathi,,,,0,,,,,,,,,,,,,,
833,12_D_46_02,ATP_D_B.G. Halli,Gudibanda,,,,0,,,,,,,,,,,,,,
834,12_D_46_02,ATP_D_B.G. Halli,Muthukuru,,,,0,,,,,,,,,,,,,,
835,12_D_46_02,ATP_D_B.G. Halli,Mandalahalli,,,,0,,,,,,,,,,,,,,
836,12_D_46_02,ATP_D_B.G. Halli,Konkallu,,,,0,,,,,,,,,,,,,,
837,12_D_46_02,ATP_D_B.G. Halli,Rayapuram,,,,0,,,,,,,,,,,,,,
838,12_D_46_02,ATP_D_B.G. Halli,Bommagundanahalli,,,,0,,,,,,,,,,,,,,
839,12_D_46_02,ATP_D_B.G. Halli,Morubagal,,,,0,,,,,,,,,,,,,,
840,12_D_46_02,ATP_D_B.G. Halli,Gunimorubal,,,,0,,,,,,,,,,,,,,
841,12_D_46_09,ATP_D_46_Basavanahalli,Nidragatta,,,,0,,,,,,,,,,,,,,
842,12_D_46_09,ATP_D_46_Basavanahalli,Hemavathi,,,,0,,,,,,,,,,,,,,
843,12_D_46_09,ATP_D_46_Basavanahalli,Sivaram,,,,0,,,,,,,,,,,,,,
844,12_D_46_09,ATP_D_46_Basavanahalli,Veerabommanahalli,,,,0,,,,,,,,,,,,,,
845,12_D_46_09,ATP_D_46_Basavanahalli,Basavanahalli,,,,0,,,,,,,,,,,,,,
846,12_D_46_09,ATP_D_46_Basavanahalli,Kummaranagepalli,,,,0,,,,,,,,,,,,,,
847,12_D_46_09,ATP_D_46_Basavanahalli,Karikera,,,,0,,,,,,,,,,,,,,
848,12_D_46_09,ATP_D_46_Basavanahalli,Chigathurpi,,,,0,,,,,,,,,,,,,,
849,12_D_46_03,ATP_D_46_Beluguppa,Sree Rangapuram,,,,0,,,,,,,,,,,,,,
850,12_D_46_03,ATP_D_46_Beluguppa,Beluguppa,,,,0,,,,,,,,,,,,,,
851,12_D_46_03,ATP_D_46_Beluguppa,Thagguparthi,,,,0,,,,,,,,,,,,,,
852,12_D_46_03,ATP_D_46_Beluguppa,Yerragudi,,,,0,,,,,,,,,,,,,,
853,12_D_46_03,ATP_D_46_Beluguppa,Avulanne,,,,0,,,,,,,,,,,,,,
854,12_D_46_03,ATP_D_46_Beluguppa,Siripi,,,,0,,,,,,,,,,,,,,
855,12_D_46_03,ATP_D_46_Beluguppa,Duddekunta,,,,0,,,,,,,,,,,,,,
856,12_D_46_03,ATP_D_46_Beluguppa,Gangavaram,,,,0,,,,,,,,,,,,,,
857,12_D_46_02,ATP_D_46_Beluguppa,Rachumarri,,,,0,,,,,,,,,,,,,,
858,12_D_46_03,ATP_D_46_Beluguppa,Kalekurthi,,,,0,,,,,,,,,,,,,,
859,12_D_46_03,ATP_D_46_Beluguppa,Hanakanahal,,,,0,,,,,,,,,,,,,,
860,12_D_46_11,ATP_D_46_Brahmasamudram,Kannepalli,,,,0,,,,,,,,,,,,,,
861,12_D_46_11,ATP_D_46_Brahmasamudram,Theetakal,,,,0,,,,,,,,,,,,,,
862,12_D_46_11,ATP_D_46_Brahmasamudram,Pillapalalli,,,,0,,,,,,,,,,,,,,
863,12_D_46_11,ATP_D_46_Brahmasamudram,Byrasamudram,,,,0,,,,,,,,,,,,,,
864,12_D_46_11,ATP_D_46_Brahmasamudram,Chalimenahalli,,,,0,,,,,,,,,,,,,,
865,12_D_46_11,ATP_D_46_Brahmasamudram,Vepulaparthi,,,,0,,,,,,,,,,,,,,
866,12_D_46_11,ATP_D_46_Brahmasamudram,Gundiganipalli,,,,0,,,,,,,,,,,,,,
867,12_D_46_11,ATP_D_46_Brahmasamudram,Byravanithippa,,,,0,,,,,,,,,,,,,,
868,12_D_46_11,ATP_D_46_Brahmasamudram,W.Kodipalli,,,,0,,,,,,,,,,,,,,
869,12_D_46_11,ATP_D_46_Brahmasamudram,Eradikera,,,,0,,,,,,,,,,,,,,
870,12_D_46_11,ATP_D_46_Brahmasamudram,N.Gundpalli,,,,0,,,,,,,,,,,,,,
871,12_D_46_11,ATP_D_46_Brahmasamudram,Narasapuram,,,,0,,,,,,,,,,,,,,
872,12_D_46_11,ATP_D_46_Brahmasamudram,Hulikal,,,,0,,,,,,,,,,,,,,
873,12_D_46_11,ATP_D_46_Brahmasamudram,Chapiri,,,,0,,,,,,,,,,,,,,
874,12_D_46_11,ATP_D_46_Brahmasamudram,Kalyandurg,,,,0,,,,,,,,,,,,,,
875,12_D_46_11,ATP_D_46_Brahmasamudram,Adavigollapalli,,,,0,,,,,,,,,,,,,,
876,12_D_46_11,ATP_D_46_Brahmasamudram,Yatakal,,,,0,,,,,,,,,,,,,,
877,12_D_46_11,ATP_D_46_Brahmasamudram,Brahmasamudram,,,,0,,,,,,,,,,,,,,
878,12_D_46_22,ATP_D_46_Kunduripi,Kundurpi,,,,0,,,,,,,,,,,,,,
879,12_D_46_22,ATP_D_46_Kunduripi,Malayanur,,,,0,,,,,,,,,,,,,,
880,12_D_46_22,ATP_D_46_Kunduripi,Nijavalli,,,,0,,,,,,,,,,,,,,
881,12_D_46_22,ATP_D_46_Kunduripi,Jambugumpala,,,,0,,,,,,,,,,,,,,
882,12_D_46_01,ATP_D_46_Settur,Settur,,,,0,,,,,,,,,,,,,,
883,12_D_46_01,ATP_D_46_Settur,Bachepalli,,,,0,,,,,,,,,,,,,,
884,12_D_46_01,ATP_D_46_Settur,Kanthanahalli,,,,0,,,,,,,,,,,,,,
885,12_D_46_01,ATP_D_46_Settur,Ayyagarlapalli,,,,0,,,,,,,,,,,,,,
886,12_D_46_01,ATP_D_46_Settur,Chintarlapalli,,,,0,,,,,,,,,,,,,,
887,12_D_46_01,ATP_D_46_Settur,Khairevu,,,,0,,,,,,,,,,,,,,
888,12_D_46_01,ATP_D_46_Settur,Lakshmampalli,,,,0,,,,,,,,,,,,,,
889,12_D_46_01,ATP_D_46_Settur,Yerrakondapuram,,,,0,,,,,,,,,,,,,,
890,12_D_46_01,ATP_D_46_Settur,Santhukondapuram,,,,0,,,,,,,,,,,,,,
891,12_C_ 66_04,ATP_C_66_Hampapuram,Gangulakunta,,,,0,,,,,,,,,,,,,,
892,12_C_ 66_04,ATP_C_66_Hampapuram,Bommeparthy,,,,0,,,,,,,,,,,,,,
893,12_C_ 66_04,ATP_C_66_Hampapuram,Hampapuram,,,,0,,,,,,,,,,,,,,
894,12_C_ 66_04,ATP_C_66_Hampapuram,Gondireddipalli,,,,0,,,,,,,,,,,,,,
895,12_C_ 66_04,ATP_C_66_Hampapuram,Kandukur,,,,0,,,,,,,,,,,,,,
896,12_C_ 66_04,ATP_C_66_Hampapuram,Jangalapalle,,,,0,,,,,,,,,,,,,,
897,12_C_ 66_04,ATP_C_66_Hampapuram,Itikalapalli,,,,0,,,,,,,,,,,,,,
898,12_C_ 66_05,ATP_C_66_Hampapuram,Upparapalli,,,,0,,,,,,,,,,,,,,
899,12_C_ 66_06,ATP_C_66_Hampapuram,Rapthadu,,,,0,,,,,,,,,,,,,,
900,12_C_63_09,ATP_C_67_VonavoluG,Vanavolu,,,,0,,,,,,,,,,,,,,
901,12_C_63_09,ATP_C_67_VonavoluG,Jakkasamudram,,,,0,,,,,,,,,,,,,,
902,12_C_63_09,ATP_C_67_VonavoluG,Bynakuntapalli,,,,0,,,,,,,,,,,,,,
903,12_C_67_02,ATP_C_67_VonavoluG,Beedupalli,,,,0,,,,,,,,,,,,,,
904,12_C_67_02,ATP_C_67_VonavoluG,Brahmanapalli,,,,0,,,,,,,,,,,,,,
905,12_C_67_02,ATP_C_67_VonavoluG,Enumulapalli,,,,0,,,,,,,,,,,,,,
906,12_C_67_02,ATP_C_67_VonavoluG,Satarlapalli,,,,0,,,,,,,,,,,,,,
907,12_C_67_02,ATP_C_67_VonavoluG,Anagondapalem,,,,0,,,,,,,,,,,,,,
908,12_D_46_22,ATP_D_46_Appilepalli,Mulakaledu,,,,0,,,,,,,,,,,,,,
909,12_D_46_23,ATP_D_46_Appilepalli,Basapuram,,,,0,,,,,,,,,,,,,,
910,12_D_46_24,ATP_D_46_Appilepalli,Appilepalli,,,,0,,,,,,,,,,,,,,
911,12_C_67_05,ATP_C_67_Thippepalli,Allapalle,,,,0,,,,,,,,,,,,,,
912,12_C_67_05,ATP_C_67_Thippepalli,Thippepalle,,,,0,,,,,,,,,,,,,,
913,12_C_67_05,ATP_C_67_Thippepalli,M.Kothapalle,,,,0,,,,,,,,,,,,,,
914,12_C_67_05,ATP_C_67_Thippepalli,Enagaluru,,,,0,,,,,,,,,,,,,,
915,12_C_67_05,ATP_C_67_Thippepalli,Venkatapuram,,,,0,,,,,,,,,,,,,,
916,12_C_67_05,ATP_C_67_Thippepalli,O.D.Cheruvu,,,,0,,,,,,,,,,,,,,
917,12_C_67_05,ATP_C_67_Thippepalli,Sunnampalli,,,,0,,,,,,,,,,,,,,
918,12_C_67_05,ATP_C_67_Thippepalli,Tangedukunta,,,,0,,,,,,,,,,,,,,
919,12_C_67_05,ATP_C_67_Thippepalli,Arakabavipalli,,,,0,,,,,,,,,,,,,,
920,12_C_67_05,ATP_C_67_Thippepalli,S.Kuruvapalle,,,,0,,,,,,,,,,,,,,
921,12_C_67_05,ATP_C_67_Thippepalli,J.Kothapalli,,,,0,,,,,,,,,,,,,,
922,12_C_67_05,ATP_C_67_Thippepalli,Mohammadabad,,,,0,,,,,,,,,,,,,,
923,12_C_67_05,ATP_C_67_Thippepalli,Kassamudram,,,,0,,,,,,,,,,,,,,
924,12_C_66_07,ATP_C_66_Kurugunta,Goridindla,,,,0,,,,,,,,,,,,,,
925,12_C_66_07,ATP_C_66_Kurugunta,Sanapa,,,,0,,,,,,,,,,,,,,
926,12_C_66_07,ATP_C_66_Kurugunta,Madigubba,,,,0,,,,,,,,,,,,,,
927,12_C_66_07,ATP_C_66_Kurugunta,B.Yaleru,,,,0,,,,,,,,,,,,,,
928,12_C_66_07,ATP_C_66_Kurugunta,Thopudurthi,,,,0,,,,,,,,,,,,,,
929,12_C_66_07,ATP_C_66_Kurugunta,Kurugunta,,,,0,,,,,,,,,,,,,,
930,12_C_66_07,ATP_C_66_Kurugunta,Kamarupalli,,,,0,,,,,,,,,,,,,,
931,12_C_66_01,ATP_C_66_Thumucherla,Thumucherla,,,,0,,,,,,,,,,,,,,
932,12_C_66_01,ATP_C_66_Thumucherla,Tagarakunta,,,,0,,,,,,,,,,,,,,
933,12_C_66_01,ATP_C_66_Thumucherla,Narasampalli,,,,0,,,,,,,,,,,,,,
934,12_C_66_01,ATP_C_66_Thumucherla,Elakuntla,,,,0,,,,,,,,,,,,,,
935,12_C_66_01,ATP_C_66_Thumucherla,Palcherla,,,,0,,,,,,,,,,,,,,
936,12_C_66_01,ATP_C_66_Thumucherla,Gandlaparthy,,,,0,,,,,,,,,,,,,,
937,12_C_66_02,ATP_C_66_Vaddupalli,P. Yelaru,,,,0,,,,,,,,,,,,,,
938,12_C_66_02,ATP_C_66_Vaddupalli,Talupuru,,,,0,,,,,,,,,,,,,,
939,12_C_66_02,ATP_C_66_Vaddupalli,Gollapalle,,,,0,,,,,,,,,,,,,,
940,12_C_66_02,ATP_C_66_Vaddupalli,Sajjalakalva,,,,0,,,,,,,,,,,,,,
941,12_C_66_02,ATP_C_66_Vaddupalli,Papampeta,,,,0,,,,,,,,,,,,,,
942,12_C_66_02,ATP_C_66_Vaddupalli,Rachanapalli,,,,0,,,,,,,,,,,,,,
943,12_C_66_02,ATP_C_66_Vaddupalli,Brahmanapalle,,,,0,,,,,,,,,,,,,,
944,12_C_66_02,ATP_C_66_Vaddupalli,Kammuru,,,,0,,,,,,,,,,,,,,
945,12_C_66_02,ATP_C_66_Vaddupalli,Gotukuru,,1,,1,,,,,,,,,,,,,,
946,12_C_66_02,ATP_C_66_Vaddupalli,Kuderu,,1,,1,,,,,,,,,,,,,,
947,12_C_66_02,ATP_C_66_Vaddupalli,Ipperu,,,,0,,,,,,,,,,,,,,
948,12_C_66_02,ATP_C_66_Vaddupalli,Cholasamudram,,,,0,,,,,,,,,,,,,,
949,12_C_66_02,ATP_C_66_Vaddupalli,Atmakur,,,,0,,,,,,,,,,,,,,
950,12_C_66_02,ATP_C_66_Vaddupalli,Thimmapuram,,,,0,,,,,,,,,,,,,,
951,12_C_67_14,ATP_C_67_Dorigallu,P.C.Revu,,,,0,,,,,,,,,,,,,,
952,12_C_67_14,ATP_C_67_Dorigallu,Uppalapadu,,,,0,,,,,,,,,,,,,,
953,12_C_67_14,ATP_C_67_Dorigallu,Dorigallu,,,,0,,,,,,,,,,,,,,
954,12_C_67_14,ATP_C_67_Dorigallu,Kodavandlapalli,,,,0,,,,,,,,,,,,,,
955,12_C_67_14,ATP_C_67_Dorigallu,Marthadu,,,,0,,,,,,,,,,,,,,
956,12_C_67_14,ATP_C_67_Dorigallu,S.Bandlapalli,,,,0,,,,,,,,,,,,,,
957,12_C_67_14,ATP_C_67_Dorigallu,Gandlavallapalli,,,,0,,,,,,,,,,,,,,
958,12_C_67_14,ATP_C_67_Dorigallu,Yellareddypalli,,,,0,,,,,,,,,,,,,,
959,12_C_67_14,ATP_C_67_Dorigallu,Thimmanayanipalyam,,,,0,,,,,,,,,,,,,,
960,12_C_67_14,ATP_C_67_Dorigallu,Mallepalli,,,,0,,,,,,,,,,,,,,
961,12_C_67_14,ATP_C_67_Dorigallu,Tappetavaripalli,,,,0,,,,,,,,,,,,,,
962,12_C_67_14,ATP_C_67_Dorigallu,Kondaguttpalli,,,,0,,,,,,,,,,,,,,
963,12_C_67_14,ATP_C_67_Dorigallu,Devaaragudipalli,,,,0,,,,,,,,,,,,,,
964,12_C_67_14,ATP_C_67_Dorigallu,Lakkasamudram,,,,0,,,,,,,,,,,,,,
1,1,1,1,1,1,1,1,1,1,1,1,1,1,1,1,1,1,1,1,1,1
