S.No,Watershed code,Watershed Name,Village Name,Length,Design depth of flow,Bed width,Side Slopes,WettedPerimeter,Wetted area,Canal seepage factor,No.of operating days of canal,,Recharge from canal (ha.m),,Annual Recharge
,,,,mts,mts,mts,( degrees ),mts,( m.sq mts.),( ha.m/d/m.sq.m ),Monsoon,N-Monsoon,Monsoon,Non-Monsoon,( ha.m )
1,12_C_65_17,ATP_C_65_Amalladinne,Peddapappur,0,0,0,0,0,0,15,30,90,0,0,0
2,12_C_65_17,ATP_C_65_Amalladinne,Chagallu,0,0,0,0,0,0,15,30,90,0,0,0
3,12_C_65_17,ATP_C_65_Amalladinne,Tabjula,0,0,0,0,0,0,15,30,90,0,0,0
4,12_C_65_17,ATP_C_65_Amalladinne,Mutchukota,0,0,0,0,0,0,15,30,90,0,0,0
5,12_C_65_17,ATP_C_65_Amalladinne,Amaladinne,0,0,0,0,0,0,15,30,90,0,0,0
6,12_C_65_17,ATP_C_65_Amalladinne,Surepalli,250,2,5,45,8.3941125497,0.0020985281,15,30,90,0.9443376618,2.8330129855,3.7773506474
7,12_C_65_17,ATP_C_65_Amalladinne,Arakatavemula,0,0,0,0,0,0,15,30,90,0,0,0
8,12_C_65_17,ATP_C_65_Amalladinne,Komatikuntla,200,2,5,45,8.3941125497,0.0016788225,15,30,90,0.7554701295,2.2664103884,3.0218805179
9,12_C_65_17,ATP_C_65_Amalladinne,Cherlopalli,1300,2,5,45,8.3941125497,0.0109123463,15,30,90,4.9105558416,14.7316675247,19.6422233663
10,12_C_65_17,ATP_C_65_Amalladinne,Kadavakallu,250,2,5,45,8.3941125497,0.0020985281,15,30,90,0.9443376618,2.8330129855,3.7773506474
11,12_C_65_17,ATP_C_65_Amalladinne,Dosaledu,320,2,5,45,8.3941125497,0.002686116,15,30,90,1.2087522072,3.6262566215,4.8350088286
12,12_C_65_17,ATP_C_65_Amalladinne,Chalivemula,0,1,5,45,6.6970562748,0,15,30,90,0,0,0
13,12_C_65_17,ATP_C_65_Amalladinne,Chintakunta,0,1,5,45,6.6970562748,0,15,30,90,0,0,0
14,12_C_65_17,ATP_C_65_Amalladinne,Ullikallu,0,1,5,45,6.6970562748,0,15,30,90,0,0,0
15,12_C_65_17,ATP_C_65_Amalladinne,Komali,0,1,5,45,6.6970562748,0,15,30,90,0,0,0
16,12_C_65_17,ATP_C_65_Amalladinne,Chinnapolamada,0,1,5,45,6.6970562748,0,15,30,90,0,0,0
17,12_C_65_17,ATP_C_65_Amalladinne,Peddapolamada,0,1,5,45,6.6970562748,0,15,30,90,0,0,0
18,12_C_65_17,ATP_C_65_Amalladinne,Nandalapadu,0,1,5,45,6.6970562748,0,15,30,90,0,0,0
19,12_D_46_03,ATP_C_46_Chadam,Dodagatta,0,0,0,45,0,0,15,30,90,0,0,0
20,12_D_46_03,ATP_C_46_Chadam,Hullikal,0,0,0,45,0,0,15,30,90,0,0,0
21,12_D_46_03,ATP_C_46_Chadam,Mechiri,0,0,0,45,0,0,15,30,90,0,0,0
22,12_D_46_03,ATP_C_46_Chadam,Mallapuram,0,0,0,45,0,0,15,30,90,0,0,0
23,12_D_46_03,ATP_C_46_Chadam,Chadam,0,0,0,45,0,0,15,30,90,0,0,0
24,12_D_46_03,ATP_C_46_Chadam,Bondanakal,0,0,0,45,0,0,15,30,90,0,0,0
25,12_D_46_03,ATP_C_46_Chadam,Elangi,250,4,6,45,12.8,0.003,15,30,90,1.44,4.32,5.75
26,12_D_46_01,ATP_D_46_D.Hirehal,Malapanagudi,0,0,0,0,0,0,15,30,90,0,0,0
27,12_D_46_01,ATP_D_46_D.Hirehal,H.Siddapuram,0,0,0,0,0,0,15,30,90,0,0,0
28,12_D_46_01,ATP_D_46_D.Hirehal,Obulapuram,0,0,0,0,0,0,15,30,90,0,0,0
29,12_D_46_01,ATP_D_46_D.Hirehal,D.Hirehal,0,0,0,0,0,0,15,30,90,0,0,0
30,12_D_46_01,ATP_D_46_D.Hirehal,H.Hosahalli,0,0,0,0,0,0,15,30,90,0,0,0
31,12_D_46_01,ATP_D_46_D.Hirehal,Lakshmipuram,0,0,0,0,0,0,15,30,90,0,0,0
32,12_D_46_01,ATP_D_46_D.Hirehal,Madanahalli,0,0,0,0,0,0,15,30,90,0,0,0
33,12_D_46_01,ATP_D_46_D.Hirehal,Lingamanhalli,0,0,0,0,0,0,15,30,90,0,0,0
34,12_D_46_01,ATP_D_46_D.Hirehal,Jajrakal,0,0,0,0,0,0,15,30,90,0,0,0
35,12_D_46_01,ATP_D_46_D.Hirehal,Hirdehal,0,0,0,0,0,0,15,30,90,0,0,0
36,12_D_46_01,ATP_D_46_D.Hirehal,Pulakurthi,10000,5,12,45,20,0.205,15,30,90,92.18,276.55,368.74
37,12_D_46_01,ATP_D_46_D.Hirehal,Nagalapuram,210,2,10,45,13,0.003,15,30,90,1.27,3.8,5.06
38,12_D_46_01,ATP_D_46_D.Hirehal,Somalapuram,2000,4,10,45,17,0.034,15,30,90,15.11,45.33,60.44
39,12_D_46_01,ATP_D_46_D.Hirehal,Kuruvalli,4500,1,10,45,12,0.053,15,30,90,23.69,71.06,94.75
40,12_D_46_01,ATP_D_46_D.Hirehal,Siddarampuram,4500,1,10,45,12,0.053,15,30,90,23.69,71.06,94.75
41,12_D_46_01,ATP_D_46_D.Hirehal,Haresamudram,450,5,10,45,18,0.008,15,30,90,3.74,11.23,14.97
42,12_D_46_01,ATP_D_46_D.Hirehal,Bommanahal,550,4,10,45,17,0.009,15,30,90,4.16,12.47,16.62
43,12_D_46_01,ATP_D_46_D.Hirehal,Nemakallu,3550,2,10,45,13,0.048,15,30,90,21.4,64.19,85.59
44,12_D_46_01,ATP_D_46_D.Hirehal,Unthakallu,3500,4,10,45,17,0.059,15,30,90,26.44,79.32,105.77
45,12_D_46_01,ATP_D_46_D.Hirehal,Uddehal,2700,2,10,45,13,0.036,15,30,90,16.27,48.82,65.1
46,12_D_46_01,ATP_D_46_D.Hirehal,Bandur,2810,5,10,45,18,0.052,15,30,90,23.37,70.12,93.5
47,12_D_46_01,ATP_D_46_Donekal,Donekal,1200,4,5,45,11.8,0.014,15,30,90,6.37,19.1,25.46
48,12_D_46_01,ATP_D_46_Donekal,Kadadarabenchi,1000,4,5,45,11.8,0.012,15,30,90,5.3,15.91,21.22
49,12_D_46_01,ATP_D_46_Donekal,Gadekal,700,4,5,45,11.8,0.008,15,30,90,3.71,11.14,14.85
50,12_D_46_01,ATP_D_46_Donekal,N.Thimmapuram,300,4,5,45,11.8,0.004,15,30,90,1.59,4.77,6.37
51,12_D_46_01,ATP_D_46_Donekal,Velpumadugu,180,4,5,45,11.8,0.002,15,30,90,0.95,2.86,3.82
52,12_D_46_01,ATP_D_46_Donekal,Chabala,0,0,0,45,0,0,15,30,90,0,0,0
53,12_D_46_01,ATP_D_46_Donekal,Konakondla,250,4,5,45,11.8,0.003,15,30,90,1.33,3.98,5.3
54,12_D_46_01,ATP_D_46_Donekal,Gulyapalem,0,0,0,45,0,0,15,30,90,0,0,0
55,12_D_46_01,ATP_D_46_Donekal,Pottipadu,0,0,0,45,0,0,15,30,90,0,0,0
56,12_D_46_01,ATP_D_46_Donekal,Gadehothur,0,0,0,45,0,0,15,30,90,0,0,0
57,12_D_46_01,ATP_D_46_Donekal,Chinnahothur,0,0,0,45,0,0,15,30,90,0,0,0
58,12_D_46_01,ATP_D_46_Donekal,Anchanahal,400,4,5,45,11.8,0.005,15,30,90,2.12,6.37,8.49
59,12_D_46_01,ATP_D_46_Donekal,Poliki,600,4,5,45,11.8,0.007,15,30,90,3.18,9.55,12.73
60,12_D_46_10,ATP_D_46_Kanekal,Brahmasamudram,2780,3,5,45,10.1,0.028,15,30,90,12.62,37.87,50.5
61,12_D_46_10,ATP_D_46_Kanekal,Bennikal,2210,3,5,45,10.1,0.022,15,30,90,10.04,30.11,40.14
62,12_D_46_10,ATP_D_46_Kanekal,Udegolam,1732,3,5,45,10.1,0.017,15,30,90,7.87,23.6,31.46
63,12_D_46_10,ATP_D_46_Kanekal,Kanekal,1200,3,5,45,10.1,0.012,15,30,90,5.45,16.35,21.8
64,12_D_46_10,ATP_D_46_Kanekal,Hulikera,0,0,0,45,0,0,15,30,90,0,0,0
65,12_D_46_10,ATP_D_46_Kanekal,D. Kondapuram,0,0,0,45,0,0,15,30,90,0,0,0
66,12_D_46_10,ATP_D_46_Kanekal,Vadrahonnur,0,0,0,45,0,0,15,30,90,0,0,0
67,12_D_46_10,ATP_D_46_Kanekal,Gramadatla,0,0,0,45,0,0,15,30,90,0,0,0
68,12_C_65_03,ATP_C_65_Ubicherla,G.Anantapur,25970,7,2,45,13.8,0.358,15,30,90,160.93,482.78,643.71
69,12_C_65_03,ATP_C_65_Ubicherla,Virupapuram,20000,6,3,45,12.3,0.247,15,30,90,111,333.01,444.02
70,12_C_65_03,ATP_C_65_Ubicherla,G.Venkatampalli,20000,5,3,45,11.5,0.23,15,30,90,103.37,310.1,413.47
71,12_C_65_03,ATP_C_65_Ubicherla,Avulampalli,100,2,5,45,8.4,0.001,15,30,90,0.38,1.13,1.51
72,12_C_65_03,ATP_C_65_Ubicherla,Peddavadugur,100,2,5,45,8.4,0.001,15,30,90,0.38,1.13,1.51
73,12_C_65_03,ATP_C_65_Ubicherla,Medimakulapalli,100,1,5,45,6.7,0.001,15,30,90,0.3,0.9,1.21
74,12_C_65_03,ATP_C_65_Ubicherla,Teliki,0,0,0,45,0,0,15,30,90,0,0,0
75,12_C_65_03,ATP_C_65_Ubicherla,C.Vadugur,0,0,0,45,0,0,15,30,90,0,0,0
76,12_C_65_03,ATP_C_65_Ubicherla,Nagalapuram,0,0,0,45,0,0,15,30,90,0,0,0
77,12_C_65_03,ATP_C_65_Ubicherla,Dimmagudi,0,0,0,45,0,0,15,30,90,0,0,0
78,12_C_65_03,ATP_C_65_Ubicherla,Chittoor,0,0,0,45,0,0,15,30,90,0,0,0
79,12_C_65_03,ATP_C_65_Ubicherla,Kandla Gudur,,,,45,0,0,15,30,90,0,0,0
80,12_C_65_03,ATP_C_65_Ubicherla,Chitrachedu,,,,45,0,0,15,30,90,0,0,0
81,12_C_65_03,ATP_C_65_Ubicherla,Mulakatalla,,,,45,0,0,15,30,90,0,0,0
82,12_C_65_03,ATP_C_65_Ubicherla,Ubicherla,,,,45,0,0,15,30,90,0,0,0
83,12_C_65_03,ATP_C_65_Ubicherla,Karidikonda,,,,45,0,0,15,30,90,0,0,0
84,12_C_65_03,ATP_C_65_Ubicherla,Dharmapuram,,,,45,0,0,15,30,90,0,0,0
85,12_C_65_03,ATP_C_65_Ubicherla,Chetnepalli,,,,45,0,0,15,30,90,0,0,0
86,12_C_65_03,ATP_C_65_Ubicherla,Kojjepalli,,,,45,0,0,15,30,90,0,0,0
87,12_C_65_03,ATP_C_65_Ubicherla,Turakapalli,,,,45,0,0,15,30,90,0,0,0
88,12_C_65_03,ATP_C_65_Ubicherla,Gooty(R),,,,45,0,0,15,30,90,0,0,0
89,12_C_65_03,ATP_C_65_Ubicherla,Kothapeta,,,,45,0,0,15,30,90,0,0,0
90,12_C_65_03,ATP_C_65_Ubicherla,Engilibanda,,,,45,0,0,15,30,90,0,0,0
91,12_C_65_03,ATP_C_65_Ubicherla,Obulapuram,,,,45,0,0,15,30,90,0,0,0
92,12_C_65_15,ATP_C_65_Budedu,Penakacherla,951,1,2,45,3.8,0.004,15,30,90,1.63,4.89,6.52
93,12_C_65_15,ATP_C_65_Budedu,Koppalakonda,561,1,2,45,3.8,0.002,15,30,90,0.96,2.89,3.85
94,12_C_65_15,ATP_C_65_Budedu,Kesavapuram,450,1,2,45,3.8,0.002,15,30,90,0.77,2.31,3.09
95,12_C_65_15,ATP_C_65_Budedu,Muntimadugu,100,1,2,45,3.8,0,15,30,90,0.17,0.51,0.69
96,12_C_65_15,ATP_C_65_Budedu,K.Agraharam,250,1,2,45,3.8,0.001,15,30,90,0.43,1.29,1.71
97,12_C_65_15,ATP_C_65_Budedu,Ankampeta,100,1,2,45,3.8,0,15,30,90,0.17,0.51,0.69
98,12_C_65_15,ATP_C_65_Budedu,Sirivaram,200,1,2,45,3.8,0.001,15,30,90,0.34,1.03,1.37
99,12_C_65_15,ATP_C_65_Budedu,Krishnapuram,250,1,2,45,6.4,0.002,15,30,90,0.72,2.16,2.88
100,12_C_65_15,ATP_C_65_Budedu,Yerraguntla,220,1,2,45,6.4,0.001,15,30,90,0.63,1.9,2.54
101,12_C_65_15,ATP_C_65_Budedu,Budedu,100,1,2,45,6.4,0.001,15,30,90,0.29,0.87,1.15
102,12_C_65_01,ATP_C_65_Guntakal,Thimmanaacherla,0,0,0,45,0,0,15,30,90,0,0,0
103,12_C_65_01,ATP_C_65_Guntakal,Kasapuram,0,0,0,45,0,0,15,30,90,0,0,0
104,12_C_65_01,ATP_C_65_Guntakal,Sangala,0,0,0,45,0,0,15,30,90,0,0,0
105,12_C_65_01,ATP_C_65_Guntakal,Dosaludiki,0,0,0,45,0,0,15,30,90,0,0,0
106,12_C_65_01,ATP_C_65_Guntakal,Gundala,0,0,0,45,0,0,15,30,90,0,0,0
107,12_C_65_01,ATP_C_65_Guntakal,Konganapalli,0,0,0,45,0,0,15,30,90,0,0,0
108,12_C_65_01,ATP_C_65_Guntakal,Sankarabanda,0,0,0,45,0,0,15,30,90,0,0,0
109,12_C_65_01,ATP_C_65_Guntakal,P.K.Cheruvu,1350,2,2,45,5.4,0.007,15,30,90,3.28,9.83,13.11
110,12_C_65_01,ATP_C_65_Guntakal,Ameenpalli,0,0,0,45,0,0,15,30,90,0,0,0
111,12_C_65_01,ATP_C_65_Guntakal,Nakkaladoddi,0,0,0,45,0,0,15,30,90,0,0,0
112,12_C_65_01,ATP_C_65_Guntakal,Thimmapuram,0,0,0,45,0,0,15,30,90,0,0,0
113,12_C_65_01,ATP_C_65_Guntakal,Donimukkala,0,0,0,45,0,0,15,30,90,0,0,0
114,12_C_65_01,ATP_C_65_Guntakal,Nelagonda,0,0,0,45,0,0,15,30,90,0,0,0
115,12_C_65_01,ATP_C_65_Guntakal,Rajapuram,1200,2,2,45,5.4,0.006,15,30,90,2.91,8.74,11.65
116,12_C_65_01,ATP_C_65_Guntakal,Marnepalli,378,2,2,45,5.4,0.002,15,30,90,0.92,2.75,3.67
117,12_C_65_01,ATP_C_65_Guntakal,Peddoddi,1690,2,2,45,5.4,0.009,15,30,90,4.1,12.31,16.41
118,12_C_65_01,ATP_C_65_Guntakal,Brahmanahaplli,250,2,2,45,5.4,0.001,15,30,90,0.61,1.82,2.43
119,12_C_65_01,ATP_C_65_Guntakal,Yerragudi,820,2,2,45,5.4,0.004,15,30,90,1.99,5.97,7.96
120,12_C_65_01,ATP_C_65_Guntakal,Anaganadoddi,0,0,0,45,0,0,15,30,90,0,0,0
121,12_C_65_01,ATP_C_65_Guntakal,Abbedoddi,0,0,0,45,0,0,15,30,90,0,0,0
122,12_C_65_01,ATP_C_65_Guntakal,Guntakal,0,0,0,45,0,0,15,30,90,0,0,0
123,12_C_65_02,ATP_C_65_Kaderpet,Vajrakaruru,0,0,0,0,0,0,0,0,0,0,0,0
124,12_C_65_02,ATP_C_65_Kaderpet,Ganjikunta,0,0,0,0,0,0,0,0,0,0,0,0
125,12_C_65_02,ATP_C_65_Kaderpet,Kadamalakunta,0,0,0,0,0,0,0,0,0,0,0,0
126,12_C_65_02,ATP_C_65_Kaderpet,Tatrakal,0,0,0,0,0,0,0,0,0,0,0,0
127,12_C_65_02,ATP_C_65_Kaderpet,Pandikunta,0,0,0,0,0,0,0,0,0,0,0,0
128,12_C_65_02,ATP_C_65_Kaderpet,Anumpalli,0,0,0,0,0,0,0,0,0,0,0,0
129,12_C_65_02,ATP_C_65_Kaderpet,Kaderpeta,0,0,0,0,0,0,0,0,0,0,0,0
130,12_C_65_02,ATP_C_65_Kaderpet,Nemallepalli,1750,1,2,45,4,0.006,15,30,90,2.91,8.73,11.65
131,12_C_65_02,ATP_C_65_Kaderpet,Eddulapalli,170,1,2,45,4,0.001,15,30,90,0.28,0.85,1.13
132,12_C_65_02,ATP_C_65_Kaderpet,Ramagiri,370,1,2,45,4,0.001,15,30,90,0.62,1.85,2.46
133,12_C_65_02,ATP_C_65_Kaderpet,Palyam,120,1,2,45,4,0,15,30,90,0.2,0.6,0.8
134,12_C_65_02,ATP_C_65_Kaderpet,Katrimala,1550,1,2,45,4,0.006,15,30,90,2.58,7.74,10.31
135,12_C_65_02,ATP_C_65_Kaderpet,Apparajupeta,2000,1,2,45,4,0.007,15,30,90,3.33,9.98,13.31
136,12_C_65_02,ATP_C_65_Kaderpet,Kandlapalli,1550,1,2,45,4,0.006,15,30,90,2.58,7.74,10.31
137,12_C_65_02,ATP_C_65_Kaderpet,S.K.Peta,200,1,2,45,4,0.001,15,30,90,0.33,1,1.33
138,12_C_65_02,ATP_C_65_Kaderpet,Vankarajukalva,100,1,2,45,4,0,15,30,90,0.17,0.5,0.67
139,12_C_65_02,ATP_C_65_Kaderpet,Devarapalli,180,1,2,45,4,0.001,15,30,90,0.3,0.9,1.2
140,12_C_65_02,ATP_C_65_Kaderpet,Akkajampalli,1100,1,2,45,4,0.004,15,30,90,1.83,5.49,7.32
141,12_C_65_02,ATP_C_65_Kaderpet,Yedururu,0,1,2,45,4,0,15,30,90,0,0,0
142,12_C_65_02,ATP_C_65_Kaderpet,Ramarajupalli,0,1,2,45,4,0,15,30,90,0,0,0
143,12_C_65_02,ATP_C_65_Kaderpet,Gajarampalli,1300,1,2,45,4,0.005,15,30,90,2.16,6.49,8.65
144,12_C_65_02,ATP_C_65_Kaderpet,Pogaruru,160,1,2,45,4,0.001,15,30,90,0.27,0.8,1.06
145,12_C_65_02,ATP_C_65_Kaderpet,Gulimikondla,200,1,2,45,4,0.001,15,30,90,0.33,1,1.33
146,12_C_65_02,ATP_C_65_Kaderpet,Kalapuram,650,1,2,45,4,0.002,15,30,90,1.08,3.24,4.33
147,12_C_65_02,ATP_C_65_Kaderpet,Pamidi,650,1,2,45,4,0.002,15,30,90,1.08,3.24,4.33
148,12_C_65_02,ATP_C_65_Kaderpet,Neeluru,0,1,2,45,4,0,15,30,90,0,0,0
149,12_C_65_02,ATP_C_65_Kaderpet,Tamballapalli,550,1,2,45,6.4,0.004,4,30,90,0.37,1.11,1.48
150,12_C_65_02,ATP_C_65_Kaderpet,Konduru,0,0,0,0,0,0,0,0,0,0,0,0
151,12_C_65_02,ATP_C_65_Kaderpet,Ayyavaripalli,0,0,0,0,0,0,0,0,0,0,0,0
152,12_C_65_02,ATP_C_65_Kaderpet,Ragulapadu,0,0,0,0,0,0,0,0,0,0,0,0
153,12_C_65_02,ATP_C_65_Tarimala,Kanampalli,25970,7,2,45,13.8,0.358,15,30,90,160.93,482.78,643.71
154,12_C_65_02,ATP_C_65_Tarimala,Illuru,20000,6,3,45,12.3,0.247,15,30,90,111,333.01,444.02
155,12_C_65_02,ATP_C_65_Tarimala,Kallur,20000,5,3,45,11.5,0.23,15,30,90,103.37,310.1,413.47
156,12_C_65_02,ATP_C_65_Tarimala,Kallumadi,100,2,5,45,8.4,0.001,15,30,90,0.38,1.13,1.51
157,12_C_65_02,ATP_C_65_Tarimala,Tarimela,100,2,5,45,8.4,0.001,15,30,90,0.38,1.13,1.51
158,12_C_65_02,ATP_C_65_Tarimala,Nidhanawada,100,1,5,45,6.7,0.001,15,30,90,0.3,0.9,1.21
159,12_C_65_02,ATP_C_65_Tarimala,Anandaraopeta,0,0,0,45,0,0,15,30,90,0,0,0
160,12_C_65_02,ATP_C_65_Tarimala,Rachepalli,0,0,0,45,0,0,15,30,90,0,0,0
161,12_C_65_02,ATP_C_65_Tarimala,Buddepalli,0,0,0,45,0,0,15,30,90,0,0,0
162,12_C_66_14,ATP_C_66_Ananthapuramu,Siddrampuram,0,0,0,45,0,0,15,30,90,0,0,0
163,12_C_66_14,ATP_C_66_Ananthapuramu,Janthaluru,1200,1,2,45,3.7,0.004,15,30,90,2,5.99,7.99
164,12_C_66_14,ATP_C_66_Ananthapuramu,Govindampalli,0,0,0,45,0,0,15,30,90,0,0,0
165,12_C_66_14,ATP_C_66_Ananthapuramu,B.K.Samudram,135,1,2,45,3.7,0,15,30,90,0.22,0.67,0.9
166,12_C_66_14,ATP_C_66_Ananthapuramu,Reddipalli,300,1,2,45,3.7,0.001,15,30,90,0.5,1.5,2
167,12_C_66_14,ATP_C_66_Ananthapuramu,Somaladoddi,370,1,2,45,3.7,0.001,15,30,90,0.62,1.85,2.46
168,12_C_66_14,ATP_C_66_Ananthapuramu,Narayanapuram,100,1,2,45,3.7,0,15,30,90,0.17,0.5,0.67
169,12_C_66_14,ATP_C_66_Ananthapuramu,Kodimi,0,0,0,45,0,0,15,30,90,0,0,0
170,12_C_66_14,ATP_C_66_Ananthapuramu,Alamur,0,0,0,45,0,0,15,30,90,0,0,0
171,12_C_66_14,ATP_C_66_Ananthapuramu,Kakkalapalli,0,0,0,45,0,0,15,30,90,0,0,0
172,12_C_66_14,ATP_C_66_Ananthapuramu,Anantapur,0,0,0,45,0,0,15,30,90,0,0,0
173,12_C_66_14,ATP_C_66_Ananthapuramu,Bukkacherla,0,0,0,45,0,0,15,30,90,0,0,0
174,12_C_66_14,ATP_C_66_Ananthapuramu,Katiganikaluva,0,0,0,45,0,0,15,30,90,0,0,0
175,12_C_66_04,ATP_C_66_Narpala,Chiyyedu,0,0,0,45,0,0,3.5,90,90,0,0,0
176,12_C_66_04,ATP_C_66_Narpala,Chennampalli,1540,3,5,45,10.1,0.016,3.5,30,90,1.63,4.9,6.53
177,12_C_66_04,ATP_C_66_Narpala,K.Agragharam,400,3,5,45,10.1,0.004,3.5,30,90,0.42,1.27,1.7
178,12_C_66_04,ATP_C_66_Narpala,Danduvaripalli,0,0,0,45,0,0,3.5,30,90,0,0,0
179,12_C_66_04,ATP_C_66_Narpala,Chamaluru,350,3,5,45,10.1,0.004,3.5,30,90,0.37,1.11,1.48
180,12_C_66_04,ATP_C_66_Narpala,Narpala,450,3,5,45,10.1,0.005,3.5,30,90,0.48,1.43,1.91
181,12_C_66_04,ATP_C_66_Narpala,Daggumarri,0,0,0,45,0,0,3.5,30,90,0,0,0
182,12_C_66_04,ATP_C_66_Narpala,Bondalavada,0,0,0,45,0,0,3.5,30,90,0,0,0
183,12_C_66_04,ATP_C_66_Narpala,Siddaracherla,0,0,0,45,0,0,3.5,30,90,0,0,0
184,12_C_66_04,ATP_C_66_Narpala,Durgam,0,0,0,45,0,0,3.5,30,90,0,0,0
185,12_C_66_04,ATP_C_66_Narpala,Bandlapalli,0,0,0,45,0,0,3.5,30,90,0,0,0
186,12_C_66_04,ATP_C_66_Narpala,B.Pappur,0,0,0,45,0,0,,,,0,0,0
187,12_C_66_04,ATP_C_66_Narpala,Venkatampalli,0,0,0,45,0,0,,,,0,0,0
188,12_C_66_04,ATP_C_66_Narpala,Nadimidoddi,0,0,0,45,0,0,,,,0,0,0
189,12_C_66_04,ATP_C_66_Narpala,Korivipalli,0,0,0,45,0,0,,,,0,0,0
190,12_C_66_04,ATP_C_66_Narpala,Julakalva,0,0,0,45,0,0,,,,0,0,0
191,12_C_66_04,ATP_C_66_Narpala,Peravali,0,0,0,45,0,0,,,,0,0,0
192,12_C_66_06,ATP_C_66_Rotarypuram,Peddajalalpuram,0,0,0,45,0,0,15,30,90,0,0,0
193,12_C_66_06,ATP_C_66_Rotarypuram,Channavaram,180,3,3,45,8.1,0.001,15,30,90,0.66,1.97,2.62
194,12_C_66_06,ATP_C_66_Rotarypuram,Narasapuram,0,0,0,45,0,0,15,30,90,0,0,0
195,12_C_66_06,ATP_C_66_Rotarypuram,Akuledu,750,3,5,45,10.1,0.008,15,30,90,3.41,10.22,13.62
196,12_C_66_06,ATP_C_66_Rotarypuram,Loluru,500,3,5,45,10.1,0.005,15,30,90,2.27,6.81,9.08
197,12_C_66_06,ATP_C_66_Rotarypuram,Karnatakampalli,0,0,0,45,0,0,15,30,90,0,0,0
198,12_C_66_06,ATP_C_66_Rotarypuram,Podaralla,600,2,5,45,8.4,0.005,15,30,90,2.27,6.8,9.07
199,12_C_66_06,ATP_C_66_Rotarypuram,Taticherla,600,2,5,45,8.4,0.005,15,30,90,2.27,6.8,9.07
200,12_C_66_06,ATP_C_66_Rotarypuram,Kotanka,0,2,5,45,8.4,0,15,30,90,0,0,0
201,12_C_66_06,ATP_C_66_Rotarypuram,Marthadu,350,2,5,45,8.4,0.003,15,30,90,1.32,3.97,5.29
202,12_C_66_06,ATP_C_66_Rotarypuram,Jambuladine,450,2,5,45,8.4,0.004,15,30,90,1.7,5.1,6.8
203,12_C_66_06,ATP_C_66_Rotarypuram,Obulapuram,0,0,0,45,0,0,15,30,90,0,0,0
204,12_C_66_06,ATP_C_66_Rotarypuram,Garladinne,1250,3,5,45,10.1,0.013,15,30,90,5.68,17.03,22.71
205,12_C_66_06,ATP_C_66_Rotarypuram,Chedulla,900,2,5,45,8.4,0.008,15,30,90,3.4,10.2,13.6
206,12_C_66_06,ATP_C_66_Rotarypuram,Korrapadu,1200,2,5,45,8.4,0.01,15,30,90,4.53,13.6,18.13
207,12_C_66_06,ATP_C_66_Rotarypuram,Rotarypuram,300,2,5,45,8.4,0.003,15,30,90,1.13,3.4,4.53
208,12_C_66_06,ATP_C_66_Rotarypuram,Chennarayanipalli,190,2,5,45,8.4,0.002,15,30,90,0.72,2.15,2.87
209,12_C_66_06,ATP_C_66_Rotarypuram,Siddarampeta,330,2,5,45,8.4,0.003,15,30,90,1.25,3.74,4.99
210,12_C_66_10,ATP_C_66_Salakamcheruvu,Salakamcheruvu,890,2,3,45,6.4,0.006,15,30,90,2.56,7.68,10.24
211,12_C_66_10,ATP_C_66_Salakamcheruvu,Matlagondi,1300,2,3,45,6.4,0.008,15,30,90,3.74,11.22,14.96
212,12_C_66_10,ATP_C_66_Salakamcheruvu,Sodanapalli,0,0,0,45,0,0,15,30,90,0,0,0
213,12_C_66_10,ATP_C_66_Salakamcheruvu,Singanamala,0,0,0,45,0,0,15,30,90,0,0,0
214,12_C_66_10,ATP_C_66_Salakamcheruvu,Cheelapalli,0,0,0,45,0,0,15,30,90,0,0,0
215,12_C_66_10,ATP_C_66_Salakamcheruvu,Chakrayapeta,0,0,0,45,0,0,15,30,90,0,0,0
216,12_D_46_06,ATP_D_46_Bhupasamudram,H.Hosahalli,255,2,4,45,7.4,0.002,15,30,90,0.85,2.55,3.39
217,12_D_46_06,ATP_D_46_Bhupasamudram,Bhupasamudram,2460,2,4,45,7.4,0.018,15,30,90,8.19,24.56,32.74
218,12_D_46_06,ATP_D_46_Bhupasamudram,Veparala,0,0,0,45,0,0,15,30,90,0,0,0
219,12_D_46_06,ATP_D_46_Bhupasamudram,Junjurampalli,1700,2,4,45,7.4,0.013,15,30,90,5.66,16.97,22.63
220,12_D_46_06,ATP_D_46_Bhupasamudram,Nagireddipalli,0,0,0,45,0,0,15,30,90,0,0,0
221,12_D_46_06,ATP_D_46_Bhupasamudram,Avuladatla,0,0,0,45,0,0,15,30,90,0,0,0
222,12_D-46-02,ATP-D-46-Havalgi,Vidapanakal,1400,2,4,45,7.4,0.01,15,30,90,4.66,13.97,18.63
223,12_D-46-02,ATP-D-46-Havalgi,Havalgi,970,2,4,45,7.4,0.007,15,30,90,3.23,9.68,12.91
224,12_D-46-02,ATP-D-46-Havalgi,Karakamukkala,420,2,4,45,7.4,0.003,15,30,90,1.4,4.19,5.59
225,12_D-46-02,ATP-D-46-Havalgi,Malapuram,0,2,4,45,7.4,0,15,30,90,0,0,0
226,12_D-46-02,ATP-D-46-Havalgi,Palthuru,1800,2,4,45,7.4,0.013,15,30,90,5.99,17.97,23.96
227,12_D-46-02,ATP-D-46-Havalgi,Vyasapuram,0,2,4,45,7.4,0,15,30,90,0,0,0
228,12_D-46-02,ATP-D-46-Havalgi,Bollanaguddam,1520,2,4,45,7.4,0.011,15,30,90,5.06,15.17,20.23
229,12_D-46-02,ATP-D-46-Havalgi,Kalludevanahalli,1300,2,4,45,7.4,0.01,15,30,90,4.33,12.98,17.3
230,12_D-46-02,ATP-D-46-Havalgi,D.Honnur,1250,2,4,45,7.4,0.009,15,30,90,4.16,12.48,16.64
231,12_D_46_14,ATP_D_46_Kadlur,Ganigera,880,3,5,45,10.1,0.009,15,30,90,4,11.99,15.98
232,12_D_46_14,ATP_D_46_Kadlur,Yerraguntla,1250,3,5,45,10.1,0.013,15,30,90,5.68,17.03,22.71
233,12_D_46_14,ATP_D_46_Kadlur,Singanahalli,1000,3,5,45,10.1,0.01,15,30,90,4.54,13.62,18.16
234,12_D_46_14,ATP_D_46_Kadlur,Sreedharagatta,1500,3,5,45,10.1,0.015,15,30,90,6.81,20.43,27.25
235,12_D_46_14,ATP_D_46_Kadlur,Kolaganahalli,450,3,5,45,10.1,0.005,15,30,90,2.04,6.13,8.17
236,12_D_46_14,ATP_D_46_Kadlur,Muradi,0,0,0,45,0,0,15,30,90,0,0,0
237,12_D_46_03,ATP_D_46_Kadlur,Kadalur,0,0,0,45,0,0,15,30,90,0,0,0
238,12_D_46_04,ATP_D_46_Kadlur,Kudlur,450,3,5,45,10.1,0.005,15,30,90,2.04,6.13,8.17
239,12_D_46_17,ATP_D_46_Rayadurg,74 Udegolam,0,0,0,45,0,0,15,30,90,0,0,0
240,12_D_46_17,ATP_D_46_Rayadurg,Kontanahalli,0,0,0,45,0,0,15,30,90,0,0,0
241,12_D_46_17,ATP_D_46_Rayadurg,Baginayanahalli,0,0,0,45,0,0,15,30,90,0,0,0
242,12_D_46_17,ATP_D_46_Rayadurg,Rayadurg,0,0,0,45,0,0,15,30,90,0,0,0
243,12_D_46_17,ATP_D_46_Rayadurg,Galagala,0,0,0,45,0,0,15,30,90,0,0,0
244,12_D_46_17,ATP_D_46_Rayadurg,Gollapalli,0,0,0,45,0,0,15,30,90,0,0,0
245,12_D_46_17,ATP_D_46_Rayadurg,Veerapuram,0,0,0,45,0,0,15,30,90,0,0,0
246,12_D_46_17,ATP_D_46_Rayadurg,Belodu,350,2,2,45,5.4,0.002,15,30,90,0.85,2.55,3.4
247,12_D_46_17,ATP_D_46_Rayadurg,Kalugodu,1120,2,2,45,5.4,0.006,15,30,90,2.72,8.16,10.87
248,12_D_46_17,ATP_D_46_Rayadurg,Tallakera,200,2,2,45,5.4,0.001,15,30,90,0.49,1.46,1.94
249,12_D_46_17,ATP_D_46_Rayadurg,Gummagatta,1420,2,2,45,5.4,0.008,15,30,90,3.45,10.34,13.79
250,12_D_46_17,ATP_D_46_Rayadurg,Rangasamudram,0,0,0,45,0,0,15,30,90,0,0,0
251,12_D_46_17,ATP_D_46_Rayadurg,Pulakunta,0,0,0,45,0,0,15,30,90,0,0,0
252,12_D_46_16,ATP_D_46_Sollapuram,Govidavada,1000,3,4,45,9.1,0.009,15,30,90,4.09,12.27,16.36
253,12_D_46_16,ATP_D_46_Sollapuram,Bidurukotham,0,0,0,45,0,0,15,30,90,0,0,0
254,12_D_46_16,ATP_D_46_Sollapuram,Meenahalli,0,0,0,45,0,0,15,30,90,0,0,0
255,12_D_46_16,ATP_D_46_Sollapuram,Garudachedu,0,0,0,45,0,0,15,30,90,0,0,0
256,12_D_46_16,ATP_D_46_Sollapuram,Thumbiganur,510,3,4,45,9.1,0.005,15,30,90,2.09,6.26,8.35
257,12_D_46_16,ATP_D_46_Sollapuram,N.Hanumapuram,0,0,0,45,0,0,15,30,90,0,0,0
258,12_D_46_16,ATP_D_46_Sollapuram,Sollapuram,0,0,0,45,0,0,15,30,90,0,0,0
259,12_D_46_16,ATP_D_46_Sollapuram,Malyam,0,0,0,45,0,0,15,30,90,0,0,0
260,12_D_46_03,ATP_D_46_Uravakonda,Budagavi,0,0,0,45,0,0,15,30,90,0,0,0
261,12_D_46_03,ATP_D_46_Uravakonda,Veligonda,0,0,0,45,0,0,15,30,90,0,0,0
262,12_D_46_03,ATP_D_46_Uravakonda,Raenimakulapalli,0,0,0,45,0,0,15,30,90,0,0,0
263,12_D_46_03,ATP_D_46_Uravakonda,Rayampalli,650,2,5,45,8.4,0.005,15,30,90,2.46,7.37,9.82
264,12_D_46_03,ATP_D_46_Uravakonda,Nerimetla,1200,2,5,45,8.4,0.01,15,30,90,4.53,13.6,18.13
265,12_D_46_03,ATP_D_46_Uravakonda,Nimbagallu,0,0,0,45,0,0,15,30,90,0,0,0
266,12_D_46_03,ATP_D_46_Uravakonda,Indravathi,0,0,0,45,0,0,15,30,90,0,0,0
267,12_D_46_03,ATP_D_46_Uravakonda,Peddamusturu,0,0,0,45,0,0,15,30,90,0,0,0
268,12_D_46_03,ATP_D_46_Uravakonda,Uravakonda,0,0,0,45,0,0,15,30,90,0,0,0
269,12_D_46_03,ATP_D_46_Uravakonda,Chikalaguriki,0,0,0,45,0,0,15,30,90,0,0,0
270,12_D_46_03,ATP_D_46_Uravakonda,Undabanda,1000,2,5,45,8.4,0.008,15,30,90,3.78,11.33,15.11
271,12_C_67_06,ATP_C_67_Yellanur,Yellanur,2500,6.7,2.4,45,13.7702770415,0.0344256926,15,30,90,15.4915616717,46.474685015,61.9662466867
272,12_C_67_06,ATP_C_67_Yellanur,Vennapusapalli,630,5.5,3,45,12.3338095117,0.0077703,15,30,90,3.4966349966,10.4899049897,13.9865399862
273,12_C_67_06,ATP_C_67_Yellanur,Kodumurthi,0,0,0,45,0,0,15,30,90,0,0,0
274,12_C_67_06,ATP_C_67_Yellanur,Mallagundla,0,0,0,45,0,0,15,30,90,0,0,0
275,12_C_67_06,ATP_C_67_Yellanur,Kalluru,450,2,5,45,8.3941125497,0.0037773506,15,30,90,1.6998077913,5.0994233739,6.7992311653
276,12_C_67_06,ATP_C_67_Yellanur,Goddumarri,0,0,0,45,0,0,15,30,90,0,0,0
277,12_C_67_06,ATP_C_67_Yellanur,Singavaram,0,0,0,45,0,0,15,30,90,0,0,0
278,12_C_65_20,ATP_C_65_Tadipatri,Challavaripalli,0,0,0,0,0,0,15,30,90,0,0,0
279,12_C_65_21,ATP_C_65_Tadipatri,Jambulapadu,0,0,0,0,0,0,15,30,90,0,0,0
280,12_C_65_22,ATP_C_65_Tadipatri,Hussenapuram,0,0,0,0,0,0,15,30,90,0,0,0
281,12_C_65_23,ATP_C_65_Tadipatri,Veerapuram,0,0,0,0,0,0,15,30,90,0,0,0
282,12_C_65_24,ATP_C_65_Tadipatri,Vanganuru,0,0,0,0,0,0,15,30,90,0,0,0
283,12_C_65_25,ATP_C_65_Tadipatri,Bondaladinne,0,0,0,0,0,0,15,30,90,0,0,0
284,12_C_65_26,ATP_C_65_Tadipatri,Kandikaparla,0,0,0,0,0,0,15,30,90,0,0,0
285,12_C_65_27,ATP_C_65_Tadipatri,Putlur,0,0,0,0,0,0,15,30,90,0,0,0
286,12_C_65_28,ATP_C_65_Tadipatri,Gandlapadu,300,2,2,45,5.3941125497,0.0016182338,15,30,90,0.7282051942,2.1846155826,2.9128207768
287,12_C_65_29,ATP_C_65_Tadipatri,S.Guduru,0,0,0,0,0,0,15,30,90,0,0,0
288,12_C_65_30,ATP_C_65_Tadipatri,Diguvapalli,0,0,0,0,0,0,15,30,90,0,0,0
289,12_C_65_31,ATP_C_65_Tadipatri,Tadipatri,,,,,0,0,15,30,90,0,0,0
290,12_C_59_07,ATP_C_59_Kacharlakunta,Kasarlakunta,780,2,2,45,5.3941125497,0.0042074078,15,30,90,1.8933335049,5.6800005148,7.5733340198
291,12_C_59_07,ATP_C_59_Kacharlakunta,Pathapalli,1200,2,2,45,5.3941125497,0.0064729351,15,30,90,2.9128207768,8.7384623305,11.6512831073
