"Sr.no",,,"Village name","T.Area (ha)","Watershed command area ",,,,"Watershed Non command Area",,,,"Watershed poor quality Area",,,
,"Water shed code","Watershed name",,,"Recghare","Hilly","Forest","Total","Recghare","Hilly","Forest","Total","Recghare","Hilly","Forest","Total"
1,"07-C-54-60","GNT_C_54_Amarthaluru","Kuchipudi",1075,1074.999,0.001,0.001,1075,0,0,0,0,0,0,0,0
2,"07-C-54-60","GNT_C_54_Amarthaluru","Mulpur",1292,1291.999,0.001,0.001,1292,0,0,0,0,0,0,0,0
3,"07-C-54-60","GNT_C_54_Amarthaluru","Pedapudi",580,579.999,0.001,0.001,580,0,0,0,0,0,0,0,0
4,"07-C-54-60","GNT_C_54_Amarthaluru","Koditadiparru",513,512.999,0.001,0.001,513,0,0,0,0,512.99999999,0,0,513
5,"07-C-54-60","GNT_C_54_Amarthaluru","Moparru",877,876.999,0.001,0.001,877,0,0,0,0,876.99999999,0,0,877
6,"07-C-54-60","GNT_C_54_Amarthaluru","Turumella",485,484.999,0.001,0.001,485,0,0,0,0,484.99999999,0,0,485
7,"07-C-54-60","GNT_C_54_Amarthaluru","Amartaluru",1499,1498.999,0.001,0.001,1499,0,0,0,0,799.99999999,0,0,800
8,"07-C-54-60","GNT_C_54_Amarthaluru","Panchalavaram",914,913.999,0.001,0.001,914,0,0,0,0,913.99999999,0,0,914
9,"07-C-54-60","GNT_C_54_Amarthaluru","Govada",1650,1649.999,0.001,0.001,1650,0,0,0,0,1649.99999999,0,0,1650
10,"07-C-54-60","GNT_C_54_Amarthaluru","Yalavarru",580,579.999,0.001,0.001,580,0,0,0,0,579.99999999,0,0,580
11,"07-C-54-60","GNT_C_54_Amarthaluru","Intur",2184,2183.999,0.001,0.001,2184,0,0,0,0,2183.99999999,0,0,2184
12,"07-C-54-60","GNT_C_54_Amarthaluru","Pyapparru",433,432.999,0.001,0.001,433,0,0,0,0,432.99999999,0,0,433
13,"07-C-54-60","GNT_C_54_Amarthaluru","Bodapadu",350,349.999,0.001,0.001,350,0,0,0,0,349.99999999,0,0,350
14,"07-C-54-48","GNT_C_54_Bhattiprollu","Sivangulapalem",496,496,0,0,496,0,0,0,0,0,0,0.000001,0
15,"07-C-54-48","GNT_C_54_Bhattiprollu","Addepalli",1516,1516,0,0,1516,0,0,0,0,0,0,0.000001,0
16,"07-C-54-48","GNT_C_54_Bhattiprollu","Vellaturu",641,641,0,0,641,0,0,0,0,0,0,0.000001,0
17,"07-C-54-48","GNT_C_54_Bhattiprollu","Pesaralanka",451,451,0,0,451,0,0,0,0,0,0,0.000001,0
18,"07-C-54-48","GNT_C_54_Bhattiprollu","Pedalanka",405,405,0,0,405,0,0,0,0,0,0,0.000001,0
19,"07-C-54-48","GNT_C_54_Bhattiprollu","Oleru",1378,1378,0,0,1378,0,0,0,0,0,0,0.000001,0
20,"07-C-54-48","GNT_C_54_Bhattiprollu","Gorigapudi",499,499,0,0,499,0,0,0,0,0,0,0.000001,0
21,"07-C-54-48","GNT_C_54_Bhattiprollu","Pedapulivarru",1562,1562,0,0,1562,0,0,0,0,0,0,0.000001,0
22,"07-C-54-48","GNT_C_54_Bhattiprollu","Surepalle",456,456,0,0,456,0,0,0,0,0,0,0.000001,0
23,"07-C-54-48","GNT_C_54_Bhattiprollu","Konetipuram",517,517,0,0,517,0,0,0,0,0,0,0.000001,0
24,"07-C-54-48","GNT_C_54_Bhattiprollu","Pallekona",855,855,0,0,855,0,0,0,0,0,0,0.000001,0
25,"07-C-54-48","GNT_C_54_Bhattiprollu","Bhattiprolu",2500,2500,0,0,2500,0,0,0,0,0,0,0.000001,0
26,"07-C-54-47","GNT-C-54-Cherukupalli","Rambhotlapalem",1472,1471.99,0.01,0.01,1472,0,0,0.01,0,0,0,0.000001,0
27,"07-C-54-47","GNT-C-54-Cherukupalli","Kavur",1098,1097.99,0.01,0.01,1098,0,0,0.01,0,0,0,0.000001,0
28,"07-C-54-47","GNT-C-54-Cherukupalli","Arumbaka",1374,1373.99,0.01,0.01,1374,0,0,0.01,0,0,0,0.000001,0
29,"07-C-54-47","GNT-C-54-Cherukupalli","Ponnpalli",671,670.99,0.01,0.01,671,0,0,0.01,0,0,0,0.000001,0
30,"07-C-54-47","GNT-C-54-Cherukupalli","Nadimpalli",520,519.99,0.01,0.01,520,0,0,0.01,0,0,0,0.000001,0
31,"07-C-54-47","GNT-C-54-Cherukupalli","Gudavalli",1299,1298.99,0.01,0.01,1299,0,0,0.01,0,0,0,0.000001,0
32,"07-C-54-47","GNT-C-54-Cherukupalli","Kanagala",1249,1248.99,0.01,0.01,1249,0,0,0.01,0,0,0,0.000001,0
33,"07-C-54-47","GNT-C-54-Cherukupalli","Rajavolu",672,671.99,0.01,0.01,672,0,0,0.01,0,0,0,0.000001,0
34,"07-C-54-47","GNT-C-54-Cherukupalli","Arepalli",900,899.99,0.01,0.01,900,0,0,0.01,0,0,0,0.000001,0
35,"07-C-54-47","GNT-C-54-Cherukupalli","Balusulapalem",642,641.99,0.01,0.01,642,0,0,0.01,0,0,0,0.000001,0
36,"07-C-54-62","GNT-C-54-Duggirala","Chiluvuru",1784,1784,0,0,1784,0,0,0,0,0,0,0,0
37,"07-C-54-62","GNT-C-54-Duggirala","Tummapudi",569,569,0,0,569,0,0,0,0,0,0,0,0
38,"07-C-54-62","GNT-C-54-Duggirala","Srungarapuram",357,357,0,0,357,0,0,0,0,0,0,0,0
39,"07-C-54-62","GNT-C-54-Duggirala","Pedakonduru",1463,1463,0,0,1463,0,0,0,0,0,0,0,0
40,"07-C-54-62","GNT-C-54-Duggirala","Godavarru",676,676,0,0,676,0,0,0,0,0,0,0,0
41,"07-C-54-62","GNT-C-54-Duggirala","Chinapalem",1504,1504,0,0,1504,0,0,0,0,0,0,0,0
42,"07-C-54-62","GNT-C-54-Duggirala","Perikalapudi",575,575,0,0,575,0,0,0,0,0,0,0,0
43,"07-C-54-62","GNT-C-54-Duggirala","Morampudi",455,455,0,0,455,0,0,0,0,0,0,0,0
44,"07-C-54-62","GNT-C-54-Duggirala","K.Konduru",1004,1004,0,0,1004,0,0,0,0,0,0,0,0
45,"07-C-54-62","GNT-C-54-Duggirala","Penumuli",1410,1410,0,0,1410,0,0,0,0,0,0,0,0
46,"07-C-54-62","GNT-C-54-Duggirala","Duggirala",805,805,0,0,805,0,0,0,0,0,0,0,0
47,"07-C-54-62","GNT-C-54-Duggirala","Emani",2316,2316,0,0,2316,0,0,0,0,0,0,0,0
48,"07-C-54-62","GNT-C-54-Duggirala","Chintalapudi",375,375,0,0,375,0,0,0,0,0,0,0,0
49,"07-C-54-62","GNT-C-54-Duggirala","Devarapalli Agraharam",70,70,0,0,70,0,0,0,0,0,0,0,0
50,"07-C-54-52","GNT-C-54-Karlapalem","Yazali",2420,2419.999,0.001,0.001,2420,0,0,0.001,0,1199.99999999,0,0.000001,1200
51,"07-C-54-52","GNT-C-54-Karlapalem","Bhuddam",485,484.999,0.001,0.001,485,0,0,0.001,0,199.99999999,0,0.000001,200
52,"07-C-54-52","GNT-C-54-Karlapalem","Karlapalem",2623,2622.999,0.001,0.001,2623,0,0,0.001,0,1199.99999999,0,0.000001,1200
53,"07-C-54-52","GNT-C-54-Karlapalem","Ganapavaram",1902,1901.999,0.001,0.001,1902,0,0,0.001,0,1901.99999999,0,0.000001,1902
54,"07-C-54-52","GNT-C-54-Karlapalem","Pareli",2640,2639.999,0.001,0.001,2640,0,0,0.001,0,2639.99999999,0,0.000001,2640
55,"07-C-54-50","GNT-C-54-Kollipara","Vallabhapuram",1858,1858,0,0,1858,0,0,0,0,0,0,0.000001,0
56,"07-C-54-50","GNT-C-54-Kollipara","Munnangi",1350,1350,0,0,1350,0,0,0,0,0,0,0.000001,0
57,"07-C-54-50","GNT-C-54-Kollipara","Dhanthaluru",320,320,0,0,320,0,0,0,0,0,0,0.000001,0
58,"07-C-54-50","GNT-C-54-Kollipara","Kunchavaram",144,144,0,0,144,0,0,0,0,0,0,0.000001,0
59,"07-C-54-50","GNT-C-54-Kollipara","Athota",711,711,0,0,711,0,0,0,0,0,0,0.000001,0
60,"07-C-54-50","GNT-C-54-Kollipara","Siripuram",405,405,0,0,405,0,0,0,0,0,0,0.000001,0
61,"07-C-54-50","GNT-C-54-Kollipara","Chivaluru",518,518,0,0,518,0,0,0,0,0,0,0.000001,0
62,"07-C-54-50","GNT-C-54-Kollipara","Pidaparru",628,628,0,0,628,0,0,0,0,0,0,0.000001,0
63,"07-C-54-50","GNT-C-54-Kollipara","Kollipara",1743,1743,0,0,1743,0,0,0,0,0,0,0.000001,0
64,"07-C-54-50","GNT-C-54-Kollipara","Bommuvaripalem",1331,1331,0,0,1331,0,0,0,0,0,0,0.000001,0
65,"07-C-54-50","GNT-C-54-Kollipara","Annavaram",520,520,0,0,520,0,0,0,0,0,0,0.000001,0
66,"07-C-54-50","GNT-C-54-Kollipara","Thumuluru",582,582,0,0,582,0,0,0,0,0,0,0.000001,0
67,"07-C-54-50","GNT-C-54-Kollipara","Davuluru",1295,1295,0,0,1295,0,0,0,0,0,0,0.000001,0
68,"07-C-54-50","GNT-C-54-Kollipara","Chemudupadu",570,570,0,0,570,0,0,0,0,0,0,0.000001,0
69,"07-C-54-49","GNT-C-54-Kolluru","Ananthavaram",1030,1030,0,0,1030,0,0,0,0,0,0,0,0
70,"07-C-54-49","GNT-C-54-Kolluru","Chilumuru",475,475,0,0,475,0,0,0,0,0,0,0,0
71,"07-C-54-49","GNT-C-54-Kolluru","Ipur",915,915,0,0,915,0,0,0,0,0,0,0,0
72,"07-C-54-49","GNT-C-54-Kolluru","Gajullanka",881,881,0,0,881,0,0,0,0,0,0,0,0
73,"07-C-54-49","GNT-C-54-Kolluru","Pedalanka",760,760,0,0,760,0,0,0,0,0,0,0,0
74,"07-C-54-49","GNT-C-54-Kolluru","Kollur",1856,1856,0,0,1856,0,0,0,0,0,0,0,0
75,"07-C-54-49","GNT-C-54-Kolluru","Boddulurupadu",110,110,0,0,110,0,0,0,0,0,0,0,0
76,"07-C-54-49","GNT-C-54-Kolluru","Ravikampadu",1490,1490,0,0,1490,0,0,0,0,0,0,0,0
77,"07-C-54-49","GNT-C-54-Kolluru","Gurivindapalle",128,128,0,0,128,0,0,0,0,0,0,0,0
78,"07-C-54-49","GNT-C-54-Kolluru","Chinapulivarru",494,494,0,0,494,0,0,0,0,0,0,0,0
79,"07-C-54-49","GNT-C-54-Kolluru","Donepudi",884,884,0,0,884,0,0,0,0,0,0,0,0
80,"07-C-54-49","GNT-C-54-Kolluru","Potharlanka",1821,1821,0,0,1821,0,0,0,0,0,0,0,0
81,"07-C-54-57","GNT-C-54-Nagaram","Peddavaram",471,471,0,0,471,0,0,0,0,470.99999999,0,0.000001,471
82,"07-C-54-57","GNT-C-54-Nagaram","Thotapalle",473,473,0,0,473,0,0,0,0,472.99999999,0,0.000001,473
83,"07-C-54-57","GNT-C-54-Nagaram","Dhulipudi",1686,1686,0,0,1686,0,0,0,0,1199.99999999,0,0.000001,1200
84,"07-C-54-57","GNT-C-54-Nagaram","Pamidimarru",450,450,0,0,450,0,0,0,0,249.99999999,0,0.000001,250
85,"07-C-54-57","GNT-C-54-Nagaram","Eletipalem",1176,1176,0,0,1176,0,0,0,0,499.99999999,0,0.000001,500
86,"07-C-54-57","GNT-C-54-Nagaram","Nagaram",724,724,0,0,724,0,0,0,0,399.99999999,0,0.000001,400
87,"07-C-54-57","GNT-C-54-Nagaram","Pudivada",827,827,0,0,827,0,0,0,0,449.99999999,0,0.000001,450
88,"07-C-54-57","GNT-C-54-Nagaram","Siripudi",676,676,0,0,676,0,0,0,0,675.99999999,0,0.000001,676
89,"07-C-54-57","GNT-C-54-Nagaram","Pedapalle",1475,1475,0,0,1475,0,0,0,0,1474.99999999,0,0.000001,1475
90,"07-C-54-57","GNT-C-54-Nagaram","Pedamatlapudi",1704,1704,0,0,1704,0,0,0,0,1499.99999999,0,0.000001,1500
91,"07-C-54-57","GNT-C-54-Nagaram","Edupalle",997,997,0,0,997,0,0,0,0,996.99999999,0,0.000001,997
92,"07-C-54-57","GNT-C-54-Nagaram","Allaparru",3864,3864,0,0,3864,0,0,0,0,3863.99999999,0,0.000001,3864
93,"07-C-54-58","GNT-C-54-Nizampatnam","Nizampatnam",2276,2276,0,0,2276,-0.000001,0.000001,0.000001,0,2275.99999999,0,0.000001,2276
94,"07-C-54-58","GNT-C-54-Nizampatnam","Amudalapalle(With Marshes)",1669,1669,0,0,1669,-0.000001,0.000001,0.000001,0,999.99999999,0,0.000001,1000
95,"07-C-54-58","GNT-C-54-Nizampatnam","Pregnam",975,975,0,0,975,-0.000001,0.000001,0.000001,0,974.99999999,0,0.000001,975
96,"07-C-54-58","GNT-C-54-Nizampatnam","Muthupalle Agraharam",344,344,0,0,344,-0.000001,0.000001,0.000001,0,343.99999999,0,0.000001,344
97,"07-C-54-58","GNT-C-54-Nizampatnam","Pallapatla",590,590,0,0,590,-0.000001,0.000001,0.000001,0,349.99999999,0,0.000001,350
98,"07-C-54-58","GNT-C-54-Nizampatnam","Kuchinapudi",2006,2006,0,0,2006,-0.000001,0.000001,0.000001,0,999.99999999,0,0.000001,1000
99,"07-C-54-58","GNT-C-54-Nizampatnam","Adavuladeevi(With Marshes)",3021,3021,0,173,3021,-0.000001,0.000001,0.000001,0,2499.99999999,0,0.000001,2500
100,"07-C-54-58","GNT-C-54-Nizampatnam","Dindi(Including Marshes)",2166,2166,0,1294,2166,-0.000001,0.000001,0.000001,0,2165.99999999,0,0.000001,2166
101,"07-C-54-58","GNT-C-54-Nizampatnam","Nizampatnam forest",2964,2964,0,2964,2964,-0.000001,0.000001,0.000001,0,2963.99999999,0,0.000001,2964
102,"07-C-54-59","GNT-C-54-Ponnuru","Jupudi",633,633,0,0,633,0,0,0.000001,0,633,0,0,633
103,"07-C-54-59","GNT-C-54-Ponnuru","B. Kodur",847,847,0,0,847,0,0,0.000001,0,847,0,0,847
104,"07-C-54-59","GNT-C-54-Ponnuru","Vellaluru",466,466,0,0,466,0,0,0.000001,0,466,0,0,466
105,"07-C-54-59","GNT-C-54-Ponnuru","Mamillapalle",563,563,0,0,563,0,0,0.000001,0,0.000001,0,0,0.000001
106,"07-C-54-59","GNT-C-54-Ponnuru","Aremanda",505,505,0,0,505,0,0,0.000001,0,0.000001,0,0,0.000001
107,"07-C-54-59","GNT-C-54-Ponnuru","Dandamudi",562,562,0,0,562,0,0,0.000001,0,562,0,0,562
108,"07-C-54-59","GNT-C-54-Ponnuru","Munipalle",1032,1032,0,0,1032,0,0,0.000001,0,500,0,0,500
109,"07-C-54-59","GNT-C-54-Ponnuru","P.T.Parru",571,571,0,0,571,0,0,0.000001,0,0.000001,0,0,0.000001
110,"07-C-54-59","GNT-C-54-Ponnuru","Doppalapudi",365,365,0,0,365,0,0,0.000001,0,0.000001,0,0,0.000001
111,"07-C-54-59","GNT-C-54-Ponnuru","Mannava",1276,1276,0,0,1276,0,0,0.000001,0,600,0,0,600
112,"07-C-54-59","GNT-C-54-Ponnuru","Upparapalem",1078,1078,0,0,1078,0,0,0.000001,0,1078,0,0,1078
113,"07-C-54-59","GNT-C-54-Ponnuru","Ponnur",2614,2614,0,0,2614,0,0,0.000001,0,0.000001,0,0,0.000001
114,"07-C-54-59","GNT-C-54-Ponnuru","Kondamudi",1272,1272,0,0,1272,0,0,0.000001,0,0.000001,0,0,0.000001
115,"07-C-54-59","GNT-C-54-Ponnuru","Jadavalli",316,316,0,0,316,0,0,0.000001,0,316,0,0,316
116,"07-C-54-59","GNT-C-54-Ponnuru","Vaddimukkala",240,240,0,0,240,0,0,0.000001,0,0.000001,0,0,0.000001
117,"07-C-54-59","GNT-C-54-Ponnuru","Chintalapudi",871,871,0,0,871,0,0,0.000001,0,0.000001,0,0,0.000001
118,"07-C-54-59","GNT-C-54-Ponnuru","Vallabharaopalem",1716,1716,0,0,1716,0,0,0.000001,0,0.000001,0,0,0.000001
119,"07-C-54-59","GNT-C-54-Ponnuru","Nandur",1186,1186,0,0,1186,0,0,0.000001,0,0.000001,0,0,0.000001
120,"07-C-54-59","GNT-C-54-Ponnuru","Mulukuduru",1096,1096,0,0,1096,0,0,0.000001,0,0.000001,0,0,0.000001
121,"07-C-54-53","GNT-C-54-P.V.Palem","Komali",915,915,0,0,915,0,0,0.000001,0,0,0,0.000001,0
122,"07-C-54-53","GNT-C-54-P.V.Palem","Sangupalem Koduru",954,954,0,0,954,0,0,0.000001,0,0,0,0.000001,0
123,"07-C-54-53","GNT-C-54-P.V.Palem","Chandole",1333,1333,0,0,1333,0,0,0.000001,0,0,0,0.000001,0
124,"07-C-54-53","GNT-C-54-P.V.Palem","Pittalavanipalem",1470,1470,0,0,1470,0,0,0.000001,0,0,0,0.000001,0
125,"07-C-54-53","GNT-C-54-P.V.Palem","Khajipalem",1112,1112,0,0,1112,0,0,0.000001,0,0,0,0.000001,0
126,"07-C-54-53","GNT-C-54-P.V.Palem","Alluru",1646,1646,0,0,1646,0,0,0.000001,0,0,0,0.000001,0
127,"07-C-54-56","GNT-C-54-Repalle","Parisapadu",112,112,0,0,112,0,0,0.00001,0,0.44999999,0,0.000001,0.45
128,"07-C-54-56","GNT-C-54-Repalle","Karumuru",361,361,0,0,361,2,0,0.00001,0,360.99999999,0,0.000001,361
129,"07-C-54-56","GNT-C-54-Repalle","Bethapudi",900,900,0,0,900,6,0,0.00001,0,499.99999999,0,0.000001,500
130,"07-C-54-56","GNT-C-54-Repalle","Peteru",859,859,0,0,859,42,0,0.00001,0,299.99999999,0,0.000001,300
131,"07-C-54-56","GNT-C-54-Repalle","Penumudi",553,553,0,0,553,6,0,0.00001,0,299.99999999,0,0.000001,300
132,"07-C-54-56","GNT-C-54-Repalle","Chatragadda",449,449,0,0,449,10,0,0.00001,0,199.99999999,0,0.000001,200
133,"07-C-54-56","GNT-C-54-Repalle","Komarajugadda",693,693,0,0,693,45,0,0.00001,0,0,0,0.000001,0.000001
134,"07-C-54-56","GNT-C-54-Repalle","Nalluru",780,780,0,0,780,15,0,0.00001,0,0,0,0.000001,0.000001
135,"07-C-54-56","GNT-C-54-Repalle","Aravapalli",437,437,0,0,437,0,0,0.00001,0,436.99999999,0,0.000001,437
136,"07-C-54-56","GNT-C-54-Repalle","Repalle",1097,1097,0,0,1097,7,0,0.00001,0,599.99999999,0,0.000001,600
137,"07-C-54-56","GNT-C-54-Repalle","Uuppudi",764,764,0,0,764,0,0,0.00001,0,763.99999999,0,0.000001,764
138,"07-C-54-56","GNT-C-54-Repalle","Isukapalle",1051,1051,0,0,1051,8,0,0.00001,0,499.99999999,0,0.000001,500
139,"07-C-54-56","GNT-C-54-Repalle","Singupalem",1529,1529,0,0,1529,45,0,0.00001,0,0,0,0.000001,0
140,"07-C-54-56","GNT-C-54-Repalle","Visweswaram",317,317,0,0,317,11,0,0.00001,0,316.99999999,0,0.000001,317
141,"07-C-54-56","GNT-C-54-Repalle","Chodayapalem",1774,1774,0,0,1774,0,0,0.00001,0,1773.99999999,0,0.000001,1774
142,"07-C-54-56","GNT-C-54-Repalle","Kaithepalle",931,931,0,0,931,0,0,0.00001,0,930.99999999,0,0.000001,931
143,"07-C-54-56","GNT-C-54-Repalle","Pothumeraka(With Marshes area)",4594,4594,0,0,4594,0,0,0.00001,0,4593.99999999,0,0.000001,4594
144,"07-C-54-56","GNT-C-54-Repalle","Gangadipalem(With Marshes area)",6059,6059,0,377,6059,0,0,0.00001,0,6058.99999999,0,0.000001,6059
145,"07-C-54-55","GNT-C-54-Tenali","Kolakaluru",2558,2558,0,0,2558,0.45,0,0.000001,0.45,0,0,0.000001,0
146,"07-C-54-55","GNT-C-54-Tenali","Devarapally",11,11,0,0,11,0.000001,0,0.000001,0.000001,0,0,0.000001,0
147,"07-C-54-55","GNT-C-54-Tenali","Nandivelugu",470,470,0,0,470,0.000001,0,0.000001,0.000001,0,0,0.000001,0
148,"07-C-54-55","GNT-C-54-Tenali","Kathevaram",1696,1696,0,0,1696,0.000001,0,0.000001,0.000001,0,0,0.000001,0
149,"07-C-54-55","GNT-C-54-Tenali","Gudivada",760,760,0,0,760,0.000001,0,0.000001,0.000001,0,0,0.000001,0
150,"07-C-54-55","GNT-C-54-Tenali","Sangamjagarlamudi",370,370,0,0,370,0.000001,0,0.000001,0.000001,0,0,0.000001,0
151,"07-C-54-55","GNT-C-54-Tenali","Angalakuduru",911,911,0,0,911,0.000001,0,0.000001,0.000001,0,0,0.000001,0
152,"07-C-54-55","GNT-C-54-Tenali","Nelapadu",1473,1473,0,0,1473,0.000001,0,0.000001,0.000001,0,0,0.000001,0
153,"07-C-54-55","GNT-C-54-Tenali","Burripalem",702,702,0,0,702,0.000001,0,0.000001,0.000001,0,0,0.000001,0
154,"07-C-54-55","GNT-C-54-Tenali","Chinaravuru",895,895,0,0,895,0.000001,0,0.000001,0.000001,0,0,0.000001,0
155,"07-C-54-55","GNT-C-54-Tenali","Pedaravuru",872,872,0,0,872,0.000001,0,0.000001,0.000001,0,0,0.000001,0
156,"07-C-54-55","GNT-C-54-Tenali","Pinapadu",402,402,0,0,402,0.000001,0,0.000001,0.000001,0,0,0.000001,0
157,"07-C-54-55","GNT-C-54-Tenali","Tenali",1511,1511,0,0,1511,0.000001,0,0.000001,0.000001,0,0,0.000001,0
158,"07-C-54-54","GNT-C-54-Tsunduru","Edlapalle",1580,1580,0,0,1580,0,0,0.00001,0,0,0,0.000001,0
159,"07-C-54-54","GNT-C-54-Tsunduru","Chinaparimi",534,534,0,0,534,0,0,0.00001,0,0,0,0.000001,0
160,"07-C-54-54","GNT-C-54-Tsunduru","Valiveru",1131,1131,0,0,1131,0,0,0.00001,0,0,0,0.000001,0
161,"07-C-54-54","GNT-C-54-Tsunduru","Penugudurupadu",541,541,0,0,541,0,0,0.00001,0,0,0,0.000001,0
162,"07-C-54-54","GNT-C-54-Tsunduru","Kothapalli Narikellapadu",412,412,0,0,412,0,0,0.00001,0,0,0,0.000001,0
163,"07-C-54-54","GNT-C-54-Tsunduru","Thottempudi",215,215,0,0,215,0,0,0.00001,0,0,0,0.000001,0
164,"07-C-54-54","GNT-C-54-Tsunduru","Vetapalem",982,982,0,0,982,0,0,0.00001,0,0,0,0.000001,0
165,"07-C-54-54","GNT-C-54-Tsunduru","Tsunduru",1163,1163,0,0,1163,0,0,0.00001,0,0,0,0.000001,0
166,"07-C-54-54","GNT-C-54-Tsunduru","Pedagadelavarru",831,831,0,0,831,0,0,0.00001,0,0,0,0.000001,0
167,"07-C-54-54","GNT-C-54-Tsunduru","Manduru",722,722,0,0,722,0,0,0.00001,0,0,0,0.000001,0
168,"07-C-54-54","GNT-C-54-Tsunduru","Alapadu",678,678,0,0,678,0,0,0.00001,0,0,0,0.000001,0
169,"07-C-54-54","GNT-C-54-Tsunduru","Modukuru",1694,1694,0,0,1694,0,0,0.00001,0,0,0,0.000001,0
170,"07-C-54-51","GNT-C-54-Vemuru","Pulichintalapalem",104,104,0,0,104,0,0,0.000001,0,0,0,0.000001,0
171,"07-C-54-51","GNT-C-54-Vemuru","Jampani",2049,2049,0,0,2049,0,0,0.000001,0,0,0,0.000001,0
172,"07-C-54-51","GNT-C-54-Vemuru","Chadalavada",716,716,0,0,716,0,0,0.000001,0,0,0,0.000001,0
173,"07-C-54-51","GNT-C-54-Vemuru","Kuchallapadu",716,716,0,0,716,0,0,0.000001,0,0,0,0.000001,0
174,"07-C-54-51","GNT-C-54-Vemuru","Varahapuram",206,206,0,0,206,0,0,0.000001,0,0,0,0.000001,0
175,"07-C-54-51","GNT-C-54-Vemuru","Vemuru",2284,2284,0,0,2284,0,0,0.000001,0,0,0,0.000001,0
176,"07-C-54-51","GNT-C-54-Vemuru","Pothumarru",128,128,0,0,128,0,0,0.000001,0,0,0,0.000001,0
177,"07-C-54-51","GNT-C-54-Vemuru","Peravalipalem",991,991,0,0,991,0,0,0.000001,0,0,0,0.000001,0
178,"07-C-54-51","GNT-C-54-Vemuru","Peravali",1852,1852,0,0,1852,0,0,0.000001,0,0,0,0.000001,0
179,"07-C-54-51","GNT-C-54-Vemuru","Chavali",1039,1039,0,0,1039,0,0,0.000001,0,0,0,0.000001,0
180,"07-C-54-51","GNT-C-54-Vemuru","Balijepally",222,222,0,0,222,0,0,0.000001,0,0,0,0.000001,0
181,"07-C-54-51","GNT-C-54-Vemuru","Abbanagudavalli",167,167,0,0,167,0,0,0.000001,0,0,0,0.000001,0
182,"07-C-54-51","GNT-C-54-Vemuru","Penumarru",744,744,0,0,744,0,0,0.000001,0,0,0,0.000001,0
183,"07-C-55-37","GNT-C-55-Boddu-Velpuru","Gogulapadu",1728,1728,0,0,1728,0,0,0.000001,0,0,0,0.000001,0
184,"07-C-55-37","GNT-C-55-Boddu-Velpuru","Alawala",966,966,0,0,966,0,0,0.000001,0,0,0,0.000001,0
185,"07-C-55-37","GNT-C-55-Boddu-Velpuru","Thurumella",1897,1897,0,0,1897,0,0,0.000001,0,0,0,0.000001,0
186,"07-C-55-37","GNT-C-55-Boddu-Velpuru","Annavarappadu",340,340,0,0,340,0,0,0.000001,0,0,0,0.000001,0
187,"07-C-55-37","GNT-C-55-Boddu-Velpuru","Velpuru",2205,2205,0,0,2205,0,0,0.000001,0,0,0,0.000001,0
188,"07-C-55-42","GNT-C-55-Isuka-2-Kondaveedu","Talluru",1255,1255,0,0,1255,0,0,0,0,0,0,0.000001,0
189,"07-C-55-42","GNT-C-55-Isuka-2-Kondaveedu","Bethapudi",906,906,0,0,906,0,0,0,0,699.99999999,0,0.000001,700
190,"07-C-55-42","GNT-C-55-Isuka-2-Kondaveedu","Vemavaram",1123,1123,0,0,1123,0,0,0,0,0,0,0.000001,0
191,"07-C-55-42","GNT-C-55-Isuka-2-Kondaveedu","Phyrangipuram",1336,1336,0,0,1336,0,0,0,0,0,0,0.000001,0
192,"07-C-55-42","GNT-C-55-Isuka-2-Kondaveedu","Havusuganesa",576,576,0,0,576,0,0,0,0,0,0,0.000001,0
193,"07-C-55-42","GNT-C-55-Isuka-2-Kondaveedu","Repudi",1114,1114,0,0,1114,0,0,0,0,0,0,0.000001,0
194,"07-C-55-42","GNT-C-55-Isuka-2-Kondaveedu","Nudurupadu",1122,1122,0,0,1122,0,0,0,0,0,0,0.000001,0
195,"07-C-55-42","GNT-C-55-Isuka-2-Kondaveedu","Kondaveedu",1725,1495,230,1147,1725,0,0,0,0,0,0,0.000001,0
196,"07-C-55-42","GNT-C-55-Isuka-2-Kondaveedu","Solasa",1293,1073,220,100,1293,0,0,0,0,0,0,0.000001,0
197,"07-C-55-42","GNT-C-55-Isuka-2-Kondaveedu","Chirumamilla",841,841,0,0,841,0,0,0,0,840.99999999,0,0.000001,841
229,"07-C-55-41","GNT-C-55-Nakka-Muppalla","Lakkarajugarlapadu",1412,1412,0,0,1412,0,0,0,0,1411.99999999,0,0.000001,1412
230,"07-C-55-41","GNT-C-55-Nakka-Muppalla","Palidevarlapadu",316,316,0,0,316,0,0,0,0,0,0,0.000001,0.000001
231,"07-C-55-41","GNT-C-55-Nakka-Muppalla","Narnepadu",1197,1197,0,0,1197,0,0,0,0,0,0,0.000001,0.000001
232,"07-C-55-41","GNT-C-55-Nakka-Muppalla","L kurapadu",714,714,0,0,714,0,0,0,0,0,0,0.000001,0.000001
233,"07-C-55-41","GNT-C-55-Nakka-Muppalla","Erraguntlapadu",850,850,0,0,850,0,0,0,0,0,0,0.000001,0.000001
234,"07-C-55-41","GNT-C-55-Nakka-Muppalla","Merikapudi",727,727,0,0,727,0,0,0,0,726.99999999,0,0.000001,727
235,"07-C-55-41","GNT-C-55-Nakka-Muppalla","Gundlapadu",379,379,0,0,379,0,0,0,0,0,0,0.000001,0.000001
236,"07-C-55-41","GNT-C-55-Nakka-Muppalla","Ponukupadu",1825,1825,0,0,1825,0,0,0,0,599.99999999,0,0.000001,600
237,"07-C-55-41","GNT-C-55-Nakka-Muppalla","Mydavolu",1021,1021,0,0,1021,0,0,0,0,399.99999999,0,0.000001,400
238,"07-C-55-41","GNT-C-55-Nakka-Muppalla","Vankayalapadu",1491,1441,50,200,1491,0,0,0,0,0,0,0.000001,0.000001
239,"07-C-55-41","GNT-C-55-Nakka-Muppalla","Edlapadu",1013,1013,0,0,1013,0,0,0,0,299.99999999,0,0.000001,300
240,"07-C-55-41","GNT-C-55-Nakka-Muppalla","Timmapuram",1222,1222,0,0,1222,0,0,0,0,499.99999999,0,0.000001,500
241,"07-C-55-41","GNT-C-55-Nakka-Muppalla","Jaladi",1136,1136,0,0,1136,0,0,0,0,499.99999999,0,0.000001,500
242,"07-C-55-41","GNT-C-55-Nakka-Muppalla","Thurlapadu",1022,1022,0,0,1022,0,0,0,0,1021.99999999,0,0.000001,1022
243,"07-C-55-41","GNT-C-55-Nakka-Muppalla","Sandepudi",362,362,0,0,362,0,0,0,0,361.99999999,0,0.000001,362
244,"07-C-55-41","GNT-C-55-Nakka-Muppalla","Satuluru",2166,2166,0,0,2166,0,0,0,0,599.99999999,0,0.000001,600
245,"07-C-55-41","GNT-C-55-Nakka-Muppalla","Chandavaram",1152,1152,0,0,1152,0,0,0,0,299.99999999,0,0.000001,300
246,"07-C-55-41","GNT-C-55-Nakka-Muppalla","Gorijavolu",1291,1291,0,0,1291,0,0,0,0,1290.99999999,0,0.000001,1291
247,"07-C-55-41","GNT-C-55-Nakka-Muppalla","Sankranthipadu",990,990,0,0,990,0,0,0,0,989.99999999,0,0.000001,990
248,"07-C-55-41","GNT-C-55-Nakka-Muppalla","Tubadu",1468,1468,0,0,1468,0,0,0,0,399.99999999,0,0.000001,400
249,"07-C-55-41","GNT-C-55-Nakka-Muppalla","Nadendla",4020,4020,0,0,4020,0,0,0,0,1999.99999999,0,0.000001,2000
250,"07-C-55-41","GNT-C-55-Nakka-Muppalla","Dondapadu",548,548,0,0,548,0,0,0,0,199.99999999,0,0.000001,200
251,"07-C-55-41","GNT-C-55-Nakka-Muppalla","Kukkapallevari palem",1047,1047,0,0,1047,0,0,0,0,1046.99999999,0,0.000001,1047
252,"07-C-55-41","GNT-C-55-Nakka-Muppalla","Gorijavoluguntapalem",974,974,0,0,974,0,0,0,0,973.99999999,0,0.000001,974
253,"07-C-55-41","GNT-C-55-Nakka-Muppalla","Ravipadu",756,756,0,0,756,0,0,0,0,755.99999999,0,0.000001,756
254,"07-C-55-41","GNT-C-55-Nakka-Muppalla","Pusulur",1489,1489,0,0,1489,0,0,0,0,1488.99999999,0,0.000001,1489
255,"07-C-55-41","GNT-C-55-Nakka-Muppalla","Katrapadu",1687,1687,0,0,1687,0,0,0,0,1686.99999999,0,0.000001,1687
256,"07-C-55-41","GNT-C-55-Nakka-Muppalla","Varagani",1892,1892,0,0,1892,0,0,0,0,1891.99999999,0,0.000001,1892
257,"07-C-55-41","GNT-C-55-Nakka-Muppalla","Rajupalem",511,511,0,0,511,0,0,0,0,510.99999999,0,0.000001,511
258,"07-C-55-41","GNT-C-55-Nakka-Muppalla","Garikapadu",2407,2407,0,0,2407,0,0,0,0,2406.99999999,0,0.000001,2407
259,"07-C-55-41","GNT-C-55-Nakka-Muppalla","Bhallukanudupalem",1693,1693,0,0,1693,0,0,0,0,1692.99999999,0,0.000001,1693
260,"07-C-55-41","GNT-C-55-Nakka-Muppalla","Kakumanu",1477,1477,0,0,1477,0,0,0,0,1476.99999999,0,0.000001,1477
261,"07-C-55-41","GNT-C-55-Nakka-Muppalla","Kommur",2498,2498,0,0,2498,0,0,0,0,2497.99999999,0,0.000001,2498
262,"07-C-55-41","GNT-C-55-Nakka-Muppalla","Kondapaturu",1588,1588,0,0,1588,0,0,0,0,1587.99999999,0,0.000001,1588
263,"07-C-55-41","GNT-C-55-Nakka-Muppalla","Appapuram",1120,1120,0,0,1120,0,0,0,0,1119.99999999,0,0.000001,1120
264,"07-C-55-41","GNT-C-55-Nakka-Muppalla","Retur",1450,1450,0,0,1450,0,0,0,0,1449.99999999,0,0.000001,1450
265,"07-C-55-41","GNT-C-55-Nakka-Muppalla","Bodipalem",1260,1260,0,0,1260,0,0,0,0,1259.99999999,0,0.000001,1260
266,"07-C-55-41","GNT-C-55-Nakka-Muppalla","Jillellamudi",247,247,,,247,0,,,0,246.99999999,0,0.000001,247
267,"07-C-55-39","GNT-C-55-Nalanda-Narasaraopet","Rupenaguntla",3013,3013,0,0,3013,0,0,0,0,0,0,0.000001,0.000001
268,"07-C-55-39","GNT-C-55-Nalanda-Narasaraopet","Muppalla",1741,1741,0,0,1741,0,0,0,0,0,0,0.000001,0.000001
269,"07-C-55-39","GNT-C-55-Nalanda-Narasaraopet","Gollapadu",973,973,0,0,973,0,0,0,0,0,0,0.000001,0.000001
270,"07-C-55-39","GNT-C-55-Nalanda-Narasaraopet","Kanuparru",1213,1213,0,0,1213,0,0,0,0,399.99999999,0,0.000001,400
271,"07-C-55-39","GNT-C-55-Nalanda-Narasaraopet","Irlapadu",1405,1405,0,0,1405,0,0,0,0,399.99999999,0,0.000001,400
272,"07-C-55-39","GNT-C-55-Nalanda-Narasaraopet","N.Agraharam",140,140,0,0,140,0,0,0,0,0,0,0.000001,0.000001
273,"07-C-55-39","GNT-C-55-Nalanda-Narasaraopet","Ganapavaram",1860,1860,0,0,1860,0,0,0,0,599.99999999,0,0.000001,600
274,"07-C-55-39","GNT-C-55-Nalanda-Narasaraopet","Pamidipadu Agraharam",1510,1510,0,0,1510,0,0,0,0,0,0,0.000001,0.000001
275,"07-C-55-39","GNT-C-55-Nalanda-Narasaraopet","Mulakaluru",2244,2244,0,0,2244,0,0,0,0,0,0,0.000001,0.000001
276,"07-C-55-39","GNT-C-55-Nalanda-Narasaraopet","Guntagarlapadu",311,311,0,0,311,0,0,0,0,0,0,0.000001,0.000001
277,"07-C-55-39","GNT-C-55-Nalanda-Narasaraopet","Ravipadu",2149,2149,0,0,2149,0,0,0,0,0,0,0.000001,0.000001
278,"07-C-55-39","GNT-C-55-Nalanda-Narasaraopet","Ikkurru",1110,1110,0,0,1110,0,0,0,0,0,0,0.000001,0.000001
279,"07-C-55-39","GNT-C-55-Nalanda-Narasaraopet","Lingamguntla",791,791,0,0,791,0,0,0,0,0,0,0.000001,0.000001
280,"07-C-55-39","GNT-C-55-Nalanda-Narasaraopet","Narasaraopet",1586,1586,0,0,1586,0,0,0,0,0,0,0.000001,0.000001
281,"07-C-55-39","GNT-C-55-Nalanda-Narasaraopet","Jonnalagadda",1062,1062,0,0,1062,0,0,0,0,0,0,0.000001,0.000001
282,"07-C-55-39","GNT-C-55-Nalanda-Narasaraopet","Pothavarppadu",214,214,0,0,214,0,0,0,0,0,0,0.000001,0
283,"07-C-55-39","GNT-C-55-Nalanda-Narasaraopet","Kesanapalle",1274,1274,0,395,1274,0,0,0,0,0,0,0.000001,0.000001
284,"07-C-55-39","GNT-C-55-Nalanda-Narasaraopet","Ellamanda",4480,4480,0,0,4480,0,0,0,0,0,0,0.000001,0
285,"07-C-55-39","GNT-C-55-Nalanda-Narasaraopet","Uppalapadu",1136,1136,0,0,1136,0,0,0,0,0,0,0.000001,0.000001
286,"07-C-55-39","GNT-C-55-Nalanda-Narasaraopet","Govindapuram",1977,1977,0,0,1977,0,0,0,0,1976.99999999,0,0.000001,1977
287,"07-C-55-39","GNT-C-55-Nalanda-Narasaraopet","Kavuru",1723,1723,0,0,1723,0,0,0,0,1722.99999999,0,0.000001,1723
288,"07-C-55-39","GNT-C-55-Nalanda-Narasaraopet","Manukondavaripalem",693,693,0,0,693,0,0,0,0,692.99999999,0,0.000001,693
289,"07-C-55-39","GNT-C-55-Nalanda-Narasaraopet","Veluru",792,792,0,0,792,0,0,0,0,791.99999999,0,0.000001,792
290,"07-C-55-40","GNT-C-55-Nallama-Pedanandipadu","Pedanadipadu",1390,1390,0,0,1390,0,0,0,0,1389.99999999,0,0.000001,1390
291,"07-C-55-40","GNT-C-55-Nallama-Pedanandipadu","Annavaram",415,415,0,0,415,0,0,0,0,414.99999999,0,0.000001,415
292,"07-C-55-40","GNT-C-55-Nallama-Pedanandipadu","Uppalapadu",1136,1136,0,0,1136,0,0,0,0,1135.99999999,0,0.000001,1136
293,"07-C-55-40","GNT-C-55-Nallama-Pedanandipadu","Palaparru",1237,1237,0,0,1237,0,0,0,0,1236.99999999,0,0.000001,1237
294,"07-C-55-40","GNT-C-55-Nallama-Pedanandipadu","Mulapalem",1420,1420,0,0,1420,0,0,0,0,1419.99999999,0,0.000001,1420
295,"07-C-55-40","GNT-C-55-Nallama-Pedanandipadu","Jammulapalem",1117,1117,0,0,1117,0,0,0,0,1116.99999999,0,0.000001,1117
296,"07-C-55-40","GNT-C-55-Nallama-Pedanandipadu","Cheruvu",1740,1740,0,0,1740,0,0,0,0,1739.99999999,0,0.000001,1740
297,"07-C-55-40","GNT-C-55-Nallama-Pedanandipadu","Narasayapelem",1579,1579,0,0,1579,0,0,0,0,1578.99999999,0,0.000001,1579
298,"07-C-55-40","GNT-C-55-Nallama-Pedanandipadu","Murukondapadu",2368,2368,0,0,2368,0,0,0,0,0,0,0.000001,0
299,"07-C-55-40","GNT-C-55-Nallama-Pedanandipadu","Kankatapalem",1864,1864,0,0,1864,0,0,0,0,1863.99999999,0,0.000001,1864
300,"07-C-55-40","GNT-C-55-Nallama-Pedanandipadu","Bapatla West",1590,1590,0,0,1590,0,0,0,0,0,0,0.000001,0.000001
301,"07-C-55-40","GNT-C-55-Nallama-Pedanandipadu","Bapatla East",3357,3357,0,0,3357,0,0,0,0,0,0,0.000001,0.000001
302,"07-C-55-40","GNT-C-55-Nallama-Pedanandipadu","Adivi",1693,1693,0,0,1693,0,0,0,0,0,0,0.000001,0.000001
303,"07-C-55-40","GNT-C-55-Nallama-Pedanandipadu","M.P.Varipalem",1956,1956,0,0,1956,0,0,0,0,0,0,0.000001,0.000001
304,"07-C-55-40","GNT-C-55-Nallama-Pedanandipadu","Forest and marshes",2177,2177,0,2177,2177,0,0,0,0,0,0,0.000001,0.000001
305,"07-C-55-46","GNT-C-55-Pedda-2-Mangalagiri","Tadepalle",1244,1244,0,0,1244,0,0,0,0,0.00999999,0,0.000001,0.01
306,"07-C-55-46","GNT-C-55-Pedda-2-Mangalagiri","Kunchanapalle",319,319,0,0,319,0,0,0,0,0,0,0.000001,0
307,"07-C-55-46","GNT-C-55-Pedda-2-Mangalagiri","Kolanukonda",290,290,0,0,290,0,0,0,0,0,0,0.000001,0
308,"07-C-55-46","GNT-C-55-Pedda-2-Mangalagiri","Vaddeswaram",329,329,0,0,329,0,0,0,0,0,0,0.000001,0
309,"07-C-55-46","GNT-C-55-Pedda-2-Mangalagiri","Ippatam",558,558,0,0,558,0,0,0,0,0,0,0.000001,0
310,"07-C-55-46","GNT-C-55-Pedda-2-Mangalagiri","Gundimeda",692,692,0,0,692,0,0,0,0,0,0,0.000001,0
311,"07-C-55-46","GNT-C-55-Pedda-2-Mangalagiri","Chirravuru",558,558,0,0,558,0,0,0,0,0,0,0.000001,0
312,"07-C-55-46","GNT-C-55-Pedda-2-Mangalagiri","Atmakur",955,955,0,0,955,0,0,0,0,0,0,0.000001,0
313,"07-C-55-46","GNT-C-55-Pedda-2-Mangalagiri","Mangalagiri",1119,1119,0,0,1119,0,0,0,0,0,0,0.000001,0
314,"07-C-55-46","GNT-C-55-Pedda-2-Mangalagiri","Kaza",1818,1818,0,0,1818,0,0,0,0,0,0,0.000001,0
315,"07-C-55-46","GNT-C-55-Pedda-2-Mangalagiri","Chinakakani",1083,1083,0,0,1083,0,0,0,0,0,0,0.000001,0
316,"07-C-55-46","GNT-C-55-Pedda-2-Mangalagiri","Pedavadlapudi",949,949,0,0,949,0,0,0,0,0,0,0.000001,0
317,"07-C-55-46","GNT-C-55-Pedda-2-Mangalagiri","Chinavadlapudi",1042,1042,0,0,1042,0,0,0,0,0,0,0.000001,0
318,"07-C-55-46","GNT-C-55-Pedda-2-Mangalagiri","Nutakki",1122,1122,0,0,1122,0,0,0,0,0,0,0.000001,0
319,"07-C-55-46","GNT-C-55-Pedda-2-Mangalagiri","Ramachandrapuram",918,918,0,0,918,0,0,0,0,0,0,0.000001,0
320,"07-C-55-46","GNT-C-55-Pedda-2-Mangalagiri","Guntur",3480,3480,0,0,3480,0,0,0,0,1499.99999999,0,0.000001,1500
321,"07-C-55-46","GNT-C-55-Pedda-2-Mangalagiri","Budampadu",1021,1021,0,0,1021,0,0,0,0,1020.99999999,0,0.000001,1021
322,"07-C-55-46","GNT-C-55-Pedda-2-Mangalagiri","Nallapadu",1643,1293,350,500,1643,0,0,0,0,799.99999999,0,0.000001,800
323,"07-C-55-46","GNT-C-55-Pedda-2-Mangalagiri","Koppuravuru",712,712,0,0,712,0,0,0,0,349.99999999,0,0.000001,350
324,"07-C-55-46","GNT-C-55-Pedda-2-Mangalagiri","Namburu",3014,3014,0,0,3014,0,0,0,0,999.99999999,0,0.000001,1000
325,"07-C-55-46","GNT-C-55-Pedda-2-Mangalagiri","Pedakakani",1660,1660,0,0,1660,0,0,0,0,799.99999999,0,0.000001,800
326,"07-C-55-46","GNT-C-55-Pedda-2-Mangalagiri","Venigandla",1399,1399,0,0,1399,0,0,0,0,599.99999999,0,0.000001,600
327,"07-C-55-46","GNT-C-55-Pedda-2-Mangalagiri","Agatavarappadu",515,515,0,0,515,0,0,0,0,299.99999999,0,0.000001,300
328,"07-C-55-46","GNT-C-55-Pedda-2-Mangalagiri","Takkellapadu",1526,1526,0,0,1526,0,0,0,0,1525.99999999,0,0.000001,1526
329,"07-C-55-46","GNT-C-55-Pedda-2-Mangalagiri","Uppalapadu",1660,1660,0,0,1660,0,0,0,0,1659.99999999,0,0.000001,1660
330,"07-C-55-46","GNT-C-55-Pedda-2-Mangalagiri","Devarayabhotlapalem",304,304,0,0,304,0,0,0,0,303.99999999,0,0.000001,304
331,"07-C-55-46","GNT-C-55-Pedda-2-Mangalagiri","Tangellamudi",524,524,0,0,524,0,0,0,0,0,0,0.000001,0
332,"07-C-55-46","GNT-C-55-Pedda-2-Mangalagiri","Anumarlapudi",333,333,0,0,333,0,0,0,0,0,0,0.000001,0
333,"07-C-55-46","GNT-C-55-Pedda-2-Mangalagiri","Narakoduru",1209,1209,0,0,1209,0,0,0,0,0,0,0.000001,0
334,"07-C-55-46","GNT-C-55-Pedda-2-Mangalagiri","Vejendla",1399,1399,0,0,1399,0,0,0,0,0,0,0.000001,0
335,"07-C-55-46","GNT-C-55-Pedda-2-Mangalagiri","Suddapally",1140,1140,0,0,1140,0,0,0,0,0,0,0.000001,0
336,"07-C-55-46","GNT-C-55-Pedda-2-Mangalagiri","M. Ananthavaram",131,131,0,0,131,0,0,0,0,0,0,0.000001,0
337,"07-C-55-46","GNT-C-55-Pedda-2-Mangalagiri","Sekuru",2257,2257,0,0,2257,0,0,0,0,0,0,0.000001,0
338,"07-C-55-44","GNT-C-55-Rama-Prathipadu","Kondaveedu Hill & Forest",736,286,450,250,736,0,0,0,0,0,0,0,0
339,"07-C-55-44","GNT-C-55-Rama-Prathipadu","Edulapalem",381,381,0,0,381,0,0,0,0,380.99999999,0,0.000001,381
340,"07-C-55-44","GNT-C-55-Rama-Prathipadu","Prattipadu",2255,2255,0,0,2255,0,0,0,0,2254.99999999,0,0.000001,2255
341,"07-C-55-44","GNT-C-55-Rama-Prathipadu","Nadimpalem",1242,1242,0,0,1242,0,0,0,0,499.99999999,0,0.000001,500
342,"07-C-55-43","GNT-C-55-Tummala-Edlapadu","Kondaveedu Hill & Forest ",1200,900,300,900,1200,0,0,0,0,0,0,0.000001,0.000001
343,"07-C-55-43","GNT-C-55-Tummala-Edlapadu","Kondajagarlamudi",119,119,0,0,119,0,0,0,0,0,0,0.000001,0
344,"07-C-55-43","GNT-C-55-Tummala-Edlapadu","Gottipadu",1442,1442,0,0,1442,0,0,0,0,1441.99999999,0,0.000001,1442
345,"07-C-55-43","GNT-C-55-Tummala-Edlapadu","Ganikapudi",531,531,0,0,531,0,0,0,0,530.99999999,0,0.000001,531
346,"07-C-55-43","GNT-C-55-Tummala-Edlapadu","Marripalem",266,266,0,0,266,0,0,0,0,0,0,0.000001,0.000001
347,"07-C-55-43","GNT-C-55-Tummala-Edlapadu","Unnava",960,960,0,0,960,0,0,0,0,0,0,0.000001,0.000001
348,"07-C-55-43","GNT-C-55-Tummala-Edlapadu","Viswanadhuni Kandrika",276,276,0,0,276,0,0,0,0,275.99999999,0,0.000001,276
349,"07-C-55-43","GNT-C-55-Tummala-Edlapadu","Karuchola",1057,1057,0,0,1057,0,0,0,0,1056.99999999,0,0.000001,1057
350,"07-C-55-43","GNT-C-55-Tummala-Edlapadu","Kopparru",1138,1138,0,0,1138,0,0,0,0,1137.99999999,0,0.000001,1138
351,"07-C-55-43","GNT-C-55-Tummala-Edlapadu","Annaparru",2798,2798,0,0,2798,0,0,0,0,2797.99999999,0,0.000001,2798
352,"07-C-55-38","GNT-C-55-Ura-Rompicherla","Dasaripalem",1572,1572,0,0,1572,0,0,0,0,0,0,0,0
353,"07-C-55-38","GNT-C-55-Ura-Rompicherla","Annavaram",2799,2799,0,0,2799,0,0,0,0,0,0,0,0
354,"07-C-55-38","GNT-C-55-Ura-Rompicherla","Romphicherla",2810,2810,0,0,2810,0,0,0,0,0,0,0,0
355,"07-C-55-38","GNT-C-55-Ura-Rompicherla","Vipperlapalli Agraharam",515,515,0,0,515,0,0,0,0,0,0,0,0
356,"07-C-55-38","GNT-C-55-Ura-Rompicherla","Muthanapalli",842,842,0,0,842,0,0,0,0,0,0,0,0
357,"07-C-55-36","GNT-C-55-Vogeru-Chilakaluripet_Part-Ongole","Kunkalagunta",3772,3472,300,1234,3772,0,0,0,0,0,0,0.000001,0.000001
358,"07-C-55-36","GNT-C-55-Vogeru-Chilakaluripet_Part-Ongole","Palapadu",903,903,0,0,903,0,0,0,0,0,0,0.000001,0.000001
359,"07-C-55-36","GNT-C-55-Vogeru-Chilakaluripet_Part-Ongole","Kakani",1679,1679,0,0,1679,0,0,0,0,0,0,0.000001,0.000001
360,"07-C-55-36","GNT-C-55-Vogeru-Chilakaluripet_Part-Ongole","Petlurivaripalem",862,862,0,0,862,0,0,0,0,0,0,0.000001,0.000001
361,"07-C-55-36","GNT-C-55-Vogeru-Chilakaluripet_Part-Ongole","Kondakavuru",1527,1527,0,0,1527,0,0,0,0,0,0,0.000001,0.000001
362,"07-C-55-36","GNT-C-55-Vogeru-Chilakaluripet_Part-Ongole","Santhagudipadu",1850,1850,0,0,1850,0,0,0,0,0,0,0.000001,0.000001
363,"07-C-55-36","GNT-C-55-Vogeru-Chilakaluripet_Part-Ongole","Vipparla",4007,4007,0,0,4007,0,0,0,0,0,0,0.000001,0.000001
364,"07-C-55-36","GNT-C-55-Vogeru-Chilakaluripet_Part-Ongole","Machavaram",2145,2145,0,0,2145,0,0,0,0,0,0,0.000001,0.000001
365,"07-C-55-36","GNT-C-55-Vogeru-Chilakaluripet_Part-Ongole","Nallagarlapadu",468,468,0,0,468,0,0,0,0,0,0,0.000001,0.000001
366,"07-C-55-36","GNT-C-55-Vogeru-Chilakaluripet_Part-Ongole","Edavalli",1848,1848,0,0,1848,0,0,0,0,1847.99999999,0,0.000001,1848
367,"07-C-55-36","GNT-C-55-Vogeru-Chilakaluripet_Part-Ongole","Pothavaram",1119,1119,0,0,1119,0,0,0,0,0,0,0.000001,0.000001
368,"07-C-55-36","GNT-C-55-Vogeru-Chilakaluripet_Part-Ongole","Chilakaluripet",1036,1036,0,0,1036,0,0,0,0,499.99999999,0,0.000001,500
369,"07-C-55-36","GNT-C-55-Vogeru-Chilakaluripet_Part-Ongole","Gottipadu",1041,1041,0,0,1041,0,0,0,0,1040.99999999,0,0.000001,1041
370,"07-C-55-36","GNT-C-55-Vogeru-Chilakaluripet_Part-Ongole","Pasumarru",2974,2974,0,0,2974,0,0,0,0,2973.99999999,0,0.000001,2974
371,"07-C-55-36","GNT-C-55-Vogeru-Chilakaluripet_Part-Ongole","Chinapasumarru",93,93,0,0,93,0,0,0,0,92.99999999,0,0.000001,93
372,"07-C-55-36","GNT-C-55-Vogeru-Chilakaluripet_Part-Ongole","Boppudi",1290,1290,0,0,1290,0,0,0,0,599.99999999,0,0.000001,600
373,"07-C-55-36","GNT-C-55-Vogeru-Chilakaluripet_Part-Ongole","Rajapeta",1913,1913,0,0,1913,0,0,0,0,799.99999999,0,0.000001,800
374,"07-C-55-36","GNT-C-55-Vogeru-Chilakaluripet_Part-Ongole","Murikipudi",2430,2430,0,0,2430,0,0,0,0,0,0,0.000001,0.000001
375,"07-C-55-36","GNT-C-55-Vogeru-Chilakaluripet_Part-Ongole","Tatapudi",332,332,0,0,332,0,0,0,0,331.99999999,0,0.000001,332
376,"07-C-55-36","GNT-C-55-Vogeru-Chilakaluripet_Part-Ongole","Kantevarikandrika",94,94,0,0,94,0,0,0,0,93.99999999,0,0.000001,94
377,"07-C-57-33","GNT-C-57-Anga-Angalur","Bollapalle RF",1488,0,0,0,0,833,655,833,1488,0,0,0,0
378,"07-C-57-33","GNT-C-57-Anga-Angalur","Agnigundala",1215,560,655,833,1215,0,0,0,0,0,0,0,0
379,"07-C-57-33","GNT-C-57-Anga-Angalur","Angaluru",510,510,0,0,510,0,0,0,0,0,0,0,0
380,"07-C-57-33","GNT-C-57-Anga-Angalur","Kotcherla",2125,1224,0,0,1224,901,0,0,901,0,0,0,0
381,"07-C-57-33","GNT-C-57-Anga-Angalur","Kondramutla",2837,2029,0,0,2029,808,0,0,808,0,0,0,0
382,"07-C-57-33","GNT-C-57-Anga-Angalur","Dasullapalli",295,295,0,0,295,0.001,0,0,0.001,0,0,0,0
383,"07-C-57-35","GNT-C-57-Cheja-Chejerla","Hill and Forest",2000,0,0,0,0,1400,600,1400,2000,0,0,0,0
384,"07-C-57-35","GNT-C-57-Cheja-Chejerla","Chejerla",1656,395,161,1234,556,1100,0,0,1100,0,0,0,0
385,"07-C-57-35","GNT-C-57-Cheja-Chejerla","Arepalli",1178,1178,0,0,1178,0,0,0,0,0,0,0,0
386,"07-C-57-36","GNT-C-57-Cheja-Chejerla","Hill and Forest",929,0,0,0,0,729,200,729,929,0,0,0,0
387,"07-C-57-35","GNT-C-57-Cheja-Chejerla","Inumella",2104,2104,0,0,2104,0,0,0,0,0,0,0,0
388,"07-C-57-35","GNT-C-57-Cheja-Chejerla","Muppalla",2124,2124,0,0,2124,0,0,0,0,0,0,0,0
389,"07-C-57-35","GNT-C-57-Cheja-Chejerla","Chittapuram",1047,1047,0,0,1047,0,0,0,0,0,0,0,0
390,"07-C-57-30","GNT-C-57-Gundla-1-Nuzendla-Part_Ongole","Karumanchi",2925,2925,0,0,2925,0,0,0,0,0,0,0,0
391,"07-C-57-30","GNT-C-57-Gundla-1-Nuzendla-Part_Ongole","Madamanchipadu",195,195,0,0,195,0,0,0,0,0,0,0,0
392,"07-C-57-30","GNT-C-57-Gundla-1-Nuzendla-Part_Ongole","Settupalle",330,330,,,330,0,0,0,0,0,0,0,0
393,"07-C-57-30","GNT-C-57-Gundla-1-Nuzendla-Part_Ongole","Ummadivaram",352,352,0,0.01,352,0,0,0,0,0,0,0,0
394,"07-C-57-30","GNT-C-57-Gundla-1-Nuzendla-Part_Ongole","Nagulavaram",265,265,0,0.01,265,0,0,0,0,0,0,0,0
395,"07-C-57-30","GNT-C-57-Gundla-1-Nuzendla-Part_Ongole","Gokanakonda",719,719,0,138,719,0,0,0,0,0,0,0,0
396,"07-C-57-30","GNT-C-57-Gundla-1-Nuzendla-Part_Ongole","Pamidipadu",3228,3228,0,259,3228,0,0,0,0,0,0,0,0
397,"07-C-57-30","GNT-C-57-Gundla-1-Nuzendla-Part_Ongole","Khambhampadu",1646,1646,0,0,1646,0,0,0,0,0,0,0,0
398,"07-C-57-30","GNT-C-57-Gundla-1-Nuzendla-Part_Ongole","T.Annavaram",635,635,0,0.01,635,0,0,0,0,0,0,0,0
399,"07-C-57-30","GNT-C-57-Gundla-1-Nuzendla-Part_Ongole","Tellabadu",580,580,0,0.01,580,0,0,0,0,0,0,0,0
400,"07-C-57-30","GNT-C-57-Gundla-1-Nuzendla-Part_Ongole","Uppalapadu",1609,1609,0,0.01,1609,0,0,0,0,0,0,0,0
401,"07-C-57-30","GNT-C-57-Gundla-1-Nuzendla-Part_Ongole","Tripurapuram",1380,1380,0,0.01,1380,0,0,0,0,0,0,0,0
402,"07-C-57-30","GNT-C-57-Gundla-1-Nuzendla-Part_Ongole","Kondraprolu",934,934,0,0.01,934,0,0,0,0,0,0,0,0
403,"07-C-57-30","GNT-C-57-Gundla-1-Nuzendla-Part_Ongole","Mulakaluru",1074,1074,0,0.01,1074,0,0,0,0,0,0,0,0
404,"07-C-57-30","GNT-C-57-Gundla-1-Nuzendla-Part_Ongole","Puvvada",2498,2498,0,0.01,2498,0,0,0,0,0,0,0,0
405,"07-C-57-30","GNT-C-57-Gundla-1-Nuzendla-Part_Ongole","Talarlapalle",2399,2399,0,0.01,2399,0,0,0,0,0,0,0,0
406,"07-C-57-30","GNT-C-57-Gundla-1-Nuzendla-Part_Ongole","V.Appapuram",837,837,0,0.01,837,0,0,0,0,0,0,0,0
407,"07-C-57-30","GNT-C-57-Gundla-1-Nuzendla-Part_Ongole","Nuzendla",2431,2431,0,0.01,2431,0,0,0,0,0,0,0,0
408,"07-C-57-64","GNT-C-57-Gundla-2-Thimmapuram-Part_Ongole","Putchanutala",4177,4177,0,0.01,4177,0,0,0,0,0,0,0,0
409,"07-C-57-64","GNT-C-57-Gundla-2-Thimmapuram-Part_Ongole","Timmapuram",745,645,100,0,745,0,0,0,0,0,0,0,0
410,"07-C-57-29","GNT-C-57-Kandaleru-1-Bollapalli-Part_Ongole","Gandiganumala",1507,0,0,0,0,1507,0,8,1507,0,0,0,0
411,"07-C-57-29","GNT-C-57-Kandaleru-1-Bollapalli-Part_Ongole","Ravulapuram",2237,0,0,0,0,2237,0,20,2237,0,0,0,0
412,"07-C-57-29","GNT-C-57-Kandaleru-1-Bollapalli-Part_Ongole","Gutlapalle",2777,777,0,0,777,2000,0,20,2000,0,0,0,0
413,"07-C-57-29","GNT-C-57-Kandaleru-1-Bollapalli-Part_Ongole","Bollapally R.F",13100,0,0,0,0,11100,2000,11100,13100,0,0,0,0
414,"07-C-57-63","GNT-C-57-Kandaleru-2-Vinukonda_Part-Ongole","Koppukonda",2415,2415,0,0,2415,0,0,0,0,0,0,0,0
415,"07-C-57-63","GNT-C-57-Kandaleru-2-Vinukonda_Part-Ongole","Chowtayapalem",624,624,0,0,624,0,0,0,0,0,0,0,0
416,"07-C-57-63","GNT-C-57-Kandaleru-2-Vinukonda_Part-Ongole","Neelagangavaram",1178,1178,0,332,1178,0,0,0,0,0,0,0,0
417,"07-C-57-34","GNT-C-57-Konkeru-Savalyapuram","Guttikonda RF",3000,0,0,0,0,1500,1500,1500,3000,0,0,0,0
418,"07-C-57-34","GNT-C-57-Konkeru-Savalyapuram","Bommarajupally",696,696,0,0,696,0,0,430,0,0,0,0,0
419,"07-C-57-34","GNT-C-57-Konkeru-Savalyapuram","Ipur",2470,1061,0,0,1061,1409,0,520,1409,0,0,0,0
420,"07-C-57-34","GNT-C-57-Konkeru-Savalyapuram","Vanikunta",666,666,0,0,666,0,0,0,0,0,0,0,0
421,"07-C-57-34","GNT-C-57-Konkeru-Savalyapuram","Kondayapalem",2391,2391,0,0,2391,0,0,0,0,0,0,0,0
422,"07-C-57-34","GNT-C-57-Konkeru-Savalyapuram","Gundepalle",497,497,0,0,497,0,0,0,0,0,0,0,0
423,"07-C-57-34","GNT-C-57-Konkeru-Savalyapuram","Kottaluru",1785,1785,0,0,1785,0,0,0,0,0,0,0,0
424,"07-C-57-34","GNT-C-57-Konkeru-Savalyapuram","Potluru",2356,2356,0,0,2356,0,0,0,0,0,0,0,0
425,"07-C-57-34","GNT-C-57-Konkeru-Savalyapuram","Sanampudi",2744,2744,0,0,2744,0,0,0,0,0,0,0,0
426,"07-C-57-34","GNT-C-57-Konkeru-Savalyapuram","Kanumarlapudi",1429,1429,0,0,1429,0,0,0,0,0,0,0,0
427,"07-C-57-34","GNT-C-57-Konkeru-Savalyapuram","Pitchikalapalem",1418,1418,0,0,1418,0,0,0,0,0,0,0,0
428,"07-C-57-34","GNT-C-57-Konkeru-Savalyapuram","Naragayapalem",639,639,0,0,639,0,0,0,0,0,0,0,0
429,"07-C-57-34","GNT-C-57-Konkeru-Savalyapuram","Brahmanapalle",1226,1226,0,0,1226,0,0,0,0,0,0,0,0
430,"07-C-57-34","GNT-C-57-Konkeru-Savalyapuram","Vittamrajupalle",313,313,,0,313,0,,,0,0,0,0,0
431,"07-C-57-34","GNT-C-57-Konkeru-Savalyapuram","Pedakancherla",2607,2607,0,0,2607,0,0,0,0,0,0,0,0
432,"07-C-57-34","GNT-C-57-Konkeru-Savalyapuram","Perumallapalle",550,550,0,0,550,0,0,0,0,0,0,0,0
433,"07-C-57-34","GNT-C-57-Konkeru-Savalyapuram","Enugupalem",894,894,0,0,894,0,0,0,0,0,0,0,0
434,"07-C-57-32","GNT-C-57-Pasupuleru-Vellaturu","Bollapalle ",1343,0,0,0,0,1343,0,902,1343,0,0,0,0
435,"07-C-57-32","GNT-C-57-Pasupuleru-Vellaturu","Vaddemgunta",1691,150,0,0,150,1541,0,0,1541,0,0,0,0
436,"07-C-57-32","GNT-C-57-Pasupuleru-Vellaturu","Sarikondayapalem",897,0,0,0,0,897,0,0,897,0,0,0,0
437,"07-C-57-32","GNT-C-57-Pasupuleru-Vellaturu","Vellaturu",3109,1600,0,0,1600,1509,0,0,1509,0,0,0,0
438,"07-C-57-32","GNT-C-57-Pasupuleru-Vellaturu","Perurupadu",2055,1000,0,0,1000,655,400,0,1055,0,0,0,0
439,"07-C-57-32","GNT-C-57-Pasupuleru-Vellaturu","Kanumalacheruvu",523,150,0,0,150,373,0,0,373,0,0,0,0
440,"07-C-57-32","GNT-C-57-Pasupuleru-Vellaturu","Bollapalle Hill&Forst",6225,0,0,0,0,3557,2668,3557,6225,0,0,0,0
441,"07-C-57-32","GNT-C-57-Pasupuleru-Vellaturu","PerurupaduHill&Forest",2237,0,0,0,0,1337,900,1337,2237,0,0,0,0
442,"07-C-57-32","GNT-C-57-Pasupuleru-Vellaturu","Narasarayanipalem",509,509,0,0,509,0,0,0,0,0,0,0,0
443,"07-C-57-32","GNT-C-57-Pasupuleru-Vellaturu","Dondapadu",1460,1460,0,0,1460,0,0,0,0,0,0,0,0
444,"07-C-57-32","GNT-C-57-Pasupuleru-Vellaturu","Timmayapalem",2630,2630,0,0,2630,0,0,0,0,0,0,0,0
445,"07-C-57-32","GNT-C-57-Pasupuleru-Vellaturu","Vinukonda",3934,3934,0,0,3934,0,0,0,0,0,0,0,0
446,"07-C-57-32","GNT-C-57-Pasupuleru-Vellaturu","Venkupalem",577,200,0,0,200,377,0,0,377,0,0,0,0
447,"07-C-57-32","GNT-C-57-Pasupuleru-Vellaturu","Vinukonda Hill&Forest",586,0,0,0,0,400,186,400,586,0,0,0,0
448,"07-C-57-31","GNT-C-57-Vola-Tangirala","Andugulapadu",1749,1749,0,0,1749,0,0,0,0,0,0,0,0
449,"07-C-57-31","GNT-C-57-Vola-Tangirala","Nayanipalem",519,519,0,0,519,0,0,0,0,0,0,0,0
450,"07-C-57-31","GNT-C-57-Vola-Tangirala","Sivapuram",814,814,0,0,814,0,0,0,0,0,0,0,0
451,"07-C-57-31","GNT-C-57-Vola-Tangirala","Surepally",661,661,0,0,661,0,0,0,0,0,0,0,0
452,"07-C-57-31","GNT-C-57-Vola-Tangirala","Tangirala",801,801,0,0,801,0,0,0,0,0,0,0,0
453,"07-C-57-31","GNT-C-57-Vola-Tangirala","Murthuzapuram",2003,1903,100,970,2003,0,0,0,0,0,0,0,0
454,"07-C-57-31","GNT-C-57-Vola-Tangirala","Chintalacheruvu",2226,2226,0,0,2226,0,0,0,0,0,0,0,0
455,"07-C-57-31","GNT-C-57-Vola-Tangirala","Peddavaram",540,540,0,0,540,0,0,0,0,0,0,0,0
456,"07-C-57-31","GNT-C-57-Vola-Tangirala","Ainavolu",985,985,0,0,985,0,0,0,0,0,0,0,0
457,"07-C-57-31","GNT-C-57-Vola-Tangirala","Mukkellapadu",2752,2752,0,0,2752,0,0,0,0,0,0,0,0
458,"07-D-50-20","GNT-D-50-Atcham.-Atchampeta","Chintapalli",1642,1242,400,815,1642,0,0,0,0,0,0,0,0
459,"07-D-50-20","GNT-D-50-Atcham.-Atchampeta","Tallacheruvu",1167,867,300,0,1167,0,0,0,0,0,0,0,0
460,"07-D-50-20","GNT-D-50-Atcham.-Atchampeta","Chamarru",2719,2269,450,0,2719,0,0,0,0,0,0,0,0
461,"07-D-50-20","GNT-D-50-Atcham.-Atchampeta","Kogantivaripalem",561,561,0,0,561,0,0,0,0,0,0,0,0
462,"07-D-50-20","GNT-D-50-Atcham.-Atchampeta","Chigurupadu",1135,1135,0,0,1135,0,0,0,0,0,0,0,0
463,"07-D-50-20","GNT-D-50-Atcham.-Atchampeta","Pedapalem",638,538,100,0,638,0,0,0,0,0,0,0,0
464,"07-D-50-20","GNT-D-50-Atcham.-Atchampeta","Konduru",1031,631,400,200,1031,0,0,0,0,0,0,0,0
465,"07-D-50-20","GNT-D-50-Atcham.-Atchampeta","Mittapalem",818,768,50,204,818,0,0,0,0,0,0,0,0
466,"07-D-50-20","GNT-D-50-Atcham.-Atchampeta","Velpuru",2542,2542,0,0,2542,0,0,0,0,0,0,0,0
467,"07-D-50-20","GNT-D-50-Atcham.-Atchampeta","Oravakallu",1370,1370,0,0,1370,0,0,0,0,0,0,0,0
468,"07-D-50-20","GNT-D-50-Atcham.-Atchampeta","Ambadipudi",935,935,0,0,935,0,0,0,0,0,0,0,0
469,"07-D-50-20","GNT-D-50-Atcham.-Atchampeta","Konur",929,929,0,0,929,0,0,0,0,0,0,0,0
470,"07-D-50-20","GNT-D-50-Atcham.-Atchampeta","Kastala Agraharam",1633,1633,0,0,1633,0,0,0,0,0,0,0,0
471,"07-D-50-20","GNT-D-50-Atcham.-Atchampeta","Venkatayapalem Hill & Forest",4000,2800,1200,2800,4000,0,0,0,0,0,0,0,0
472,"07-D-50-23","GNT-D-50-Challa-Challagundla","Pakalapadu",1742,1742,0,0,1742,0,0,0,0,0,0,0,0
473,"07-D-50-23","GNT-D-50-Challa-Challagundla","Kattamuru",1328,1328,0,0,1328,0,0,0,0,0,0,0,0
474,"07-D-50-23","GNT-D-50-Challa-Challagundla","Abbur",1206,1206,0,0,1206,0,0,0,0,0,0,0,0
475,"07-D-50-23","GNT-D-50-Challa-Challagundla","Bhimavaram",1144,1144,0,0,1144,0,0,0,0,0,0,0,0
476,"07-D-50-23","GNT-D-50-Challa-Challagundla","Kankanalapalli",319,319,0,0,319,0,0,0,0,0,0,0,0
477,"07-D-50-23","GNT-D-50-Challa-Challagundla","Dhulipalla",2008,2008,0,0,2008,0,0,0,0,0,0,0,0
478,"07-D-50-23","GNT-D-50-Challa-Challagundla","Sattenapally",2388,2388,0,0,2388,0,0,0,0,0,0,0,0
479,"07-D-50-23","GNT-D-50-Challa-Challagundla","Challagundla",2181,2181,0,0,2181,0,0,0,0,0,0,0,0
480,"07-D-50-23","GNT-D-50-Challa-Challagundla","Cheemalamarri",1433,1433,0,148,1433,0,0,0,0,0,0,0,0
481,"07-D-50-23","GNT-D-50-Challa-Challagundla","Chagallu",2233,2233,0,160,2233,0,0,0,0,0,0,0,0
482,"07-D-50-23","GNT-D-50-Challa-Challagundla","Dachavarapadu",188,188,0,0,188,0,0,0,0,0,0,0,0
483,"07-D-50-23","GNT-D-50-Challa-Challagundla","Tondapi",2257,2257,0,0,2257,0,0,0,0,0,0,0,0
484,"07-D-50-23","GNT-D-50-Challa-Challagundla","Madala",3154,3154,0,0,3154,0,0,0,0,0,0,0,0
485,"07-D-50-23","GNT-D-50-Challa-Challagundla","Bollavaram",451,451,0,0,451,0,0,0,0,0,0,0,0
486,"07-D-50-23","GNT-D-50-Challa-Challagundla","Dammalapudu",2061,2061,0,0,2061,0,0,0,0,0,0,0,0
487,"07-D-50-9","GNT-D-50-Dandi-Gurajala","Pulipadu",2283,2282.99,0.01,0.01,2283,0,0,0,0,0,0,0,0
488,"07-D-50-9","GNT-D-50-Dandi-Gurajala","Gangavaram",3237,3236.99,0.01,0.01,3237,0,0,0,0,0,0,0,0
489,"07-D-50-9","GNT-D-50-Dandi-Gurajala","Palligunta",1410,1409.99,0.01,0.01,1410,0,0,0,0,0,0,0,0
490,"07-D-50-9","GNT-D-50-Dandi-Gurajala","Gurajala",4341,4340.99,0.01,0.01,4341,0,0,0,0,0,0,0,0
491,"07-D-50-9","GNT-D-50-Dandi-Gurajala","Charlagudipadu",2233,2232.99,0.01,0.01,2233,0,0,0,0,0,0,0,0
492,"07-D-50-9","GNT-D-50-Dandi-Gurajala","Pondugula",3373,3373,0,1010,3373,0,0,0,0,0,0,0,0
493,"07-D-50-9","GNT-D-50-Dandi-Gurajala","Miryala",2039,2038.99,0.01,0.01,2039,0,0,0,0,0,0,0,0
494,"07-D-50-9","GNT-D-50-Dandi-Gurajala","Naramalapadu",1410,499.99,0.01,0.01,500,510,400,80,910,0,0,0,0
495,"07-D-50-9","GNT-D-50-Dandi-Gurajala","Dharmavaram",1086,0,0.01,0.01,0.01,884,202,0,1086,0,0,0,0
496,"07-D-50-9","GNT-D-50-Dandi-Gurajala","Adigopula",3349,448.99,0.01,0.01,449,2202,698,339,2900,0,0,0,0
497,"07-D-50-9","GNT-D-50-Dandi-Gurajala","Nidanampadu",393,0,0.01,0.01,0.01,393,0,27,393,0,0,0,0
498,"07-D-50-18","GNT-D-50-Eddu-Amaravathi","Machayapalem",483,482.99,0.01,0.01,483,0,0,0,0,0,0,0.000001,0
499,"07-D-50-18","GNT-D-50-Eddu-Amaravathi","Bellamkonda",2305,2304.99,0.01,0.01,2305,0,0,0,0,0,0,0.000001,0
500,"07-D-50-18","GNT-D-50-Eddu-Amaravathi","Vipparla",810,810,0,0,810,0,0,0,0,0,0,0.000001,0
501,"07-D-50-18","GNT-D-50-Eddu-Amaravathi","Utukuru",1150,1150,0,0,1150,0,0,0,0,0,0,0.000001,0
502,"07-D-50-18","GNT-D-50-Eddu-Amaravathi","Parupalle",219,219,0,0,219,0,0,0,0,0,0,0.000001,0
503,"07-D-50-18","GNT-D-50-Eddu-Amaravathi","Peesapadu",732,732,0,0,732,0,0,0,0,0,0,0.000001,0
504,"07-D-50-18","GNT-D-50-Eddu-Amaravathi","Puttipadu",57,57,0,0,57,0,0,0,0,0,0,0.000001,0
505,"07-D-50-18","GNT-D-50-Eddu-Amaravathi","Munugodu",1946,1946,0,0,1946,0,0,0,0,0,0,0.000001,0
506,"07-D-50-18","GNT-D-50-Eddu-Amaravathi","Attalur",1524,1524,0,0,1524,0,0,0,0,0,0,0.000001,0
507,"07-D-50-18","GNT-D-50-Eddu-Amaravathi","Jupudi",463,463,0,0,463,0,0,0,0,0,0,0.000001,0
508,"07-D-50-18","GNT-D-50-Eddu-Amaravathi","Pondugula",758,758,0,0,758,0,0,0,0,0,0,0.000001,0
509,"07-D-50-18","GNT-D-50-Eddu-Amaravathi","Hussain nagaram",496,496,0,0,496,0,0,0,0,0,0,0.000001,0
510,"07-D-50-18","GNT-D-50-Eddu-Amaravathi","Ramapuram",604,604,0,0,604,0,0,0,0,0,0,0.000001,0
511,"07-D-50-18","GNT-D-50-Eddu-Amaravathi","Bhrugubanda",2051,2051,0,0,2051,0,0,0,0,0,0,0.000001,0
512,"07-D-50-18","GNT-D-50-Eddu-Amaravathi","Rentapalla",399,399,0,0,399,0,0,0,0,0,0,0.000001,0
513,"07-D-50-18","GNT-D-50-Eddu-Amaravathi","Rajupalem",1178,1178,0,0,1178,0,0,0,0,0,0,0.000001,0
514,"07-D-50-18","GNT-D-50-Eddu-Amaravathi","Reddygudem",1556,1555.99,0.01,0.01,1556,0,0,0,0,0,0,0.000001,0
515,"07-D-50-8","GNT-D-50-Edumangal-Rentachintala","Mittagudipadu",1272,1272,0,0,1272,0,0,0,0,0,0,0,0
516,"07-D-50-8","GNT-D-50-Edumangal-Rentachintala","Rentachintala",2170,2170,0,0,2170,0,0,0,0,0,0,0,0
517,"07-D-50-8","GNT-D-50-Edumangal-Rentachintala","Rentala",1590,1590,0,23,1590,0,0,0,0,0,0,0,0
518,"07-D-50-8","GNT-D-50-Edumangal-Rentachintala","Madugala",4162,3962,200,460,4162,0,0,0,0,0,0,0,0
519,"07-D-50-22","GNT-D-50-Erra-2-Piduguralla","Akurajupalli",2476,2475.99,0.01,0.01,2476,0,0,0,0,0,0,0,0
520,"07-D-50-22","GNT-D-50-Erra-2-Piduguralla","SR puram",234,-0.01,0.01,0.01,0,234,0,0,234,0,0,0,0
521,"07-D-50-22","GNT-D-50-Erra-2-Piduguralla","Pillutla",2702,2701.99,0.01,0,2702,0,0,907,0,0,0,0,0
522,"07-D-50-22","GNT-D-50-Erra-2-Piduguralla","Mallavolu",1136,1135.99,0.01,0.01,1136,0,0,0,0,0,0,0,0
523,"07-D-50-22","GNT-D-50-Erra-2-Piduguralla","Bodanam",1626,1625.99,0.01,420,1626,0,0,0,0,0,0,0,0
524,"07-D-50-22","GNT-D-50-Erra-2-Piduguralla","Kethavaram",170,0,0,0,0,170,0,0,170,0,0,0,0
525,"07-D-50-22","GNT-D-50-Erra-2-Piduguralla","chityala",641,0,0,0,0,641,0,0,641,0,0,0,0
526,"07-D-50-22","GNT-D-50-Erra-2-Piduguralla","Kollur",367,0,0,0,0,367,0,0,367,0,0,0,0
527,"07-D-50-22","GNT-D-50-Erra-2-Piduguralla","Emmajigudem",1103,1102.99,0.01,36,1103,0,0,0,0,0,0,0,0
528,"07-D-50-22","GNT-D-50-Erra-2-Piduguralla","MT Puram",1022,-0.01,0.01,0.01,0,1022,0,0,1022,0,0,0,0
529,"07-D-50-22","GNT-D-50-Erra-2-Piduguralla","Papayapalem",712,-0.01,0.01,0.01,0,712,0,0,712,0,0,0,0
530,"07-D-50-22","GNT-D-50-Erra-2-Piduguralla","Vannayapalem",397,397,0,0,397,0,0,0,0,0,0,0,0
531,"07-D-50-22","GNT-D-50-Erra-2-Piduguralla","Guttikonda & Venkatayapalem Forest & Hills",11757,0,0,0,0,7757,4000,7757,11757,0,0,0,0
532,"07-D-50-22","GNT-D-50-Erra-2-Piduguralla","Piduguralla",3149,3148.99,0.01,0.01,3149,0,0,0,0,0,0,0,0
533,"07-D-50-22","GNT-D-50-Erra-2-Piduguralla","Konanki",1619,1618.99,0.01,0.01,1619,0,0,0,0,0,0,0,0
534,"07-D-50-22","GNT-D-50-Erra-2-Piduguralla","Janapadu",1978,1977.99,0.01,232,1978,0,0,0,0,0,0,0,0
535,"07-D-50-22","GNT-D-50-Erra-2-Piduguralla","Guttikonda",2577,2576.99,0.01,1450,2577,0,0,0,0,0,0,0,0
536,"07-D-50-16","GNT-D-50-Erra-1-Rajupalem","Chowtapapayapalem",315,314.99,0.01,61,315,0,0,0,0,0,0,0,0
537,"07-D-50-16","GNT-D-50-Erra-1-Rajupalem","Ganapavaram",1612,1611.99,0.01,0,1612,0,0,0,0,0,0,0,0
538,"07-D-50-16","GNT-D-50-Erra-1-Rajupalem","Balijepalle",949,839,110,0,949,0,0,0,0,0,0,0,0
539,"07-D-50-16","GNT-D-50-Erra-1-Rajupalem","Uppalapadu",1696,1695.99,0.01,0,1696,0,0,0,0,0,0,0,0
540,"07-D-50-16","GNT-D-50-Erra-1-Rajupalem","Guttikonda Hills & Forest",500,400,100,400,500,0,0,0,0,0,0,0,0
541,"07-D-50-16","GNT-D-50-Erra-1-Rajupalem","Nekarikallu",1528,1403,125,975,1528,0,0,0,0,0,0,0,0
542,"07-D-50-10","GNT-D-50-Gadida-Daida","Gottimukkala",2399,1777,622,0,2399,0,0,0,0,0,0,0,0
543,"07-D-50-10","GNT-D-50-Gadida-Daida","Daida",2794,1912,882,0,2794,0,0,0,0,0,0,0,0
544,"07-D-50-10","GNT-D-50-Gadida-Daida","Telukutla",981,981,0,0,981,0,0,0,0,0,0,0,0
545,"07-D-50-7","GNT-D-50-Goli-Thumurukota","Kambhampadu",3068,3068,0,67,3068,0,0,0,0,0,0,0,0
546,"07-D-50-7","GNT-D-50-Goli-Thumurukota","Mutyalampadu",576,0,0,0,0,576,0,141,576,0,0,0,0
547,"07-D-50-7","GNT-D-50-Goli-Thumurukota","Mallavaram",1371,1051,320,0,1371,0,0,0,0,0,0,0,0
548,"07-D-50-7","GNT-D-50-Goli-Thumurukota","Goli",2759,2759,0,376,2759,0,0,0,0,0,0,0,0
549,"07-D-50-7","GNT-D-50-Goli-Thumurukota","Pasarlapadu",882,882,0,0,882,0,0,0,0,0,0,0,0
550,"07-D-50-7","GNT-D-50-Goli-Thumurukota","Thumrukota",2121,1871,250,715,2121,0,0,0,0,0,0,0,0
551,"07-D-50-7","GNT-D-50-Goli-Thumurukota","Paluvoi",1995,1995,0,0,1995,0,0,0,0,0,0,0,0
552,"07-D-50-7","GNT-D-50-Goli-Thumurukota","Manchikallu",1395,1232,163,303,1395,0,0,0,0,0,0,0,0
553,"07-D-50-7","GNT-D-50-Goli-Thumurukota","Hill and Forest",2424,1569,855,0,2424,0,0,1569,0,0,0,0,0
554,"07-D-50-7","GNT-D-50-Goli-Thumurukota","Darivemula",1694,0,0,0,0,1694,0,124,1694,0,0,0,0
555,"07-D-50-7","GNT-D-50-Goli-Thumurukota","Obulesunipalle",4897,0,0,0,0,4260,637,2869,4897,0,0,0,0
556,"07-D-50-7","GNT-D-50-Goli-Thumurukota","Durgi",5762,0,0,0,0,5587,175,55,5762,0,0,0,0
557,"07-D-50-12","GNT-D-50-Julakallu-Kesanapalli","Kesanapalle",1734,1734,0,0,1734,0,0,0,0,0,0,0,0
558,"07-D-50-12","GNT-D-50-Julakallu-Kesanapalli","Pedagarlapadu",2310,2310,0,0,2310,0,0,0,0,0,0,0,0
559,"07-D-50-12","GNT-D-50-Julakallu-Kesanapalli","Zulakallu",3147,3147,0,62,3147,0,0,0,0,0,0,0,0
560,"07-D-50-12","GNT-D-50-Julakallu-Kesanapalli","Chinagarlpadu",1281,1281,0,0,1281,0,0,0,0,0,0,0,0
561,"07-D-50-27","GNT-D-50-Kattela-Thulluru","Karlapudi",1194,1194,0,0,1194,0.0001,0,0,0.0001,0.01,0,0,0.01
562,"07-D-50-27","GNT-D-50-Kattela-Thulluru","Harischandrapuram",983,400,0,0,400,583,0,0,583,0,0,0,0
563,"07-D-50-27","GNT-D-50-Kattela-Thulluru","Vaddamanu",784,300,0,0,300,484,0,0,484,0,0,0,0
564,"07-D-50-27","GNT-D-50-Kattela-Thulluru","Ananthavaram",1030,400,0,0,400,630,0,0,630,0,0,0,0
565,"07-D-50-27","GNT-D-50-Kattela-Thulluru","Nekkallu",571,0,0,0,0,471,100,0,571,0,0,0,0
566,"07-D-50-27","GNT-D-50-Kattela-Thulluru","Pedaparimi",2636,0,0,0,0,2536,100,0,2636,2636,0,0,2636
567,"07-D-50-27","GNT-D-50-Kattela-Thulluru","Thullur",1492,900,0,0,900,592,0,0,592,0,0,0,0
568,"07-D-50-27","GNT-D-50-Kattela-Thulluru","Pitchikalapalem",1424,0,0,0,0,1424,0,0,1424,0,0,0,0
569,"07-D-50-27","GNT-D-50-Kattela-Thulluru","Dondapadu",154,79,0,0,79,75,0,0,75,0,0,0,0
570,"07-D-50-27","GNT-D-50-Kattela-Thulluru","Borupalem",269,100,0,0,100,169,0,0,169,0,0,0,0
571,"07-D-50-27","GNT-D-50-Kattela-Thulluru","Abbarajupalem",317,200,0,0,200,117,0,0,117,0,0,0,0
572,"07-D-50-27","GNT-D-50-Kattela-Thulluru","Rayapudi",2434,1000,0,0,1000,1434,0,0,1434,0,0,0,0
573,"07-D-50-27","GNT-D-50-Kattela-Thulluru","Kondamarajupalem",343,0,0,0,0,343,0,0,343,343,0,0,343
574,"07-D-50-27","GNT-D-50-Kattela-Thulluru","Nelapadu",574,0,0,0,0,574,0,0,574,574,0,0,574
575,"07-D-50-27","GNT-D-50-Kattela-Thulluru","Sakhamuru",658,0,0,0,0,658,0,0,658,658,0,0,658
576,"07-D-50-27","GNT-D-50-Kattela-Thulluru","Velagapudi",809,400,0,0,400,409,0,0,409,0,0,0,0
577,"07-D-50-27","GNT-D-50-Kattela-Thulluru","Lingayapalem",798,798,0,0,798,0,0,0,0,0,0,0,0
578,"07-D-50-27","GNT-D-50-Kattela-Thulluru","Uddandarayunipalem",431,431,0,0,431,0,0,0,0,0,0,0,0
579,"07-D-50-27","GNT-D-50-Kattela-Thulluru","Malkapuram",222,222,0,0,222,0,0,0,0,0,0,0,0
580,"07-D-50-27","GNT-D-50-Kattela-Thulluru","Mandadam",2018,1000,0,0,1000,1018,0,0,1018,0,0,0,0
581,"07-D-50-27","GNT-D-50-Kattela-Thulluru","Venkatapalem",1110,600,0,0,600,510,0,0,510,0,0,0,0
582,"07-D-50-27","GNT-D-50-Kattela-Thulluru","Mothadaka",949,849,100,0,949,0,0,0,0,0,0,0,0
583,"07-D-50-27","GNT-D-50-Kattela-Thulluru","Nidumukkala",815,815,0,0,815,0.0001,0,0,0.0001,0,0,0,0
584,"07-D-50-27","GNT-D-50-Kattela-Thulluru","Mothadaka_ Nidumukkala RF",252,252,0,252,252,0,0,0,0,0,0,0,0
585,"07-D-50-25","GNT-D-50-Kondaveeti-Medikonduru","Vaikuntapuram",1360,1360,0,0,1360,0,0,0.000001,0,0,0,0.000001,0.000001
586,"07-D-50-25","GNT-D-50-Kondaveeti-Medikonduru","Pedamadduru",464,464,0,124,464,0,0,0.000001,0,0,0,0.000001,0.000001
587,"07-D-50-25","GNT-D-50-Kondaveeti-Medikonduru","Narukullapadu",941,941,0,0,941,0,0,0.000001,0,0,0,0.000001,0.000001
588,"07-D-50-25","GNT-D-50-Kondaveeti-Medikonduru","Endroyi",877,877,0,0,877,0,0,0.000001,0,0,0,0.000001,0.000001
589,"07-D-50-25","GNT-D-50-Kondaveeti-Medikonduru","Unguturu",1033,1033,0,0,1033,0,0,0.000001,0,0,0,0.000001,0
590,"07-D-50-25","GNT-D-50-Kondaveeti-Medikonduru","Nemalikallu",1439,1439,0,0,1439,0,0,0.000001,0,0,0,0.000001,0.000001
591,"07-D-50-25","GNT-D-50-Kondaveeti-Medikonduru","Pamulapadu",1694,1694,0,0,1694,0,0,0.000001,0,799.99999999,0,0.000001,800
592,"07-D-50-25","GNT-D-50-Kondaveeti-Medikonduru","Bejatpuram",1342,1342,0,0,1342,0,0,0.000001,0,0,0,0.000001,0.000001
593,"07-D-50-25","GNT-D-50-Kondaveeti-Medikonduru","Lachannagudipudi",646,546,100,71,646,0,0,0.000001,0,0,0,0.000001,0.000001
594,"07-D-50-25","GNT-D-50-Kondaveeti-Medikonduru","Ravela",1460,1460,0,0,1460,0,0,0.000001,0,799.99999999,0,0.000001,800
595,"07-D-50-25","GNT-D-50-Kondaveeti-Medikonduru","Aminabad",1276,1276,0,0,1276,0,0,0.000001,0,0,0,0.000001,0.000001
596,"07-D-50-25","GNT-D-50-Kondaveeti-Medikonduru","Siripuram",1641,1641,0,0,1641,0,0,0.000001,0,849.99999999,0,0.000001,850
597,"07-D-50-25","GNT-D-50-Kondaveeti-Medikonduru","Varagani",636,636,0,0,636,0,0,0.000001,0,249.99999999,0,0.000001,250
598,"07-D-50-25","GNT-D-50-Kondaveeti-Medikonduru","Mandapadu",791,791,0,0,791,0,0,0.000001,0,790.99999999,0,0.000001,791
599,"07-D-50-25","GNT-D-50-Kondaveeti-Medikonduru","Velavarthipadu",1019,1019,0,0,1019,0,0,0.000001,0,1018.99999999,0,0.000001,1019
600,"07-D-50-25","GNT-D-50-Kondaveeti-Medikonduru","Medikonduru",2146,2096,50,0,2146,0,0,0.000001,0,1499.99999999,0,0.000001,1500
601,"07-D-50-25","GNT-D-50-Kondaveeti-Medikonduru","Visadala",1155,1155,0,0,1155,0,0,0.000001,0,649.99999999,0,0.000001,650
602,"07-D-50-25","GNT-D-50-Kondaveeti-Medikonduru","Dogiparru",792,692,100,0,792,0,0,0.000001,0,0,0,0.000001,0.000001
603,"07-D-50-25","GNT-D-50-Kondaveeti-Medikonduru","Mangalagiripadu",227,177,50,0,227,0,0,0.000001,0,226.99999999,0,0.000001,227
604,"07-D-50-25","GNT-D-50-Kondaveeti-Medikonduru","Pon.Kandrika",126,126,0,0,126,0,0,0.000001,0,125.99999999,0,0.000001,126
605,"07-D-50-25","GNT-D-50-Kondaveeti-Medikonduru","Perecherla RF",300,300,0,300,300,0,0,0.000001,0,0,0,0.000001,0.000001
606,"07-D-50-24","GNT-D-50-Lakshmi-Panidam","Bayyavaram",1171,1171,0,0,1171,0,0,0,0,0,0,0,0
607,"07-D-50-24","GNT-D-50-Lakshmi-Panidam","Balemarru",359,359,0,0,359,0,0,0,0,0,0,0,0
608,"07-D-50-24","GNT-D-50-Lakshmi-Panidam","Andukuru",784,784,0,0,784,0,0,0,0,0,0,0,0
609,"07-D-50-24","GNT-D-50-Lakshmi-Panidam","Garapadu",960,960,0,0,960,0,0,0,0,0,0,0,0
610,"07-D-50-24","GNT-D-50-Lakshmi-Panidam","Lagadapadu",953,953,0,0,953,0,0,0,0,0,0,0,0
611,"07-D-50-24","GNT-D-50-Lakshmi-Panidam","Gorantla",660,660,0,0,660,0,0,0,0,200,0,0,200
612,"07-D-50-24","GNT-D-50-Lakshmi-Panidam","Bhatlur",896,896,0,0,896,0,0,0,0,400,0,0,400
613,"07-D-50-24","GNT-D-50-Lakshmi-Panidam","Panidam",2056,2056,0,0,2056,0,0,0,0,1050,0,0,1050
614,"07-D-50-5","GNT-D-50-Macherla-Macherrla","A.J.Madaka",648,647.99,0.01,0.01,648,0,0,0,0,0.01,0,0,0.01
615,"07-D-50-5","GNT-D-50-Macherla-Macherrla","Rayavaram",1913,0,0,0,0,1913,0,0,1913,0,0,0,0
616,"07-D-50-5","GNT-D-50-Macherla-Macherrla","Macherla",2062,0,0,0,0,1962,100,29,2062,0,0,0,0
617,"07-D-50-5","GNT-D-50-Macherla-Macherrla","Polepalle",1964,0,0,0,0,1268,696,0,1964,0,0,0,0
618,"07-D-50-5","GNT-D-50-Macherla-Macherrla","Atmakur",1710,0,0,0,0,1710,0,103,1710,0,0,0,0
619,"07-D-50-5","GNT-D-50-Macherla-Macherrla","Hill and Forest",9063,0,0,0,0,8237,826,8237,9063,0,0,0,0
620,"07-D-50-5","GNT-D-50-Macherla-Macherrla","Kandlakunta",5543,0,0,0,0,5423,120,2067,5543,0,0,0,0
621,"07-D-50-5","GNT-D-50-Macherla-Macherrla","Gundlapadu",2734,0,0,0,0,2734,0,404,2734,0,0,0,0
622,"07-D-50-5","GNT-D-50-Macherla-Macherrla","Ratchamillipadu",4704,0,0,0,0,4504,200,2289,4704,0,0,0,0
623,"07-D-50-5","GNT-D-50-Macherla-Macherrla","Mandadi",3881,0,0,0,0,3756,125,307,3881,0,0,0,0
624,"07-D-50-26","GNT-D-50 Mada-Pedakurapadu","Malladi",572,572,0,0,572,0,0,0,0,0,0,0.000001,0
625,"07-D-50-26","GNT-D-50 Mada-Pedakurapadu","Didugu",2352,2352,0,0,2352,0,0,0,0,0,0,0.000001,0
626,"07-D-50-26","GNT-D-50 Mada-Pedakurapadu","Lingapuram",582,582,0,0,582,0,0,0,0,0,0,0.000001,0
627,"07-D-50-26","GNT-D-50 Mada-Pedakurapadu","Daranikota",3548,3548,0,0,3548,0,0,0,0,0,0,0.000001,0
628,"07-D-50-26","GNT-D-50 Mada-Pedakurapadu","Amaravathi",1170,1170,0,0,1170,0,0,0,0,0,0,0.000001,0
629,"07-D-50-26","GNT-D-50 Mada-Pedakurapadu","Tallur",1255,1255,0,0,1255,0,0,0,0,0,0,0.000001,0
630,"07-D-50-26","GNT-D-50 Mada-Pedakurapadu","Kasipadu",454,454,0,0,454,0,0,0,0,0,0,0.000001,0
631,"07-D-50-26","GNT-D-50 Mada-Pedakurapadu","Balusupadu",1110,1110,0,0,1110,0,0,0,0,0,0,0.000001,0
632,"07-D-50-26","GNT-D-50 Mada-Pedakurapadu","Kambhampadu",746,746,0,0,746,0,0,0,0,0,0,0.000001,0
633,"07-D-50-26","GNT-D-50 Mada-Pedakurapadu","Jalalpuram",537,537,0,0,537,0,0,0,0,0,0,0.000001,0
634,"07-D-50-26","GNT-D-50 Mada-Pedakurapadu","Patibandla",1257,1257,0,0,1257,0,0,0,0,0,0,0.000001,0
635,"07-D-50-26","GNT-D-50 Mada-Pedakurapadu","Mussapuram",546,546,0,0,546,0,0,0,0,0,0,0.000001,0
636,"07-D-50-26","GNT-D-50 Mada-Pedakurapadu","Lingamguntla",1053,1053,0,0,1053,0,0,0,0,0,0,0.000001,0
637,"07-D-50-26","GNT-D-50 Mada-Pedakurapadu","Chinamakkena",281,281,0,0,281,0,0,0,0,0,0,0.000001,0
638,"07-D-50-26","GNT-D-50 Mada-Pedakurapadu","Pedakurapadu",3614,3614,0,0,3614,0,0,0,0,0,0,0.000001,0
639,"07-D-50-26","GNT-D-50 Mada-Pedakurapadu","Nandigama",1562,1562,0,0,1562,0,0,0,0,599.99999999,0,0.000001,600
640,"07-D-50-26","GNT-D-50 Mada-Pedakurapadu","Gudipudi",1783,1783,0,0,1783,0,0,0,0,799.99999999,0,0.000001,800
641,"07-D-50-26","GNT-D-50 Mada-Pedakurapadu","Pedamakkena",987,987,0,0,987,0,0,0,0,0,0,0.000001,0
642,"07-D-50-26","GNT-D-50 Mada-Pedakurapadu","Kantepudi",539,539,0,0,539,0,0,0,0,199.99999999,0,0.000001,200
643,"07-D-50-26","GNT-D-50 Mada-Pedakurapadu","Komerapudi",1237,1237,0,0,1237,0,0,0,0,699.99999999,0,0.000001,700
644,"07-D-50-26","GNT-D-50 Mada-Pedakurapadu","Takkellapadu",803,603,200,200,803,0,0,0,0,0,0,0.000001,0
645,"07-D-50-26","GNT-D-50 Mada-Pedakurapadu","Srirangipalem",457,457,0,0,457,0,0,0,0,0,0,0.000001,0
646,"07-D-50-26","GNT-D-50 Mada-Pedakurapadu","Korrapadu",1459,1459,0,0,1459,0,0,0,0,799.99999999,0,0.000001,800
647,"07-D-50-26","GNT-D-50 Mada-Pedakurapadu","Paladugu",1254,1254,0,0,1254,0,0,0,0,599.99999999,0,0.000001,600
648,"07-D-50-26","GNT-D-50 Mada-Pedakurapadu","Potlapadu",354,354,0,0,354,0,0,0,0,199.99999999,0,0.000001,200
649,"07-D-50-6","GNT-D-50-Nagarjuna-Macherla","Nagulavaram",7889,0,0,0,0,7698,191,5393,7889,0,0,0,0
650,"07-D-50-6","GNT-D-50-Nagarjuna-Macherla","Pasuvemula",3548,3348,200,2,3548,0,0,274,0,0,0,0,0
651,"07-D-50-6","GNT-D-50-Nagarjuna-Macherla","Tallapalle",1853,1578,275,463,1853,0,0,0,0,0,0,0,0
652,"07-D-50-6","GNT-D-50-Nagarjuna-Macherla","Kothapalle",2557,0,0,0,0,2557,0,0,2557,0,0,0,0
653,"07-D-50-6","GNT-D-50-Nagarjuna-Macherla","Koppunur",1093,0,0,0,0,933,160,194,1093,0,0,0,0
654,"07-D-50-6","GNT-D-50-Nagarjuna-Macherla","Hill and Forest",1896,0,0,0,0,1197,699,1197,1896,0,0,0,0
655,"07-D-50-6","GNT-D-50-Nagarjuna-Macherla","Damarapadu",456,456,0,144,456,0,0,0,0,0,0,0,0
656,"07-D-50-11","GNT-D-50-Naguleru-Dachepalle","Gogulapadu",1255,1255,0,0,1255,0,0,0,0,0,0,0,0
657,"07-D-50-11","GNT-D-50-Naguleru-Dachepalle","Ramapuram",1459,1209,250,78,1459,0,0,0,0,0,0,0,0
658,"07-D-50-11","GNT-D-50-Naguleru-Dachepalle","Gamalapadu",2135,2135,0,0,2135,0,0,0,0,0,0,0,0
659,"07-D-50-11","GNT-D-50-Naguleru-Dachepalle","Dachepalle",3359,3159,200,1183,3359,0,0,0,0,0,0,0,0
660,"07-D-50-11","GNT-D-50-Naguleru-Dachepalle","Nadikudi",1996,1996,0,0,1996,0,0,0,0,0,0,0,0
661,"07-D-50-11","GNT-D-50-Naguleru-Dachepalle","Alugumallipadu",378,378,0,0,378,0,0,0,0,0,0,0,0
662,"07-D-50-11","GNT-D-50-Naguleru-Dachepalle","Sankarapuram",1421,1421,0,0,1421,0,0,0,0,0,0,0,0
663,"07-D-50-11","GNT-D-50-Naguleru-Dachepalle","Chinakodamagundla",825,825,0,0,825,0,0,0,0,0,0,0,0
664,"07-D-50-11","GNT-D-50-Naguleru-Dachepalle","Chintapalli",1802,1802,0,0,1802,0,0,0,0,0,0,0,0
665,"07-D-50-11","GNT-D-50-Naguleru-Dachepalle","V.L.Puram",222,222,0,0,222,0,0,0,0,0,0,0,0
666,"07-D-50-11","GNT-D-50-Naguleru-Dachepalle","Karempudi",1726,1726,0,0,1726,0,0,0,0,0,0,0,0
667,"07-D-50-11","GNT-D-50-Naguleru-Dachepalle","Petasanigandla",1683,1683,0,92,1683,0,0,0,0,0,0,0,0
668,"07-D-50-11","GNT-D-50-Naguleru-Dachepalle","Singarutla",1606,0,0,0,0,1606,0,0,1606,0,0,0,0
669,"07-D-50-11","GNT-D-50-Naguleru-Dachepalle","Bollapally_ Kakirala hill & forest",7242,0,0,0,0,4342,2900,4342,7242,0,0,0,0
670,"07-D-50-11","GNT-D-50-Naguleru-Dachepalle","Ayyannapalem",2649,0,0,0,0,2432,217,230,2649,0,0,0,0
671,"07-D-50-11","GNT-D-50-Naguleru-Dachepalle","Mellavagu",1065,0,0,0,0,1065,0,0,1065,0,0,0,0
672,"07-D-50-17","GNT-D-50-Narasing-Narasingapadu","Nemalipuri",2288,1908,380,0.001,2288,0,0,0,0,0,0,0,0
673,"07-D-50-17","GNT-D-50-Narasing-Narasingapadu","Kubadpuram",558,558,0,16,558,0,0,0,0,0,0,0,0
674,"07-D-50-17","GNT-D-50-Narasing-Narasingapadu","Guttikonda hill & Forest",3500,2000,1500,2000,3500,0,0,0,0,0,0,0,0
675,"07-D-50-17","GNT-D-50-Narasing-Narasingapadu","Gundlapalli",2497,2497,0,1008,2497,0,0,0,0,0,0,0,0
676,"07-D-50-17","GNT-D-50-Narasing-Narasingapadu","Narasingapadu",512,512,0,0.001,512,0,0,0,0,0,0,0,0
677,"07-D-50-17","GNT-D-50-Narasing-Narasingapadu","Tripurapuram",177,177,0,0,177,0,0,0,0,0,0,0,0
678,"07-D-50-28","GNT-D-50-Pedda-1-Guntur","Ainavolu",484,483.999,0.001,0.001,484,0,0,0,0,483.99999999,0,0.000001,484
679,"07-D-50-28","GNT-D-50-Pedda-1-Guntur","Penumaka",884,883.999,0.001,0.001,884,0,0,0,0,0,0,0.000001,0.000001
680,"07-D-50-28","GNT-D-50-Pedda-1-Guntur","Undavalli",1305,1305,0,26,1305,0,0,0,0,0,0,0.000001,0.000001
681,"07-D-50-28","GNT-D-50-Pedda-1-Guntur","Kuragallu",1434,1433.999,0.001,0.001,1434,0,0,0,0,0,0,0.000001,0
682,"07-D-50-28","GNT-D-50-Pedda-1-Guntur","Krishnyapalem",635,634.999,0.001,0.001,635,0,0,0,0,0,0,0.000001,0.000001
683,"07-D-50-28","GNT-D-50-Pedda-1-Guntur","Nowlur",2091,2090.999,0.001,0.001,2091,0,0,0,0,0,0,0.000001,0.000001
684,"07-D-50-28","GNT-D-50-Pedda-1-Guntur","Nidamarru",1131,1130.999,0.001,0.001,1131,0,0,0,0,0,0,0.000001,0
685,"07-D-50-28","GNT-D-50-Pedda-1-Guntur","Tadikonda",5179,5178.999,0.001,0.001,5179,0,0,0,0,3499.99999999,0,0.000001,3500
686,"07-D-50-28","GNT-D-50-Pedda-1-Guntur","Ponekallu",1546,1545.999,0.001,0.001,1546,0,0,0,0,599.99999999,0,0.000001,600
687,"07-D-50-28","GNT-D-50-Pedda-1-Guntur","Bandarupalle",1930,1929.999,0.001,0.001,1930,0,0,0,0,1929.99999999,0,0.000001,1930
688,"07-D-50-28","GNT-D-50-Pedda-1-Guntur","Damarapalle",1168,1167.999,0.001,0.001,1168,0,0,0,0,1167.99999999,0,0.000001,1168
689,"07-D-50-28","GNT-D-50-Pedda-1-Guntur","Lam",1208,1207.999,0.001,0.001,1208,0,0,0,0,1207.99999999,0,0.000001,1208
690,"07-D-50-28","GNT-D-50-Pedda-1-Guntur","Kantheru",1486,1485.999,0.001,0.001,1486,0,0,0,0,499.99999999,0,0.000001,500
691,"07-D-50-28","GNT-D-50-Pedda-1-Guntur","Perecherla",1667,1517,150,0.001,1667,0,0,0,0,599.99999999,0,0.000001,600
692,"07-D-50-28","GNT-D-50-Pedda-1-Guntur","Perecherla RF",150,80,70,80,150,0,0,0,0,0,0,0.000001,0.000001
693,"07-D-50-28","GNT-D-50-Pedda-1-Guntur","Chinapalakaluru",1042,992,50,0.001,1042,0,0,0,0,299.99999999,0,0.000001,300
694,"07-D-50-28","GNT-D-50-Pedda-1-Guntur","Pedapalakalueu",1784,1684,100,0.001,1784,0,0,0,0,499.99999999,0,0.000001,500
695,"07-D-50-28","GNT-D-50-Pedda-1-Guntur","Jonnalagadda",917,916.999,0.001,0.001,917,0,0,0,0,916.99999999,0,0.000001,917
696,"07-D-50-28","GNT-D-50-Pedda-1-Guntur","Gorantla",1424,1423.999,0.001,0.001,1424,0,0,0,0,1423.99999999,0,0.000001,1424
697,"07-D-50-15","GNT-D-50-Ralla-Machavaram","Bhatrupalem",2905,1472,1433,0,2905,0,0,0,0,0,0,0,0
698,"07-D-50-15","GNT-D-50-Ralla-Machavaram","Madinapadu",1823,1823,0,138,1823,0,0,0,0,0,0,0,0
699,"07-D-50-15","GNT-D-50-Ralla-Machavaram","Tangeda",4083,3762,321,0,4083,0,0,0,0,0,0,0,0
700,"07-D-50-15","GNT-D-50-Ralla-Machavaram","Mutyalampadu",576,576,0,0,576,0,0,0,0,0,0,0,0
701,"07-D-50-15","GNT-D-50-Ralla-Machavaram","Madinapadu forest",1500,1500,0,0,1500,0,0,0,0,0,0,0,0
702,"07-D-50-15","GNT-D-50-Ralla-Machavaram","Chennayapalem",391,391,0,0,391,0,0,0,0,0,0,0,0
703,"07-D-50-15","GNT-D-50-Ralla-Machavaram","Tadutla",2391,2178,213,0,2391,0,0,0,0,0,0,0,0
704,"07-D-50-15","GNT-D-50-Ralla-Machavaram","Vemavaram",3617,3241,376,0,3617,0,0,0,0,0,0,0,0
705,"07-D-50-15","GNT-D-50-Ralla-Machavaram","Machavaram",1416,1416,0,0,1416,0,0,0,0,0,0,0,0
706,"07-D-50-15","GNT-D-50-Ralla-Machavaram","Pinnelli",4120,4020,100,0,4120,0,0,0,0,0,0,0,0
707,"07-D-50-15","GNT-D-50-Ralla-Machavaram","Tummalacheruvu",2578,2578,0,0,2578,0,0,0,0,0,0,0,0
708,"07-D-50-15","GNT-D-50-Ralla-Machavaram","Kamepalli",1581,1581,0,0,1581,0,0,0,0,0,0,0,0
709,"07-D-50-15","GNT-D-50-Ralla-Machavaram","Peda agraharam",476,476,0,0,476,0,0,0,0,0,0,0,0
710,"07-D-50-15","GNT-D-50-Ralla-Machavaram","Karalapadu",2064,2064,0,0,2064,0,0,0,0,0,0,0,0
711,"07-D-50-15","GNT-D-50-Ralla-Machavaram","China Agraharam",426,426,0,0,426,0,0,0,0,0,0,0,0
712,"07-D-50-13","GNT-D-50- Voppi-Voppicherla","Pedakodamagundla",1913,1913,0,0.001,1913,0,0,0.00001,0,0,0,0,0
713,"07-D-50-13","GNT-D-50- Voppi-Voppicherla","Voppicherla",2057,2057,0,0.001,2057,0,0,0.00001,0,0,0,0,0
714,"07-D-50-13","GNT-D-50- Voppi-Voppicherla","Kakirala hill & forest",1400,0,0,0.001,0,600,800,600,1400,0,0,0,0
715,"07-C-54-61","GNT_C_54_Bapatla","Gopapuram",592,592,0,0,592,0,0,0,0,591.99999999,0,0.000001,592
716,"07-C-54-61","GNT_C_54_Bapatla","Poondla",1112,1112,0,0,1112,0,0,0,0,799.99999999,0,0.000001,800
717,"07-C-54-61","GNT_C_54_Bapatla","Etheru",680,680,0,0,680,0,0,0,0,679.99999999,0,0.000001,680
718,"07-C-54-61","GNT_C_54_Bapatla","Palaparthipadu",90,90,0,0,90,0,0,0,0,49.99999999,0,0.000001,50
719,"07-C-54-61","GNT_C_54_Bapatla","Gudipudi",270,270,0,0,270,0,0,0,0,149.99999999,0,0.000001,150
720,"07-C-54-61","GNT_C_54_Bapatla","Neredupalli",371,371,0,0,371,0,0,0,0,279.99999999,0,0.000001,280
721,"07-C-54-61","GNT_C_54_Bapatla","Bharthipudi",225,225,0,0,225,0,0,0,0,99.99999999,0,0.000001,100
722,"07-C-54-61","GNT_C_54_Bapatla","Appikatla",791,791,0,0,791,0,0,0,0,449.99999999,0,0.000001,450
723,"07-C-54-61","GNT_C_54_Bapatla","Velicherla",333,333,0,0,333,0,0,0,0,332.99999999,0,0.000001,333
724,"07-D-50-4","GNT-D-50-Chandra-Mutukur","Kolagutla",6480,,,,,5668,812,4301,6480,,,,
725,"07-D-50-5","GNT-D-50-Chandra-Mutukur","Mutukur",13192,,,,,11424,1768,11424,13192,,,,
726,"07-D-50-6","GNT-D-50-Chandra-Mutukur","Uppalapadu",1463,,,,,857,606,269,1463,,,,
727,"07-D-50-7","GNT-D-50-Chandra-Mutukur","Veldurthi",4705,,,,,3287,1418,1215,4705,,,,
728,"07-D-50-8","GNT-D-50-Chandra-Mutukur","Patlaveedu",2710,,,,,2710,0,0,2710,,,,
729,"07-D-50-9","GNT-D-50-Chandra-Mutukur","Hill &Forest",3863,,,,,2663,1200,2663,3863,,,,
730,"07-D-50-19","GNT-D-50-Chintala-Taduvoy","Madinpadu Agraharam",218,,,,,218,0,0,218,,,,
731,"07-D-50-19","GNT-D-50-Chintala-Taduvoy","Madinpadu Seri",632,,,,,632,0,162,632,,,,
732,"07-D-50-19","GNT-D-50-Chintala-Taduvoy","Ginjupalli",437,,,,,437,0,162,437,,,,
733,"07-D-50-19","GNT-D-50-Chintala-Taduvoy","Challagariga",288,,,,,288,0,0,288,,,,
734,"07-D-50-19","GNT-D-50-Chintala-Taduvoy","Taduvoy",421,,,,,421,0,0,421,,,,
735,"07-D-50-19","GNT-D-50-Chintala-Taduvoy","Pullichintala",161,,,,,161,0,8,161,,,,
736,"07-D-50-19","GNT-D-50-Chintala-Taduvoy","Venkatayapalem",567,,,,,567,0,0,567,,,,
737,"07-D-50-19","GNT-D-50-Chintala-Taduvoy","Venkatayapallem Hill & Forest area",20488,,,,,5030,15458,5030,20488,,,,
738,"07-D-50-2","GNT-D-50-Jakkulagundam","Hill &Forest",7200,,,,,3200,4000,3200,7200,,,,
739,"07-D-50-1","GNT-D-50-Jerri-Sirigiripadu","Sirigiripadu",8228,,,,,6037,2191,5773,8228,,,,
740,"07-D-50-1","GNT-D-50-Jerri-Sirigiripadu","Gottipalla",7051,,,,,4848,2203,4781,7051,,,,
741,"07-D-50-1","GNT-D-50-Jerri-Sirigiripadu","Hill&Forest",7021,,,,,4021,3000,4021,7021,,,,
742,"07-D-50-3","GNT-D-50-Munigundla-Vijayapuri South","K.P.Gudem",5540,,,,,3690,1850,1890,5540,,,,
743,"07-D-50-3","GNT-D-50-Munigundla-Vijayapuri South","Vijayapurisouth",516,,,,,516,0,0,516,,,,
744,"07-D-50-3","GNT-D-50-Munigundla-Vijayapuri South","Macherla Hill and Forest",9260,,,,,5640,3620,5640,9260,,,,
745,"07-D-50-14","GNT-D-50-Remidicherla","Gummanampadu",2414,,,,,2414,0,0,2414,,,,
746,"07-D-50-14","GNT-D-50-Remidicherla","Remidicherla",2326,,,,,2326,0,8,2326,,,,
747,"07-D-50-14","GNT-D-50-Remidicherla","Garikapadu",3032,,,,,3032,0,9,3032,,,,
748,"07-D-50-14","GNT-D-50-Remidicherla","Bollapalli_Guttikonda Hill&R.F",2559,,,,,1559,1000,1559,2559,,,,
749,"07-D-50-21","GNT-D-50-Isuka-1-Krosur","Chandrajupalem",1318,1318,0,0,1318,0,0,0,0,0,0,0,0
750,"07-D-50-21","GNT-D-50-Isuka-1-Krosur","Dodleru",2382,2382,0,83,2382,0,0,0,0,0,0,0,0
751,"07-D-50-21","GNT-D-50-Isuka-1-Krosur","Vuyyandana",1383,1383,0,136,1383,0,0,0,0,0,0,0,0
752,"07-D-50-21","GNT-D-50-Isuka-1-Krosur","Anathavaram",1030,1030,0,0,1030,0,0,0,0,0,0,0,0
753,"07-D-50-21","GNT-D-50-Isuka-1-Krosur","Krosuru",2431,2431,0,0,2431,0,0,0,0,0,0,0,0
754,"07-D-50-21","GNT-D-50-Isuka-1-Krosur","Thalluru",1085,1085,0,0,1085,0,0,0,0,0,0,0,0
755,"07-D-50-21","GNT-D-50-Isuka-1-Krosur","Gudipadu",1828,1828,0,0,1828,0,0,0,0,0,0,0,0
756,"07-D-50-21","GNT-D-50-Isuka-1-Krosur","Garikapadu",569,569,0,0,569,0,0,0,0,0,0,0,0
757,"07-D-50-21","GNT-D-50-Isuka-1-Krosur","Hasanabad",748,748,0,0,748,0,0,0,0,0,0,0,0
758,"07-D-50-21","GNT-D-50-Isuka-1-Krosur","Venkatapalem Forest",1998,1548,450,1548,1998,0,0,0,0,0,0,0,0
759,"07-C-55-45","GNT-C-55-Konda-Vatticherukuru","Kondaveedu Hill & Forest",450,150,300,150,450,0,0,0,0,-0.009999,0.01,0.1,0.000001
760,"07-C-55-45","GNT-C-55-Konda-Vatticherukuru","Etukuru",1186,1186,0,0,1186,0,0,0,0,1186,0,0,1186
761,"07-C-55-45","GNT-C-55-Konda-Vatticherukuru","Ankireddypalem",2421,2421,0,0,2421,0,0,0,0,1200,0,0,1200
762,"07-C-55-45","GNT-C-55-Konda-Vatticherukuru","Potturu",1398,948,450,500,1398,0,0,0,0,0.000001,0,0,0.000001
763,"07-C-55-45","GNT-C-55-Konda-Vatticherukuru","Chowdavaram",1419,1419,0,0,1419,0,0,0,0,0.000001,0,0,0.000001
764,"07-C-55-45","GNT-C-55-Konda-Vatticherukuru","Godavarru",1025,1025,0,0,1025,0,0,0,0,1025,0,0,1025
765,"07-C-55-45","GNT-C-55-Konda-Vatticherukuru","Vadlamudi",1518,1518,0,0,1518,0,0,0,0,0.000001,0,0,0.000001
766,"07-C-55-45","GNT-C-55-Konda-Vatticherukuru","Srirangapuram",250,250,0,0,250,0,0,0,0,0.000001,0,0,0.000001
767,"07-C-55-45","GNT-C-55-Konda-Vatticherukuru","Chebrolu",2125,2125,0,0,2125,0,0,0,0,0.000001,0,0,0.000001
768,"07-C-55-45","GNT-C-55-Konda-Vatticherukuru","Patareddypalem",2047,2047,0,0,2047,0,0,0,0,0.000001,0,0,0.000001
769,"07-C-55-45","GNT-C-55-Konda-Vatticherukuru","Manchala",318,318,0,0,318,0,0,0,0,318,0,0,318
770,"07-C-55-45","GNT-C-55-Konda-Vatticherukuru","Kornepadu",1751,1751,0,0,1751,0,0,0,0,1751,0,0,1751
771,"07-C-55-45","GNT-C-55-Konda-Vatticherukuru","Ananthavarappadu",1030,1030,0,0,1030,0,0,0,0,1030,0,0,1030
772,"07-C-55-45","GNT-C-55-Konda-Vatticherukuru","Chamallamudi",1023,1023,0,0,1023,0,0,0,0,1023,0,0,1023
773,"07-C-55-45","GNT-C-55-Konda-Vatticherukuru","Kurunuthala",780,780,0,0,780,0,0,0,0,780,0,0,780
774,"07-C-55-45","GNT-C-55-Konda-Vatticherukuru","Garapadu",671,671,0,0,671,0,0,0,0,671,0,0,671
775,"07-C-55-45","GNT-C-55-Konda-Vatticherukuru","Yamarru",650,650,0,0,650,0,0,0,0,650,0,0,650
776,"07-C-55-45","GNT-C-55-Konda-Vatticherukuru","Katrapadu",510,510,0,0,510,0,0,0,0,510,0,0,510
777,"07-C-55-45","GNT-C-55-Konda-Vatticherukuru","Vatticherukuru",1559,1559,0,0,1559,0,0,0,0,1559,0,0,1559
778,"07-C-55-45","GNT-C-55-Konda-Vatticherukuru","Lemallepadu",305,305,0,0,305,0,0,0,0,305,0,0,305
779,"07-C-55-45","GNT-C-55-Konda-Vatticherukuru","Kovelamudi",621,621,0,0,621,0,0,0,0,621,0,0,621
780,"07-C-55-45","GNT-C-55-Konda-Vatticherukuru","Karempudipadu",478,478,0,0,478,0,0,0,0,478,0,0,478
781,"07-C-55-45","GNT-C-55-Konda-Vatticherukuru","Mutluru",1386,1386,0,0,1386,0,0,0,0,1386,0,0,1386
782,"07-C-55-45","GNT-C-55-Konda-Vatticherukuru","Pallapadu",1454,1454,0,0,1454,0,0,0,0,1454,0,0,1454
783,"07-C-55-45","GNT-C-55-Konda-Vatticherukuru","Enamadala",2469,2469,0,0,2469,0,0,0,0,2469,0,0,2469
784,"07-C-55-45","GNT-C-55-Konda-Vatticherukuru","Kondepadu",482,482,0,0,482,0,0,0,0,482,0,0,482
785,"07-C-55-45","GNT-C-55-Konda-Vatticherukuru","Mallayapalem",1460,1460,0,0,1460,0,0,0,0,1460,0,0,1460
786,"07-C-55-45","GNT-C-55-Konda-Vatticherukuru","Vangipuram",1918,1918,0,0,1918,0,0,0,0,1918,0,0,1918
787,"07-C-55-45","GNT-C-55-Konda-Vatticherukuru","Vallur",2571,2571,0,0,2571,0,0,0,0,2571,0,0,2571
788,"07-C-55-45","GNT-C-55-Konda-Vatticherukuru","Kollimarla",1442,1442,0,0,1442,0,0,0,0,1442,0,0,1442
789,"07-C-55-45","GNT-C-55-Konda-Vatticherukuru","Pandrapadu",333,333,0,0,333,0,0,0,0,333,0,0,333
