,,,,"CA","NCA","PQA",
,,,,"Industrial","Industrial","Industrial",
"Sr.no","Watershed code","GW watershed name","village name","Industrial Wells","Industrial Wells","Industrial Wells","Total "
2,"07-C-54-60","GNT_C_54_Amarthaluru","Kuchipudi",0,0,0.01,0.01
3,"07-C-54-60","GNT_C_54_Amarthaluru","Mulpur",0,0,0,0
4,"07-C-54-60","GNT_C_54_Amarthaluru","Pedapudi",0,0,0,0
5,"07-C-54-60","GNT_C_54_Amarthaluru","Koditadiparru",0,0,0,0
6,"07-C-54-60","GNT_C_54_Amarthaluru","Moparru",0,0,0,0
7,"07-C-54-60","GNT_C_54_Amarthaluru","Turumella",0,0,0,0
8,"07-C-54-60","GNT_C_54_Amarthaluru","Amartaluru",2,0,0,2
9,"07-C-54-60","GNT_C_54_Amarthaluru","Panchalavaram",0,0,0,0
10,"07-C-54-60","GNT_C_54_Amarthaluru","Govada",0,0,0,0
11,"07-C-54-60","GNT_C_54_Amarthaluru","Yalavarru",0,0,0,0
12,"07-C-54-60","GNT_C_54_Amarthaluru","Intur",0,0,0,0
13,"07-C-54-60","GNT_C_54_Amarthaluru","Pyapparru",0,0,0,0
14,"07-C-54-60","GNT_C_54_Amarthaluru","Bodapadu",0,0,0,0
15,"07-C-54-61","GNT_C_54_Bapatla","Gopapuram",0,0,0,0
16,"07-C-54-61","GNT_C_54_Bapatla","Poondla",0,0,0,0
17,"07-C-54-61","GNT_C_54_Bapatla","Etheru",0,0,0,0
18,"07-C-54-61","GNT_C_54_Bapatla","Palaparthipadu",0,0,0,0
19,"07-C-54-61","GNT_C_54_Bapatla","Gudipudi",0,0,0,0
20,"07-C-54-61","GNT_C_54_Bapatla","Neredupalli",0,0,0,0
21,"07-C-54-61","GNT_C_54_Bapatla","Bharthipudi",0,0,0,0
22,"07-C-54-61","GNT_C_54_Bapatla","Appikatla",0,0,0,0
23,"07-C-54-61","GNT_C_54_Bapatla","Velicherla",0,0,0,0
24,"07-C-54-48","GNT_C_54_Bhattiprollu","Sivangulapalem",0,0,0,0
25,"07-C-54-48","GNT_C_54_Bhattiprollu","Addepalli",0,0,0,0
26,"07-C-54-48","GNT_C_54_Bhattiprollu","Vellaturu",0,0,0,0
27,"07-C-54-48","GNT_C_54_Bhattiprollu","Pesaralanka",0,0,0,0
28,"07-C-54-48","GNT_C_54_Bhattiprollu","Pedalanka",0,0,0,0
29,"07-C-54-48","GNT_C_54_Bhattiprollu","Oleru",0,0,0,0
30,"07-C-54-48","GNT_C_54_Bhattiprollu","Gorigapudi",0,0,0,0
31,"07-C-54-48","GNT_C_54_Bhattiprollu","Pedapulivarru",0,0,0,0
32,"07-C-54-48","GNT_C_54_Bhattiprollu","Surepalle",0,0,0,0
33,"07-C-54-48","GNT_C_54_Bhattiprollu","Konetipuram",0,0,0,0
34,"07-C-54-48","GNT_C_54_Bhattiprollu","Pallekona",0,0,0,0
35,"07-C-54-48","GNT_C_54_Bhattiprollu","Bhattiprolu",0,0,0,0
36,"07-C-54-47","GNT-C-54-Cherukupalli","Rambhotlapalem",0,0,0,0
37,"07-C-54-47","GNT-C-54-Cherukupalli","Kavur",0,0,0,0
38,"07-C-54-47","GNT-C-54-Cherukupalli","Arumbaka",0,0,0,0
39,"07-C-54-47","GNT-C-54-Cherukupalli","Ponnpalli",0,0,0,0
40,"07-C-54-47","GNT-C-54-Cherukupalli","Nadimpalli",0,0,0,0
41,"07-C-54-47","GNT-C-54-Cherukupalli","Gudavalli",0,0,0,0
42,"07-C-54-47","GNT-C-54-Cherukupalli","Kanagala",0,0,0,0
43,"07-C-54-47","GNT-C-54-Cherukupalli","Rajavolu",0,0,0,0
44,"07-C-54-47","GNT-C-54-Cherukupalli","Arepalli",0,0,0,0
45,"07-C-54-47","GNT-C-54-Cherukupalli","Balusulapalem",0,0,0,0
46,"07-C-54-62","GNT-C-54-Duggirala","Chiluvuru",3,0,0,3
47,"07-C-54-62","GNT-C-54-Duggirala","Tummapudi",4,0,0,4
48,"07-C-54-62","GNT-C-54-Duggirala","Srungarapuram",0,0,0,0
49,"07-C-54-62","GNT-C-54-Duggirala","Pedakonduru",0,0,0,0
50,"07-C-54-62","GNT-C-54-Duggirala","Godavarru",4,0,0,4
51,"07-C-54-62","GNT-C-54-Duggirala","Chinapalem",0,0,0,0
52,"07-C-54-62","GNT-C-54-Duggirala","Perikalapudi",0,0,0,0
53,"07-C-54-62","GNT-C-54-Duggirala","Morampudi",0,0,0,0
54,"07-C-54-62","GNT-C-54-Duggirala","K.Konduru",0,0,0,0
55,"07-C-54-62","GNT-C-54-Duggirala","Penumuli",0,0,0,0
56,"07-C-54-62","GNT-C-54-Duggirala","Duggirala",2,0,0,2
57,"07-C-54-62","GNT-C-54-Duggirala","Emani",0,0,0,0
58,"07-C-54-62","GNT-C-54-Duggirala","Chintalapudi",0,0,0,0
59,"07-C-54-62","GNT-C-54-Duggirala","Devarapalli Agraharam",0,0,0,0
60,"07-C-54-52","GNT-C-54-Karlapalem","Yazali",0,0,0,0
61,"07-C-54-52","GNT-C-54-Karlapalem","Bhuddam",0,0,0,0
62,"07-C-54-52","GNT-C-54-Karlapalem","Karlapalem",0,0,0,0
63,"07-C-54-52","GNT-C-54-Karlapalem","Ganapavaram",0,0,0,0
64,"07-C-54-52","GNT-C-54-Karlapalem","Pareli",0,0,0,0
65,"07-C-54-50","GNT-C-54-Kollipara","Vallabhapuram",0,0,0,0
66,"07-C-54-50","GNT-C-54-Kollipara","Munnangi",0,0,0,0
67,"07-C-54-50","GNT-C-54-Kollipara","Dhanthaluru",0,0,0,0
68,"07-C-54-50","GNT-C-54-Kollipara","Kunchavaram",0,0,0,0
69,"07-C-54-50","GNT-C-54-Kollipara","Athota",0,0,0,0
70,"07-C-54-50","GNT-C-54-Kollipara","Siripuram",0,0,0,0
71,"07-C-54-50","GNT-C-54-Kollipara","Chivaluru",0,0,0,0
72,"07-C-54-50","GNT-C-54-Kollipara","Pidaparru",0,0,0,0
73,"07-C-54-50","GNT-C-54-Kollipara","Kollipara",0,0,0,0
74,"07-C-54-50","GNT-C-54-Kollipara","Bommuvaripalem",0,0,0,0
75,"07-C-54-50","GNT-C-54-Kollipara","Annavaram",0,0,0,0
76,"07-C-54-50","GNT-C-54-Kollipara","Thumuluru",0,0,0,0
77,"07-C-54-50","GNT-C-54-Kollipara","Davuluru",0,0,0,0
78,"07-C-54-50","GNT-C-54-Kollipara","Chemudupadu",0,0,0,0
79,"07-C-54-49","GNT-C-54-Kolluru","Ananthavaram",0,0,0,0
80,"07-C-54-49","GNT-C-54-Kolluru","Chilumuru",0,0,0,0
81,"07-C-54-49","GNT-C-54-Kolluru","Ipur",0,0,0,0
82,"07-C-54-49","GNT-C-54-Kolluru","Gajullanka",0,0,0,0
83,"07-C-54-49","GNT-C-54-Kolluru","Pedalanka",0,0,0,0
84,"07-C-54-49","GNT-C-54-Kolluru","Kollur",0,0,0,0
85,"07-C-54-49","GNT-C-54-Kolluru","Boddulurupadu",0,0,0,0
86,"07-C-54-49","GNT-C-54-Kolluru","Ravikampadu",0,0,0,0
87,"07-C-54-49","GNT-C-54-Kolluru","Gurivindapalle",0,0,0,0
88,"07-C-54-49","GNT-C-54-Kolluru","Chinapulivarru",0,0,0,0
89,"07-C-54-49","GNT-C-54-Kolluru","Donepudi",0,0,0,0
90,"07-C-54-49","GNT-C-54-Kolluru","Potharlanka",0,0,0,0
91,"07-C-54-57","GNT-C-54-Nagaram","Peddavaram",0,0,0,0
92,"07-C-54-57","GNT-C-54-Nagaram","Thotapalle",0,0,0,0
93,"07-C-54-57","GNT-C-54-Nagaram","Dhulipudi",0,0,0,0
94,"07-C-54-57","GNT-C-54-Nagaram","Pamidimarru",0,0,0,0
95,"07-C-54-57","GNT-C-54-Nagaram","Eletipalem",0,0,0,0
96,"07-C-54-57","GNT-C-54-Nagaram","Nagaram",0,0,0,0
97,"07-C-54-57","GNT-C-54-Nagaram","Pudivada",0,0,0,0
98,"07-C-54-57","GNT-C-54-Nagaram","Siripudi",0,0,0,0
99,"07-C-54-57","GNT-C-54-Nagaram","Pedapalle",0,0,0,0
100,"07-C-54-57","GNT-C-54-Nagaram","Pedamatlapudi",0,0,0,0
101,"07-C-54-57","GNT-C-54-Nagaram","Edupalle",0,0,0,0
102,"07-C-54-57","GNT-C-54-Nagaram","Allaparru",0,0,0,0
103,"07-C-54-58","GNT-C-54-Nizampatnam","Nizampatnam",0,0,0,0
104,"07-C-54-58","GNT-C-54-Nizampatnam","Amudalapalle(With Marshes)",0,0,0,0
105,"07-C-54-58","GNT-C-54-Nizampatnam","Pregnam",0,0,0,0
106,"07-C-54-58","GNT-C-54-Nizampatnam","Muthupalle Agraharam",0,0,0,0
107,"07-C-54-58","GNT-C-54-Nizampatnam","Pallapatla",0,0,0,0
108,"07-C-54-58","GNT-C-54-Nizampatnam","Kuchinapudi",0,0,0,0
109,"07-C-54-58","GNT-C-54-Nizampatnam","Adavuladeevi(With Marshes)",0,0,0,0
110,"07-C-54-58","GNT-C-54-Nizampatnam","Dindi(Including Marshes)",0,0,0,0
111,"07-C-54-58","GNT-C-54-Nizampatnam","Nizampatnam forest",0,0,0,0
112,"07-C-54-59","GNT-C-54-Ponnuru","Jupudi",0,0,0,0
113,"07-C-54-59","GNT-C-54-Ponnuru","B. Kodur",0,0,0,0
114,"07-C-54-59","GNT-C-54-Ponnuru","Vellaluru",0,0,0,0
115,"07-C-54-59","GNT-C-54-Ponnuru","Mamillapalle",0,0,0,0
116,"07-C-54-59","GNT-C-54-Ponnuru","Aremanda",0,0,0,0
117,"07-C-54-59","GNT-C-54-Ponnuru","Dandamudi",0,0,0,0
118,"07-C-54-59","GNT-C-54-Ponnuru","Munipalle",0,0,0,0
119,"07-C-54-59","GNT-C-54-Ponnuru","P.T.Parru",0,0,0,0
120,"07-C-54-59","GNT-C-54-Ponnuru","Doppalapudi",0,0,0,0
121,"07-C-54-59","GNT-C-54-Ponnuru","Mannava",0,0,0,0
122,"07-C-54-59","GNT-C-54-Ponnuru","Upparapalem",0,0,0,0
123,"07-C-54-59","GNT-C-54-Ponnuru","Ponnur",0,0,0,0
124,"07-C-54-59","GNT-C-54-Ponnuru","Kondamudi",0,0,0,0
125,"07-C-54-59","GNT-C-54-Ponnuru","Jadavalli",0,0,0,0
126,"07-C-54-59","GNT-C-54-Ponnuru","Vaddimukkala",0,0,0,0
127,"07-C-54-59","GNT-C-54-Ponnuru","Chintalapudi",0,0,0,0
128,"07-C-54-59","GNT-C-54-Ponnuru","Vallabharaopalem",0,0,0,0
129,"07-C-54-59","GNT-C-54-Ponnuru","Nandur",0,0,0,0
130,"07-C-54-59","GNT-C-54-Ponnuru","Mulukuduru",0,0,0,0
131,"07-C-54-53","GNT-C-54-P.V.Palem","Komali",0,0,0,0
132,"07-C-54-53","GNT-C-54-P.V.Palem","Sangupalem Koduru",0,0,0,0
133,"07-C-54-53","GNT-C-54-P.V.Palem","Chandole",0,0,0,0
134,"07-C-54-53","GNT-C-54-P.V.Palem","Pittalavanipalem",0,0,0,0
135,"07-C-54-53","GNT-C-54-P.V.Palem","Khajipalem",0,0,0,0
136,"07-C-54-53","GNT-C-54-P.V.Palem","Alluru",0,0,0,0
137,"07-C-54-56","GNT-C-54-Repalle","Parisapadu",0,0,0,0
138,"07-C-54-56","GNT-C-54-Repalle","Karumuru",0,0,0,0
139,"07-C-54-56","GNT-C-54-Repalle","Bethapudi",0,0,0,0
140,"07-C-54-56","GNT-C-54-Repalle","Peteru",0,0,0,0
141,"07-C-54-56","GNT-C-54-Repalle","Penumudi",0,0,0,0
142,"07-C-54-56","GNT-C-54-Repalle","Chatragadda",0,0,0,0
143,"07-C-54-56","GNT-C-54-Repalle","Komarajugadda",0,0,0,0
144,"07-C-54-56","GNT-C-54-Repalle","Nalluru",0,0,0,0
145,"07-C-54-56","GNT-C-54-Repalle","Aravapalli",0,0,0,0
146,"07-C-54-56","GNT-C-54-Repalle","Repalle",0,0,0,0
147,"07-C-54-56","GNT-C-54-Repalle","Uuppudi",0,0,0,0
148,"07-C-54-56","GNT-C-54-Repalle","Isukapalle",0,0,0,0
149,"07-C-54-56","GNT-C-54-Repalle","Singupalem",0,0,0,0
150,"07-C-54-56","GNT-C-54-Repalle","Visweswaram",0,0,0,0
151,"07-C-54-56","GNT-C-54-Repalle","Chodayapalem",0,0,0,0
152,"07-C-54-56","GNT-C-54-Repalle","Kaithepalle",0,0,0,0
153,"07-C-54-56","GNT-C-54-Repalle","Pothumeraka(With Marshes area)",0,0,0,0
154,"07-C-54-56","GNT-C-54-Repalle","Gangadipalem(With Marshes area)",0,0,0,0
155,"07-C-54-55","GNT-C-54-Tenali","Kolakaluru",0,0,0,0
156,"07-C-54-55","GNT-C-54-Tenali","Devarapally",0,0,0,0
157,"07-C-54-55","GNT-C-54-Tenali","Nandivelugu",0,0,0,0
158,"07-C-54-55","GNT-C-54-Tenali","Kathevaram",0,0,0,0
159,"07-C-54-55","GNT-C-54-Tenali","Gudivada",0,0,0,0
160,"07-C-54-55","GNT-C-54-Tenali","Sangamjagarlamudi",0,0,0,0
161,"07-C-54-55","GNT-C-54-Tenali","Angalakuduru",0,0,0,0
162,"07-C-54-55","GNT-C-54-Tenali","Nelapadu",0,0,0,0
163,"07-C-54-55","GNT-C-54-Tenali","Burripalem",0,0,0,0
164,"07-C-54-55","GNT-C-54-Tenali","Chinaravuru",0,0,0,0
165,"07-C-54-55","GNT-C-54-Tenali","Pedaravuru",0,0,0,0
166,"07-C-54-55","GNT-C-54-Tenali","Pinapadu",0,0,0,0
167,"07-C-54-55","GNT-C-54-Tenali","Tenali",0,0,0,0
168,"07-C-54-54","GNT-C-54-Tsunduru","Edlapalle",0,0,0,0
169,"07-C-54-54","GNT-C-54-Tsunduru","Chinaparimi",0,0,0,0
170,"07-C-54-54","GNT-C-54-Tsunduru","Valiveru",0,0,0,0
171,"07-C-54-54","GNT-C-54-Tsunduru","Penugudurupadu",0,0,0,0
172,"07-C-54-54","GNT-C-54-Tsunduru","Kothapalli Narikellapadu",0,0,0,0
173,"07-C-54-54","GNT-C-54-Tsunduru","Thottempudi",0,0,0,0
174,"07-C-54-54","GNT-C-54-Tsunduru","Vetapalem",0,0,0,0
175,"07-C-54-54","GNT-C-54-Tsunduru","Tsunduru",0,0,0,0
176,"07-C-54-54","GNT-C-54-Tsunduru","Pedagadelavarru",0,0,0,0
177,"07-C-54-54","GNT-C-54-Tsunduru","Manduru",0,0,0,0
178,"07-C-54-54","GNT-C-54-Tsunduru","Alapadu",0,0,0,0
179,"07-C-54-54","GNT-C-54-Tsunduru","Modukuru",0,0,0,0
180,"07-C-54-51","GNT-C-54-Vemuru","Pulichintalapalem",0,0,0,0
181,"07-C-54-51","GNT-C-54-Vemuru","Jampani",0,0,0,0
182,"07-C-54-51","GNT-C-54-Vemuru","Chadalavada",0,0,0,0
183,"07-C-54-51","GNT-C-54-Vemuru","Kuchallapadu",0,0,0,0
184,"07-C-54-51","GNT-C-54-Vemuru","Varahapuram",0,0,0,0
185,"07-C-54-51","GNT-C-54-Vemuru","Vemuru",0,0,0,0
186,"07-C-54-51","GNT-C-54-Vemuru","Pothumarru",0,0,0,0
187,"07-C-54-51","GNT-C-54-Vemuru","Peravalipalem",0,0,0,0
188,"07-C-54-51","GNT-C-54-Vemuru","Peravali",0,0,0,0
189,"07-C-54-51","GNT-C-54-Vemuru","Chavali",0,0,0,0
190,"07-C-54-51","GNT-C-54-Vemuru","Balijepally",0,0,0,0
191,"07-C-54-51","GNT-C-54-Vemuru","Abbanagudavalli",0,0,0,0
192,"07-C-54-51","GNT-C-54-Vemuru","Penumarru",0,0,0,0
193,"07-C-55-37","GNT-C-55-Boddu-Velpuru","Gogulapadu",0,0,0,0
194,"07-C-55-37","GNT-C-55-Boddu-Velpuru","Alawala",0,0,0,0
195,"07-C-55-37","GNT-C-55-Boddu-Velpuru","Thurumella",0,0,0,0
196,"07-C-55-37","GNT-C-55-Boddu-Velpuru","Annavarappadu",0,0,0,0
197,"07-C-55-37","GNT-C-55-Boddu-Velpuru","Velpuru",0,0,0,0
198,"07-C-55-42","GNT-C-55-Isuka-2-Kondaveedu","Talluru",0,0,0,0
199,"07-C-55-42","GNT-C-55-Isuka-2-Kondaveedu","Bethapudi",0,0,0,0
200,"07-C-55-42","GNT-C-55-Isuka-2-Kondaveedu","Vemavaram",0,0,0,0
201,"07-C-55-42","GNT-C-55-Isuka-2-Kondaveedu","Phyrangipuram",0,0,0,0
202,"07-C-55-42","GNT-C-55-Isuka-2-Kondaveedu","Havusuganesa",0,0,0,0
203,"07-C-55-42","GNT-C-55-Isuka-2-Kondaveedu","Repudi",0,0,0,0
204,"07-C-55-42","GNT-C-55-Isuka-2-Kondaveedu","Nudurupadu",0,0,0,0
205,"07-C-55-42","GNT-C-55-Isuka-2-Kondaveedu","Kondaveedu",0,0,0,0
206,"07-C-55-42","GNT-C-55-Isuka-2-Kondaveedu","Solasa",0,0,0,0
207,"07-C-55-42","GNT-C-55-Isuka-2-Kondaveedu","Chirumamilla",0,0,0,0
208,"07-C-55-45","GNT-C-55-Konda-Vatticherukuru","Kondaveedu Hill & Forest",0,0,0,0
209,"07-C-55-45","GNT-C-55-Konda-Vatticherukuru","Etukuru",0,0,0,0
210,"07-C-55-45","GNT-C-55-Konda-Vatticherukuru","Ankireddypalem",0,0,0,0
211,"07-C-55-45","GNT-C-55-Konda-Vatticherukuru","Potturu",0,0,0,0
212,"07-C-55-45","GNT-C-55-Konda-Vatticherukuru","Chowdavaram",0,0,0,0
213,"07-C-55-45","GNT-C-55-Konda-Vatticherukuru","Godavarru",0,0,0,0
214,"07-C-55-45","GNT-C-55-Konda-Vatticherukuru","Vadlamudi",0,0,0,0
215,"07-C-55-45","GNT-C-55-Konda-Vatticherukuru","Srirangapuram",0,0,0,0
216,"07-C-55-45","GNT-C-55-Konda-Vatticherukuru","Chebrolu",0,0,0,0
217,"07-C-55-45","GNT-C-55-Konda-Vatticherukuru","Patareddypalem",0,0,0,0
218,"07-C-55-45","GNT-C-55-Konda-Vatticherukuru","Manchala",0,0,0,0
219,"07-C-55-45","GNT-C-55-Konda-Vatticherukuru","Kornepadu",0,0,0,0
220,"07-C-55-45","GNT-C-55-Konda-Vatticherukuru","Ananthavarappadu",0,0,0,0
221,"07-C-55-45","GNT-C-55-Konda-Vatticherukuru","Chamallamudi",0,0,0,0
222,"07-C-55-45","GNT-C-55-Konda-Vatticherukuru","Kurunuthala",0,0,0,0
223,"07-C-55-45","GNT-C-55-Konda-Vatticherukuru","Garapadu",0,0,0,0
224,"07-C-55-45","GNT-C-55-Konda-Vatticherukuru","Yamarru",0,0,0,0
225,"07-C-55-45","GNT-C-55-Konda-Vatticherukuru","Katrapadu",0,0,0,0
226,"07-C-55-45","GNT-C-55-Konda-Vatticherukuru","Vatticherukuru",0,0,0,0
227,"07-C-55-45","GNT-C-55-Konda-Vatticherukuru","Lemallepadu",0,0,0,0
228,"07-C-55-45","GNT-C-55-Konda-Vatticherukuru","Kovelamudi",0,0,0,0
229,"07-C-55-45","GNT-C-55-Konda-Vatticherukuru","Karempudipadu",0,0,0,0
230,"07-C-55-45","GNT-C-55-Konda-Vatticherukuru","Mutluru",0,0,0,0
231,"07-C-55-45","GNT-C-55-Konda-Vatticherukuru","Pallapadu",0,0,0,0
232,"07-C-55-45","GNT-C-55-Konda-Vatticherukuru","Enamadala",0,0,0,0
233,"07-C-55-45","GNT-C-55-Konda-Vatticherukuru","Kondepadu",0,0,0,0
234,"07-C-55-45","GNT-C-55-Konda-Vatticherukuru","Mallayapalem",0,0,0,0
235,"07-C-55-45","GNT-C-55-Konda-Vatticherukuru","Vangipuram",0,0,0,0
236,"07-C-55-45","GNT-C-55-Konda-Vatticherukuru","Vallur",0,0,0,0
237,"07-C-55-45","GNT-C-55-Konda-Vatticherukuru","Kollimarla",0,0,0,0
238,"07-C-55-45","GNT-C-55-Konda-Vatticherukuru","Pandrapadu",0,0,0,0
239,"07-C-55-41","GNT-C-55-Nakka-Muppalla","Lakkarajugarlapadu",0,0,0,0
240,"07-C-55-41","GNT-C-55-Nakka-Muppalla","Palidevarlapadu",0,0,0,0
241,"07-C-55-41","GNT-C-55-Nakka-Muppalla","Narnepadu",0,0,0,0
242,"07-C-55-41","GNT-C-55-Nakka-Muppalla","L kurapadu",0,0,0,0
243,"07-C-55-41","GNT-C-55-Nakka-Muppalla","Erraguntlapadu",0,0,0,0
244,"07-C-55-41","GNT-C-55-Nakka-Muppalla","Merikapudi",0,0,0,0
245,"07-C-55-41","GNT-C-55-Nakka-Muppalla","Gundlapadu",0,0,0,0
246,"07-C-55-41","GNT-C-55-Nakka-Muppalla","Ponukupadu",0,0,0,0
247,"07-C-55-41","GNT-C-55-Nakka-Muppalla","Mydavolu",0,0,0,0
248,"07-C-55-41","GNT-C-55-Nakka-Muppalla","Vankayalapadu",4,0,0,4
249,"07-C-55-41","GNT-C-55-Nakka-Muppalla","Edlapadu",8,0,0,8
250,"07-C-55-41","GNT-C-55-Nakka-Muppalla","Timmapuram",5,0,0,5
251,"07-C-55-41","GNT-C-55-Nakka-Muppalla","Jaladi",0,0,0,0
252,"07-C-55-41","GNT-C-55-Nakka-Muppalla","Thurlapadu",0,0,0,0
253,"07-C-55-41","GNT-C-55-Nakka-Muppalla","Sandepudi",0,0,0,0
254,"07-C-55-41","GNT-C-55-Nakka-Muppalla","Satuluru",0,0,0,0
255,"07-C-55-41","GNT-C-55-Nakka-Muppalla","Chandavaram",0,0,0,0
256,"07-C-55-41","GNT-C-55-Nakka-Muppalla","Gorijavolu",0,0,0,0
257,"07-C-55-41","GNT-C-55-Nakka-Muppalla","Sankranthipadu",0,0,0,0
258,"07-C-55-41","GNT-C-55-Nakka-Muppalla","Tubadu",0,0,0,0
259,"07-C-55-41","GNT-C-55-Nakka-Muppalla","Nadendla",0,0,0,0
260,"07-C-55-41","GNT-C-55-Nakka-Muppalla","Dondapadu",0,0,0,0
261,"07-C-55-41","GNT-C-55-Nakka-Muppalla","Kukkapallevari palem",0,0,0,0
262,"07-C-55-41","GNT-C-55-Nakka-Muppalla","Gorijavoluguntapalem",0,0,0,0
263,"07-C-55-41","GNT-C-55-Nakka-Muppalla","Ravipadu",0,0,0,0
264,"07-C-55-41","GNT-C-55-Nakka-Muppalla","Pusulur",0,0,0,0
265,"07-C-55-41","GNT-C-55-Nakka-Muppalla","Katrapadu",0,0,0,0
266,"07-C-55-41","GNT-C-55-Nakka-Muppalla","Varagani",0,0,0,0
267,"07-C-55-41","GNT-C-55-Nakka-Muppalla","Rajupalem",0,0,0,0
268,"07-C-55-41","GNT-C-55-Nakka-Muppalla","Garikapadu",0,0,0,0
269,"07-C-55-41","GNT-C-55-Nakka-Muppalla","Bhallukanudupalem",0,0,0,0
270,"07-C-55-41","GNT-C-55-Nakka-Muppalla","Kakumanu",0,0,0,0
271,"07-C-55-41","GNT-C-55-Nakka-Muppalla","Kommur",0,0,0,0
272,"07-C-55-41","GNT-C-55-Nakka-Muppalla","Kondapaturu",0,0,0,0
273,"07-C-55-41","GNT-C-55-Nakka-Muppalla","Appapuram",0,0,0,0
274,"07-C-55-41","GNT-C-55-Nakka-Muppalla","Retur",0,0,0,0
275,"07-C-55-41","GNT-C-55-Nakka-Muppalla","Bodipalem",0,0,0,0
276,"07-C-55-41","GNT-C-55-Nakka-Muppalla","Jillellamudi",0,0,0,0
277,"07-C-55-39","GNT-C-55-Nalanda-Narasaraopet","Rupenaguntla",0,0,0,0
278,"07-C-55-39","GNT-C-55-Nalanda-Narasaraopet","Muppalla",0,0,0,0
279,"07-C-55-39","GNT-C-55-Nalanda-Narasaraopet","Gollapadu",0,0,0,0
280,"07-C-55-39","GNT-C-55-Nalanda-Narasaraopet","Kanuparru",0,0,0,0
281,"07-C-55-39","GNT-C-55-Nalanda-Narasaraopet","Irlapadu",0,0,0,0
282,"07-C-55-39","GNT-C-55-Nalanda-Narasaraopet","N.Agraharam",0,0,0,0
283,"07-C-55-39","GNT-C-55-Nalanda-Narasaraopet","Ganapavaram",0,0,0,0
284,"07-C-55-39","GNT-C-55-Nalanda-Narasaraopet","Pamidipadu Agraharam",0,0,0,0
285,"07-C-55-39","GNT-C-55-Nalanda-Narasaraopet","Mulakaluru",0,0,0,0
286,"07-C-55-39","GNT-C-55-Nalanda-Narasaraopet","Guntagarlapadu",0,0,0,0
287,"07-C-55-39","GNT-C-55-Nalanda-Narasaraopet","Ravipadu",0,0,0,0
288,"07-C-55-39","GNT-C-55-Nalanda-Narasaraopet","Ikkurru",0,0,0,0
289,"07-C-55-39","GNT-C-55-Nalanda-Narasaraopet","Lingamguntla",12,0,0,12
290,"07-C-55-39","GNT-C-55-Nalanda-Narasaraopet","Narasaraopet",22,0,0,22
291,"07-C-55-39","GNT-C-55-Nalanda-Narasaraopet","Jonnalagadda",6,0,0,6
292,"07-C-55-39","GNT-C-55-Nalanda-Narasaraopet","Pothavarppadu",0,0,0,0
293,"07-C-55-39","GNT-C-55-Nalanda-Narasaraopet","Kesanapalle",0,0,0,0
294,"07-C-55-39","GNT-C-55-Nalanda-Narasaraopet","Ellamanda",0,0,0,0
295,"07-C-55-39","GNT-C-55-Nalanda-Narasaraopet","Uppalapadu",0,0,0,0
296,"07-C-55-39","GNT-C-55-Nalanda-Narasaraopet","Govindapuram",0,0,0,0
297,"07-C-55-39","GNT-C-55-Nalanda-Narasaraopet","Kavuru",0,0,0,0
298,"07-C-55-39","GNT-C-55-Nalanda-Narasaraopet","Manukondavaripalem",0,0,0,0
299,"07-C-55-39","GNT-C-55-Nalanda-Narasaraopet","Veluru",0,0,0,0
300,"07-C-55-40","GNT-C-55-Nallama-Pedanandipadu","Pedanadipadu",0,0,0,0
301,"07-C-55-40","GNT-C-55-Nallama-Pedanandipadu","Annavaram",0,0,0,0
302,"07-C-55-40","GNT-C-55-Nallama-Pedanandipadu","Uppalapadu",0,0,0,0
303,"07-C-55-40","GNT-C-55-Nallama-Pedanandipadu","Palaparru",0,0,0,0
304,"07-C-55-40","GNT-C-55-Nallama-Pedanandipadu","Mulapalem",0,0,0,0
305,"07-C-55-40","GNT-C-55-Nallama-Pedanandipadu","Jammulapalem",0,0,0,0
306,"07-C-55-40","GNT-C-55-Nallama-Pedanandipadu","Cheruvu",0,0,0,0
307,"07-C-55-40","GNT-C-55-Nallama-Pedanandipadu","Narasayapelem",0,0,0,0
308,"07-C-55-40","GNT-C-55-Nallama-Pedanandipadu","Murukondapadu",0,0,0,0
309,"07-C-55-40","GNT-C-55-Nallama-Pedanandipadu","Kankatapalem",0,0,0,0
310,"07-C-55-40","GNT-C-55-Nallama-Pedanandipadu","Bapatla West",15,0,0,15
311,"07-C-55-40","GNT-C-55-Nallama-Pedanandipadu","Bapatla East",0,0,0,0
312,"07-C-55-40","GNT-C-55-Nallama-Pedanandipadu","Adivi",0,0,0,0
313,"07-C-55-40","GNT-C-55-Nallama-Pedanandipadu","M.P.Varipalem",0,0,0,0
314,"07-C-55-40","GNT-C-55-Nallama-Pedanandipadu","Forest and marshes",0,0,0,0
315,"07-C-55-46","GNT-C-55-Pedda-2-Mangalagiri","Tadepalle",0,0,0,0
316,"07-C-55-46","GNT-C-55-Pedda-2-Mangalagiri","Kunchanapalle",0,0,0,0
317,"07-C-55-46","GNT-C-55-Pedda-2-Mangalagiri","Kolanukonda",0,0,0,0
318,"07-C-55-46","GNT-C-55-Pedda-2-Mangalagiri","Vaddeswaram",0,0,0,0
319,"07-C-55-46","GNT-C-55-Pedda-2-Mangalagiri","Ippatam",0,0,0,0
320,"07-C-55-46","GNT-C-55-Pedda-2-Mangalagiri","Gundimeda",0,0,0,0
321,"07-C-55-46","GNT-C-55-Pedda-2-Mangalagiri","Chirravuru",0,0,0,0
322,"07-C-55-46","GNT-C-55-Pedda-2-Mangalagiri","Atmakur",0,0,0,0
323,"07-C-55-46","GNT-C-55-Pedda-2-Mangalagiri","Mangalagiri",10,0,0,10
324,"07-C-55-46","GNT-C-55-Pedda-2-Mangalagiri","Kaza",0,0,0,0
325,"07-C-55-46","GNT-C-55-Pedda-2-Mangalagiri","Chinakakani",0,0,0,0
326,"07-C-55-46","GNT-C-55-Pedda-2-Mangalagiri","Pedavadlapudi",0,0,0,0
327,"07-C-55-46","GNT-C-55-Pedda-2-Mangalagiri","Chinavadlapudi",0,0,0,0
328,"07-C-55-46","GNT-C-55-Pedda-2-Mangalagiri","Nutakki",2,0,0,2
329,"07-C-55-46","GNT-C-55-Pedda-2-Mangalagiri","Ramachandrapuram",0,0,0,0
330,"07-C-55-46","GNT-C-55-Pedda-2-Mangalagiri","Guntur",65,0,0,65
331,"07-C-55-46","GNT-C-55-Pedda-2-Mangalagiri","Budampadu",8,0,0,8
332,"07-C-55-46","GNT-C-55-Pedda-2-Mangalagiri","Nallapadu",5,0,0,5
333,"07-C-55-46","GNT-C-55-Pedda-2-Mangalagiri","Koppuravuru",0,0,0,0
334,"07-C-55-46","GNT-C-55-Pedda-2-Mangalagiri","Namburu",5,0,0,5
335,"07-C-55-46","GNT-C-55-Pedda-2-Mangalagiri","Pedakakani",5,0,0,5
336,"07-C-55-46","GNT-C-55-Pedda-2-Mangalagiri","Venigandla",0,0,0,0
337,"07-C-55-46","GNT-C-55-Pedda-2-Mangalagiri","Agatavarappadu",0,0,0,0
338,"07-C-55-46","GNT-C-55-Pedda-2-Mangalagiri","Takkellapadu",0,0,0,0
339,"07-C-55-46","GNT-C-55-Pedda-2-Mangalagiri","Uppalapadu",0,0,0,0
340,"07-C-55-46","GNT-C-55-Pedda-2-Mangalagiri","Devarayabhotlapalem",0,0,0,0
341,"07-C-55-46","GNT-C-55-Pedda-2-Mangalagiri","Tangellamudi",0,0,0,0
342,"07-C-55-46","GNT-C-55-Pedda-2-Mangalagiri","Anumarlapudi",0,0,0,0
343,"07-C-55-46","GNT-C-55-Pedda-2-Mangalagiri","Narakoduru",0,0,0,0
344,"07-C-55-46","GNT-C-55-Pedda-2-Mangalagiri","Vejendla",5,0,0,5
345,"07-C-55-46","GNT-C-55-Pedda-2-Mangalagiri","Suddapally",0,0,0,0
346,"07-C-55-46","GNT-C-55-Pedda-2-Mangalagiri","M. Ananthavaram",0,0,0,0
347,"07-C-55-46","GNT-C-55-Pedda-2-Mangalagiri","Sekuru",2,0,0,2
348,"07-C-55-44","GNT-C-55-Rama-Prathipadu","Kondaveedu Hill & Forest",0,0,0,0
349,"07-C-55-44","GNT-C-55-Rama-Prathipadu","Edulapalem",0,0,0,0
350,"07-C-55-44","GNT-C-55-Rama-Prathipadu","Prattipadu",0,0,0,0
351,"07-C-55-44","GNT-C-55-Rama-Prathipadu","Nadimpalem",2,0,0,2
352,"07-C-55-43","GNT-C-55-Tummala-Edlapadu","Kondaveedu Hill & Forest ",0,0,0,0
353,"07-C-55-43","GNT-C-55-Tummala-Edlapadu","Kondajagarlamudi",0,0,0,0
354,"07-C-55-43","GNT-C-55-Tummala-Edlapadu","Gottipadu",0,0,0,0
355,"07-C-55-43","GNT-C-55-Tummala-Edlapadu","Ganikapudi",0,0,0,0
356,"07-C-55-43","GNT-C-55-Tummala-Edlapadu","Marripalem",0,0,0,0
357,"07-C-55-43","GNT-C-55-Tummala-Edlapadu","Unnava",0,0,0,0
358,"07-C-55-43","GNT-C-55-Tummala-Edlapadu","Viswanadhuni Kandrika",0,0,0,0
359,"07-C-55-43","GNT-C-55-Tummala-Edlapadu","Karuchola",0,0,0,0
360,"07-C-55-43","GNT-C-55-Tummala-Edlapadu","Kopparru",0,0,0,0
361,"07-C-55-43","GNT-C-55-Tummala-Edlapadu","Annaparru",0,0,0,0
362,"07-C-55-38","GNT-C-55-Ura-Rompicherla","Dasaripalem",0,0,0,0
363,"07-C-55-38","GNT-C-55-Ura-Rompicherla","Annavaram",0,0,0,0
364,"07-C-55-38","GNT-C-55-Ura-Rompicherla","Romphicherla",0.001,0,0,0.001
365,"07-C-55-38","GNT-C-55-Ura-Rompicherla","Vipperlapalli Agraharam",0.001,0,0,0.001
366,"07-C-55-38","GNT-C-55-Ura-Rompicherla","Muthanapalli",0.001,0,0,0.001
367,"07-C-55-36","GNT-C-55-Vogeru-Chilakaluripet_Part-Ongole","Kunkalagunta",0,0,0,0
368,"07-C-55-36","GNT-C-55-Vogeru-Chilakaluripet_Part-Ongole","Palapadu",0,0,0,0
369,"07-C-55-36","GNT-C-55-Vogeru-Chilakaluripet_Part-Ongole","Kakani",0,0,0,0
370,"07-C-55-36","GNT-C-55-Vogeru-Chilakaluripet_Part-Ongole","Petlurivaripalem",0,0,0,0
371,"07-C-55-36","GNT-C-55-Vogeru-Chilakaluripet_Part-Ongole","Kondakavuru",0,0,0,0
372,"07-C-55-36","GNT-C-55-Vogeru-Chilakaluripet_Part-Ongole","Santhagudipadu",0,0,0,0
373,"07-C-55-36","GNT-C-55-Vogeru-Chilakaluripet_Part-Ongole","Vipparla",0,0,0,0
374,"07-C-55-36","GNT-C-55-Vogeru-Chilakaluripet_Part-Ongole","Machavaram",0,0,0,0
375,"07-C-55-36","GNT-C-55-Vogeru-Chilakaluripet_Part-Ongole","Nallagarlapadu",0,0,0,0
376,"07-C-55-36","GNT-C-55-Vogeru-Chilakaluripet_Part-Ongole","Edavalli",0,0,0,0
377,"07-C-55-36","GNT-C-55-Vogeru-Chilakaluripet_Part-Ongole","Pothavaram",0,0,0,0
378,"07-C-55-36","GNT-C-55-Vogeru-Chilakaluripet_Part-Ongole","Chilakaluripet",0,0,0,0
379,"07-C-55-36","GNT-C-55-Vogeru-Chilakaluripet_Part-Ongole","Gottipadu",0,0,0,0
380,"07-C-55-36","GNT-C-55-Vogeru-Chilakaluripet_Part-Ongole","Pasumarru",0,0,0,0
381,"07-C-55-36","GNT-C-55-Vogeru-Chilakaluripet_Part-Ongole","Chinapasumarru",0,0,0,0
382,"07-C-55-36","GNT-C-55-Vogeru-Chilakaluripet_Part-Ongole","Boppudi",0,0,0,0
383,"07-C-55-36","GNT-C-55-Vogeru-Chilakaluripet_Part-Ongole","Rajapeta",0,0,0,0
384,"07-C-55-36","GNT-C-55-Vogeru-Chilakaluripet_Part-Ongole","Murikipudi",0,0,0,0
385,"07-C-55-36","GNT-C-55-Vogeru-Chilakaluripet_Part-Ongole","Tatapudi",0,0,0,0
386,"07-C-55-36","GNT-C-55-Vogeru-Chilakaluripet_Part-Ongole","Kantevarikandrika",0,0,0,0
387,"07-C-57-33","GNT-C-57-Anga-Angalur","Bollapalle RF",0,0,0,0
388,"07-C-57-33","GNT-C-57-Anga-Angalur","Agnigundala",5,0,0,5
389,"07-C-57-33","GNT-C-57-Anga-Angalur","Angaluru",0,0,0,0
390,"07-C-57-33","GNT-C-57-Anga-Angalur","Kotcherla",0,0,0,0
391,"07-C-57-33","GNT-C-57-Anga-Angalur","Kondramutla",0,0,0,0
392,"07-C-57-33","GNT-C-57-Anga-Angalur","Dasullapalli",0,0,0,0
393,"07-C-57-35","GNT-C-57-Cheja-Chejerla","Hill and Forest",0,0,0,0
394,"07-C-57-35","GNT-C-57-Cheja-Chejerla","Chejerla",0,0,0,0
395,"07-C-57-35","GNT-C-57-Cheja-Chejerla","Arepalli",0,0,0,0
396,"07-C-57-36","GNT-C-57-Cheja-Chejerla","Hill and Forest",0,0,0,0
397,"07-C-57-35","GNT-C-57-Cheja-Chejerla","Inumella",0,0,0,0
398,"07-C-57-35","GNT-C-57-Cheja-Chejerla","Muppalla",0,0,0,0
399,"07-C-57-35","GNT-C-57-Cheja-Chejerla","Chittapuram",0,0,0,0
400,"07-C-57-30","GNT-C-57-Gundla-1-Nuzendla-Part_Ongole","Karumanchi",0,0,0,0
401,"07-C-57-30","GNT-C-57-Gundla-1-Nuzendla-Part_Ongole","Madamanchipadu",0,0,0,0
402,"07-C-57-30","GNT-C-57-Gundla-1-Nuzendla-Part_Ongole","Settupalle",0,0,0,0
403,"07-C-57-30","GNT-C-57-Gundla-1-Nuzendla-Part_Ongole","Ummadivaram",0,0,0,0
404,"07-C-57-30","GNT-C-57-Gundla-1-Nuzendla-Part_Ongole","Nagulavaram",0,0,0,0
405,"07-C-57-30","GNT-C-57-Gundla-1-Nuzendla-Part_Ongole","Gokanakonda",0,0,0,0
406,"07-C-57-30","GNT-C-57-Gundla-1-Nuzendla-Part_Ongole","Pamidipadu",0,0,0,0
407,"07-C-57-30","GNT-C-57-Gundla-1-Nuzendla-Part_Ongole","Khambhampadu",0,0,0,0
408,"07-C-57-30","GNT-C-57-Gundla-1-Nuzendla-Part_Ongole","T.Annavaram",0,0,0,0
409,"07-C-57-30","GNT-C-57-Gundla-1-Nuzendla-Part_Ongole","Tellabadu",0,0,0,0
410,"07-C-57-30","GNT-C-57-Gundla-1-Nuzendla-Part_Ongole","Uppalapadu",0,0,0,0
411,"07-C-57-30","GNT-C-57-Gundla-1-Nuzendla-Part_Ongole","Tripurapuram",0,0,0,0
412,"07-C-57-30","GNT-C-57-Gundla-1-Nuzendla-Part_Ongole","Kondraprolu",0,0,0,0
413,"07-C-57-30","GNT-C-57-Gundla-1-Nuzendla-Part_Ongole","Mulakaluru",0,0,0,0
414,"07-C-57-30","GNT-C-57-Gundla-1-Nuzendla-Part_Ongole","Puvvada",0,0,0,0
415,"07-C-57-30","GNT-C-57-Gundla-1-Nuzendla-Part_Ongole","Talarlapalle",0,0,0,0
416,"07-C-57-30","GNT-C-57-Gundla-1-Nuzendla-Part_Ongole","V.Appapuram",0,0,0,0
417,"07-C-57-30","GNT-C-57-Gundla-1-Nuzendla-Part_Ongole","Nuzendla",0,0,0,0
418,"07-C-57-64","GNT-C-57-Gundla-2-Thimmapuram-Part_Ongole","Putchanutala",0,0,0,0
419,"07-C-57-64","GNT-C-57-Gundla-2-Thimmapuram-Part_Ongole","Timmapuram",0,0,0,0
420,"07-C-57-29","GNT-C-57-Kandaleru-1-Bollapalli-Part_Ongole","Gandiganumala",0,0,0,0
421,"07-C-57-29","GNT-C-57-Kandaleru-1-Bollapalli-Part_Ongole","Ravulapuram",0,0,0,0
422,"07-C-57-29","GNT-C-57-Kandaleru-1-Bollapalli-Part_Ongole","Gutlapalle",0,0,0,0
423,"07-C-57-29","GNT-C-57-Kandaleru-1-Bollapalli-Part_Ongole","Bollapally R.F",0,0,0,0
424,"07-C-57-63","GNT-C-57-Kandaleru-2-Vinukonda_Part-Ongole","Koppukonda",0,0,0,0
425,"07-C-57-63","GNT-C-57-Kandaleru-2-Vinukonda_Part-Ongole","Chowtayapalem",0,0,0,0
426,"07-C-57-63","GNT-C-57-Kandaleru-2-Vinukonda_Part-Ongole","Neelagangavaram",0,0,0,0
427,"07-C-57-34","GNT-C-57-Konkeru-Savalyapuram","Guttikonda RF",0,0,0,0
428,"07-C-57-34","GNT-C-57-Konkeru-Savalyapuram","Bommarajupally",0,0,0,0
429,"07-C-57-34","GNT-C-57-Konkeru-Savalyapuram","Ipur",0,0,0,0
430,"07-C-57-34","GNT-C-57-Konkeru-Savalyapuram","Vanikunta",0,0,0,0
431,"07-C-57-34","GNT-C-57-Konkeru-Savalyapuram","Kondayapalem",0,0,0,0
432,"07-C-57-34","GNT-C-57-Konkeru-Savalyapuram","Gundepalle",0,0,0,0
433,"07-C-57-34","GNT-C-57-Konkeru-Savalyapuram","Kottaluru",0,0,0,0
434,"07-C-57-34","GNT-C-57-Konkeru-Savalyapuram","Potluru",0,0,0,0
435,"07-C-57-34","GNT-C-57-Konkeru-Savalyapuram","Sanampudi",0,0,0,0
436,"07-C-57-34","GNT-C-57-Konkeru-Savalyapuram","Kanumarlapudi",0,0,0,0
437,"07-C-57-34","GNT-C-57-Konkeru-Savalyapuram","Pitchikalapalem",0,0,0,0
438,"07-C-57-34","GNT-C-57-Konkeru-Savalyapuram","Naragayapalem",0,0,0,0
439,"07-C-57-34","GNT-C-57-Konkeru-Savalyapuram","Brahmanapalle",0,0,0,0
440,"07-C-57-34","GNT-C-57-Konkeru-Savalyapuram","Vittamrajupalle",0,0,0,0
441,"07-C-57-34","GNT-C-57-Konkeru-Savalyapuram","Pedakancherla",0,0,0,0
442,"07-C-57-34","GNT-C-57-Konkeru-Savalyapuram","Perumallapalle",0,0,0,0
443,"07-C-57-34","GNT-C-57-Konkeru-Savalyapuram","Enugupalem",0,0,0,0
444,"07-C-57-32","GNT-C-57-Pasupuleru-Vellaturu","Bollapalle ",0,0,0,0
445,"07-C-57-32","GNT-C-57-Pasupuleru-Vellaturu","Vaddemgunta",0,0,0,0
446,"07-C-57-32","GNT-C-57-Pasupuleru-Vellaturu","Sarikondayapalem",0,0,0,0
447,"07-C-57-32","GNT-C-57-Pasupuleru-Vellaturu","Vellaturu",0,0,0,0
448,"07-C-57-32","GNT-C-57-Pasupuleru-Vellaturu","Perurupadu",0,0,0,0
449,"07-C-57-32","GNT-C-57-Pasupuleru-Vellaturu","Kanumalacheruvu",0,0,0,0
450,"07-C-57-32","GNT-C-57-Pasupuleru-Vellaturu","Bollapalle Hill&Forst",0,0,0,0
451,"07-C-57-32","GNT-C-57-Pasupuleru-Vellaturu","PerurupaduHill&Forest",0,0,0,0
452,"07-C-57-32","GNT-C-57-Pasupuleru-Vellaturu","Narasarayanipalem",0,0,0,0
453,"07-C-57-32","GNT-C-57-Pasupuleru-Vellaturu","Dondapadu",0,0,0,0
454,"07-C-57-32","GNT-C-57-Pasupuleru-Vellaturu","Timmayapalem",0,0,0,0
455,"07-C-57-32","GNT-C-57-Pasupuleru-Vellaturu","Vinukonda",10,0,0,10
456,"07-C-57-32","GNT-C-57-Pasupuleru-Vellaturu","Venkupalem",0,0,0,0
457,"07-C-57-32","GNT-C-57-Pasupuleru-Vellaturu","Vinukonda Hill&Forest",0,0,0,0
458,"07-C-57-31","GNT-C-57-Vola-Tangirala","Andugulapadu",0,0,0,0
459,"07-C-57-31","GNT-C-57-Vola-Tangirala","Nayanipalem",0,0,0,0
460,"07-C-57-31","GNT-C-57-Vola-Tangirala","Sivapuram",0,0,0,0
461,"07-C-57-31","GNT-C-57-Vola-Tangirala","Surepally",0,0,0,0
462,"07-C-57-31","GNT-C-57-Vola-Tangirala","Tangirala",0,0,0,0
463,"07-C-57-31","GNT-C-57-Vola-Tangirala","Murthuzapuram",0,0,0,0
464,"07-C-57-31","GNT-C-57-Vola-Tangirala","Chintalacheruvu",0,0,0,0
465,"07-C-57-31","GNT-C-57-Vola-Tangirala","Peddavaram",0,0,0,0
466,"07-C-57-31","GNT-C-57-Vola-Tangirala","Ainavolu",0,0,0,0
467,"07-C-57-31","GNT-C-57-Vola-Tangirala","Mukkellapadu",0,0,0,0
468,"07-D-50-20","GNT-D-50-Atcham.-Atchampeta","Chintapalli",0,0,0,0
469,"07-D-50-20","GNT-D-50-Atcham.-Atchampeta","Tallacheruvu",0,0,0,0
470,"07-D-50-20","GNT-D-50-Atcham.-Atchampeta","Chamarru",0,0,0,0
471,"07-D-50-20","GNT-D-50-Atcham.-Atchampeta","Kogantivaripalem",0,0,0,0
472,"07-D-50-20","GNT-D-50-Atcham.-Atchampeta","Chigurupadu",0,0,0,0
473,"07-D-50-20","GNT-D-50-Atcham.-Atchampeta","Pedapalem",0,0,0,0
474,"07-D-50-20","GNT-D-50-Atcham.-Atchampeta","Konduru",0,0,0,0
475,"07-D-50-20","GNT-D-50-Atcham.-Atchampeta","Mittapalem",0,0,0,0
476,"07-D-50-20","GNT-D-50-Atcham.-Atchampeta","Velpuru",0,0,0,0
477,"07-D-50-20","GNT-D-50-Atcham.-Atchampeta","Oravakallu",0,0,0,0
478,"07-D-50-20","GNT-D-50-Atcham.-Atchampeta","Ambadipudi",0,0,0,0
479,"07-D-50-20","GNT-D-50-Atcham.-Atchampeta","Konur",0,0,0,0
480,"07-D-50-20","GNT-D-50-Atcham.-Atchampeta","Kastala Agraharam",0,0,0,0
481,"07-D-50-20","GNT-D-50-Atcham.-Atchampeta","Venkatayapalem Hill & Forest",0,0,0,0
482,"07-D-50-23","GNT-D-50-Challa-Challagundla","Pakalapadu",0,0,0,0
483,"07-D-50-23","GNT-D-50-Challa-Challagundla","Kattamuru",0,0,0,0
484,"07-D-50-23","GNT-D-50-Challa-Challagundla","Abbur",0,0,0,0
485,"07-D-50-23","GNT-D-50-Challa-Challagundla","Bhimavaram",0,0,0,0
486,"07-D-50-23","GNT-D-50-Challa-Challagundla","Kankanalapalli",0,0,0,0
487,"07-D-50-23","GNT-D-50-Challa-Challagundla","Dhulipalla",6,0,0,6
488,"07-D-50-23","GNT-D-50-Challa-Challagundla","Sattenapally",6,0,0,6
489,"07-D-50-23","GNT-D-50-Challa-Challagundla","Challagundla",2,0,0,2
490,"07-D-50-23","GNT-D-50-Challa-Challagundla","Cheemalamarri",0,0,0,0
491,"07-D-50-23","GNT-D-50-Challa-Challagundla","Chagallu",0,0,0,0
492,"07-D-50-23","GNT-D-50-Challa-Challagundla","Dachavarapadu",0,0,0,0
493,"07-D-50-23","GNT-D-50-Challa-Challagundla","Tondapi",0,0,0,0
494,"07-D-50-23","GNT-D-50-Challa-Challagundla","Madala",0,0,0,0
495,"07-D-50-23","GNT-D-50-Challa-Challagundla","Bollavaram",0,0,0,0
496,"07-D-50-23","GNT-D-50-Challa-Challagundla","Dammalapudu",0,0,0,0
497,"07-D-50-9","GNT-D-50-Dandi-Gurajala","Pulipadu",0,0,0,0
498,"07-D-50-9","GNT-D-50-Dandi-Gurajala","Gangavaram",0,0,0,0
499,"07-D-50-9","GNT-D-50-Dandi-Gurajala","Palligunta",0,0,0,0
500,"07-D-50-9","GNT-D-50-Dandi-Gurajala","Gurajala",0,0,0,0
501,"07-D-50-9","GNT-D-50-Dandi-Gurajala","Charlagudipadu",0,0,0,0
502,"07-D-50-9","GNT-D-50-Dandi-Gurajala","Pondugula",0,0,0,0
503,"07-D-50-9","GNT-D-50-Dandi-Gurajala","Miryala",0,0,0,0
504,"07-D-50-9","GNT-D-50-Dandi-Gurajala","Naramalapadu",0,0,0,0
505,"07-D-50-9","GNT-D-50-Dandi-Gurajala","Dharmavaram",0,0,0,0
506,"07-D-50-9","GNT-D-50-Dandi-Gurajala","Adigopula",0,0,0,0
507,"07-D-50-9","GNT-D-50-Dandi-Gurajala","Nidanampadu",0,0,0,0
508,"07-D-50-18","GNT-D-50-Eddu-Amaravathi","Machayapalem",0,0,0,0
509,"07-D-50-18","GNT-D-50-Eddu-Amaravathi","Bellamkonda",0,0,0,0
510,"07-D-50-18","GNT-D-50-Eddu-Amaravathi","Vipparla",0,0,0,0
511,"07-D-50-18","GNT-D-50-Eddu-Amaravathi","Utukuru",0,0,0,0
512,"07-D-50-18","GNT-D-50-Eddu-Amaravathi","Parupalle",0,0,0,0
513,"07-D-50-18","GNT-D-50-Eddu-Amaravathi","Peesapadu",0,0,0,0
514,"07-D-50-18","GNT-D-50-Eddu-Amaravathi","Puttipadu",0,0,0,0
515,"07-D-50-18","GNT-D-50-Eddu-Amaravathi","Munugodu",0,0,0,0
516,"07-D-50-18","GNT-D-50-Eddu-Amaravathi","Attalur",0,0,0,0
517,"07-D-50-18","GNT-D-50-Eddu-Amaravathi","Jupudi",0,0,0,0
518,"07-D-50-18","GNT-D-50-Eddu-Amaravathi","Pondugula",0,0,0,0
519,"07-D-50-18","GNT-D-50-Eddu-Amaravathi","Hussain nagaram",0,0,0,0
520,"07-D-50-18","GNT-D-50-Eddu-Amaravathi","Ramapuram",0,0,0,0
521,"07-D-50-18","GNT-D-50-Eddu-Amaravathi","Bhrugubanda",0,0,0,0
522,"07-D-50-18","GNT-D-50-Eddu-Amaravathi","Rentapalla",0,0,0,0
523,"07-D-50-18","GNT-D-50-Eddu-Amaravathi","Rajupalem",0,0,0,0
524,"07-D-50-18","GNT-D-50-Eddu-Amaravathi","Reddygudem",0,0,0,0
525,"07-D-50-8","GNT-D-50-Edumangal-Rentachintala","Mittagudipadu",0,0,0,0
526,"07-D-50-8","GNT-D-50-Edumangal-Rentachintala","Rentachintala",15,0,0,15
527,"07-D-50-8","GNT-D-50-Edumangal-Rentachintala","Rentala",0,0,0,0
528,"07-D-50-8","GNT-D-50-Edumangal-Rentachintala","Madugala",0,0,0,0
529,"07-D-50-22","GNT-D-50-Erra-2-Piduguralla","Akurajupalli",0,0,0,0
530,"07-D-50-22","GNT-D-50-Erra-2-Piduguralla","SR puram",0,0,0,0
531,"07-D-50-22","GNT-D-50-Erra-2-Piduguralla","Pillutla",0,0,0,0
532,"07-D-50-22","GNT-D-50-Erra-2-Piduguralla","Mallavolu",0,0,0,0
533,"07-D-50-22","GNT-D-50-Erra-2-Piduguralla","Bodanam",0,0,0,0
534,"07-D-50-22","GNT-D-50-Erra-2-Piduguralla","Kethavaram",0,0,0,0
535,"07-D-50-22","GNT-D-50-Erra-2-Piduguralla","chityala",0,0,0,0
536,"07-D-50-22","GNT-D-50-Erra-2-Piduguralla","Kollur",0,0,0,0
537,"07-D-50-22","GNT-D-50-Erra-2-Piduguralla","Emmajigudem",0,0,0,0
538,"07-D-50-22","GNT-D-50-Erra-2-Piduguralla","MT Puram",0,0,0,0
539,"07-D-50-22","GNT-D-50-Erra-2-Piduguralla","Papayapalem",0,0,0,0
540,"07-D-50-22","GNT-D-50-Erra-2-Piduguralla","Vannayapalem",0,0,0,0
541,"07-D-50-22","GNT-D-50-Erra-2-Piduguralla","Guttikonda & Venkatayapalem Forest & Hills",0,0,0,0
542,"07-D-50-22","GNT-D-50-Erra-2-Piduguralla","Piduguralla",0,0,0,0
543,"07-D-50-22","GNT-D-50-Erra-2-Piduguralla","Konanki",0,0,0,0
544,"07-D-50-22","GNT-D-50-Erra-2-Piduguralla","Janapadu",0,0,0,0
545,"07-D-50-22","GNT-D-50-Erra-2-Piduguralla","Guttikonda",0,0,0,0
546,"07-D-50-16","GNT-D-50-Erra-1-Rajupalem","Chowtapapayapalem",0,0,0,0
547,"07-D-50-16","GNT-D-50-Erra-1-Rajupalem","Ganapavaram",0,0,0,0
548,"07-D-50-16","GNT-D-50-Erra-1-Rajupalem","Balijepalle",0,0,0,0
549,"07-D-50-16","GNT-D-50-Erra-1-Rajupalem","Uppalapadu",0,0,0,0
550,"07-D-50-16","GNT-D-50-Erra-1-Rajupalem","Guttikonda Hills & Forest",0,0,0,0
551,"07-D-50-16","GNT-D-50-Erra-1-Rajupalem","Nekarikallu",0,0,0,0
552,"07-D-50-10","GNT-D-50-Gadida-Daida","Gottimukkala",0,0,0,0
553,"07-D-50-10","GNT-D-50-Gadida-Daida","Daida",4,0,0,4
554,"07-D-50-10","GNT-D-50-Gadida-Daida","Telukutla",0,0,0,0
555,"07-D-50-7","GNT-D-50-Goli-Thumurukota","Kambhampadu",0,0,0,0
556,"07-D-50-7","GNT-D-50-Goli-Thumurukota","Mutyalampadu",0,0,0,0
557,"07-D-50-7","GNT-D-50-Goli-Thumurukota","Mallavaram",0,0,0,0
558,"07-D-50-7","GNT-D-50-Goli-Thumurukota","Goli",0,0,0,0
559,"07-D-50-7","GNT-D-50-Goli-Thumurukota","Pasarlapadu",10,0,0,10
560,"07-D-50-7","GNT-D-50-Goli-Thumurukota","Thumrukota",0,0,0,0
561,"07-D-50-7","GNT-D-50-Goli-Thumurukota","Paluvoi",0,0,0,0
562,"07-D-50-7","GNT-D-50-Goli-Thumurukota","Manchikallu",0,0,0,0
563,"07-D-50-7","GNT-D-50-Goli-Thumurukota","Hill and Forest",0,0,0,0
564,"07-D-50-7","GNT-D-50-Goli-Thumurukota","Darivemula",0,0,0,0
565,"07-D-50-7","GNT-D-50-Goli-Thumurukota","Obulesunipalle",0,0,0,0
566,"07-D-50-7","GNT-D-50-Goli-Thumurukota","Durgi",0,3,0,3
567,"07-D-50-12","GNT-D-50-Julakallu-Kesanapalli","Kesanapalle",0,0,0,0
568,"07-D-50-12","GNT-D-50-Julakallu-Kesanapalli","Pedagarlapadu",0,0,0,0
569,"07-D-50-12","GNT-D-50-Julakallu-Kesanapalli","Zulakallu",2,0,0,2
570,"07-D-50-12","GNT-D-50-Julakallu-Kesanapalli","Chinagarlpadu",0,0,0,0
571,"07-D-50-27","GNT-D-50-Kattela-Thulluru","Karlapudi",0,0,0,0
572,"07-D-50-27","GNT-D-50-Kattela-Thulluru","Harischandrapuram",0,0,0,0
573,"07-D-50-27","GNT-D-50-Kattela-Thulluru","Vaddamanu",0,0,0,0
574,"07-D-50-27","GNT-D-50-Kattela-Thulluru","Ananthavaram",0,0,0,0
575,"07-D-50-27","GNT-D-50-Kattela-Thulluru","Nekkallu",0,0,0,0
576,"07-D-50-27","GNT-D-50-Kattela-Thulluru","Pedaparimi",0,0,0,0
577,"07-D-50-27","GNT-D-50-Kattela-Thulluru","Thullur",5,0,0,5
578,"07-D-50-27","GNT-D-50-Kattela-Thulluru","Pitchikalapalem",0,0,0,0
579,"07-D-50-27","GNT-D-50-Kattela-Thulluru","Dondapadu",0,0,0,0
580,"07-D-50-27","GNT-D-50-Kattela-Thulluru","Borupalem",0,0,0,0
581,"07-D-50-27","GNT-D-50-Kattela-Thulluru","Abbarajupalem",0,0,0,0
582,"07-D-50-27","GNT-D-50-Kattela-Thulluru","Rayapudi",0,0,0,0
583,"07-D-50-27","GNT-D-50-Kattela-Thulluru","Kondamarajupalem",0,0,0,0
584,"07-D-50-27","GNT-D-50-Kattela-Thulluru","Nelapadu",0,0,0,0
585,"07-D-50-27","GNT-D-50-Kattela-Thulluru","Sakhamuru",0,0,0,0
586,"07-D-50-27","GNT-D-50-Kattela-Thulluru","Velagapudi",0,0,0,0
587,"07-D-50-27","GNT-D-50-Kattela-Thulluru","Lingayapalem",0,0,0,0
588,"07-D-50-27","GNT-D-50-Kattela-Thulluru","Uddandarayunipalem",0,0,0,0
589,"07-D-50-27","GNT-D-50-Kattela-Thulluru","Malkapuram",0,0,0,0
590,"07-D-50-27","GNT-D-50-Kattela-Thulluru","Mandadam",0,0,0,0
591,"07-D-50-27","GNT-D-50-Kattela-Thulluru","Venkatapalem",0,0,0,0
592,"07-D-50-27","GNT-D-50-Kattela-Thulluru","Mothadaka",4,0,0,4
593,"07-D-50-27","GNT-D-50-Kattela-Thulluru","Nidumukkala",0,0,0,0
594,"07-D-50-27","GNT-D-50-Kattela-Thulluru","Mothadaka_ Nidumukkala RF",0,0,0,0
595,"07-D-50-25","GNT-D-50-Kondaveeti-Medikonduru","Vaikuntapuram",3,0,0,3
596,"07-D-50-25","GNT-D-50-Kondaveeti-Medikonduru","Pedamadduru",0,0,0,0
597,"07-D-50-25","GNT-D-50-Kondaveeti-Medikonduru","Narukullapadu",0,0,0,0
598,"07-D-50-25","GNT-D-50-Kondaveeti-Medikonduru","Endroyi",0,0,0,0
599,"07-D-50-25","GNT-D-50-Kondaveeti-Medikonduru","Unguturu",0,0,0,0
600,"07-D-50-25","GNT-D-50-Kondaveeti-Medikonduru","Nemalikallu",0,0,0,0
601,"07-D-50-25","GNT-D-50-Kondaveeti-Medikonduru","Pamulapadu",0,0,0,0
602,"07-D-50-25","GNT-D-50-Kondaveeti-Medikonduru","Bejatpuram",0,0,0,0
603,"07-D-50-25","GNT-D-50-Kondaveeti-Medikonduru","Lachannagudipudi",0,0,0,0
604,"07-D-50-25","GNT-D-50-Kondaveeti-Medikonduru","Ravela",0,0,0,0
605,"07-D-50-25","GNT-D-50-Kondaveeti-Medikonduru","Aminabad",0,0,0,0
606,"07-D-50-25","GNT-D-50-Kondaveeti-Medikonduru","Siripuram",0,0,0,0
607,"07-D-50-25","GNT-D-50-Kondaveeti-Medikonduru","Varagani",0,0,0,0
608,"07-D-50-25","GNT-D-50-Kondaveeti-Medikonduru","Mandapadu",0,0,0,0
609,"07-D-50-25","GNT-D-50-Kondaveeti-Medikonduru","Velavarthipadu",0,0,0,0
610,"07-D-50-25","GNT-D-50-Kondaveeti-Medikonduru","Medikonduru",3,0,0,3
611,"07-D-50-25","GNT-D-50-Kondaveeti-Medikonduru","Visadala",0,0,0,0
612,"07-D-50-25","GNT-D-50-Kondaveeti-Medikonduru","Dogiparru",10,0,0,10
613,"07-D-50-25","GNT-D-50-Kondaveeti-Medikonduru","Mangalagiripadu",0,0,0,0
614,"07-D-50-25","GNT-D-50-Kondaveeti-Medikonduru","Pon.Kandrika",0,0,0,0
615,"07-D-50-25","GNT-D-50-Kondaveeti-Medikonduru","Perecherla RF",0,0,0,0
616,"07-D-50-24","GNT-D-50-Lakshmi-Panidam","Bayyavaram",0,0,0,0
617,"07-D-50-24","GNT-D-50-Lakshmi-Panidam","Balemarru",0,0,0,0
618,"07-D-50-24","GNT-D-50-Lakshmi-Panidam","Andukuru",0,0,0,0
619,"07-D-50-24","GNT-D-50-Lakshmi-Panidam","Garapadu",0,0,0,0
620,"07-D-50-24","GNT-D-50-Lakshmi-Panidam","Lagadapadu",0,0,0,0
621,"07-D-50-24","GNT-D-50-Lakshmi-Panidam","Gorantla",6,0,0,6
622,"07-D-50-24","GNT-D-50-Lakshmi-Panidam","Bhatlur",0,0,0,0
623,"07-D-50-24","GNT-D-50-Lakshmi-Panidam","Panidam",2,0,0,2
624,"07-D-50-5","GNT-D-50-Macherla-Macherrla","A.J.Madaka",0,0,0,0
625,"07-D-50-5","GNT-D-50-Macherla-Macherrla","Rayavaram",0,0,0,0
626,"07-D-50-5","GNT-D-50-Macherla-Macherrla","Macherla",0,15,0,15
627,"07-D-50-5","GNT-D-50-Macherla-Macherrla","Polepalle",0,0,0,0
628,"07-D-50-5","GNT-D-50-Macherla-Macherrla","Atmakur",0,0,0,0
629,"07-D-50-5","GNT-D-50-Macherla-Macherrla","Hill and Forest",0,0,0,0
630,"07-D-50-5","GNT-D-50-Macherla-Macherrla","Kandlakunta",0,0,0,0
631,"07-D-50-5","GNT-D-50-Macherla-Macherrla","Gundlapadu",0,0,0,0
632,"07-D-50-5","GNT-D-50-Macherla-Macherrla","Ratchamillipadu",0,0,0,0
633,"07-D-50-5","GNT-D-50-Macherla-Macherrla","Mandadi",0,0,0,0
634,"07-D-50-26","GNT-D-50 Mada-Pedakurapadu","Malladi",0,0,0,0
635,"07-D-50-26","GNT-D-50 Mada-Pedakurapadu","Didugu",0,0,0,0
636,"07-D-50-26","GNT-D-50 Mada-Pedakurapadu","Lingapuram",0,0,0,0
637,"07-D-50-26","GNT-D-50 Mada-Pedakurapadu","Daranikota",0,0,0,0
638,"07-D-50-26","GNT-D-50 Mada-Pedakurapadu","Amaravathi",4,0,0,4
639,"07-D-50-26","GNT-D-50 Mada-Pedakurapadu","Tallur",0,0,0,0
640,"07-D-50-26","GNT-D-50 Mada-Pedakurapadu","Kasipadu",0,0,0,0
641,"07-D-50-26","GNT-D-50 Mada-Pedakurapadu","Balusupadu",0,0,0,0
642,"07-D-50-26","GNT-D-50 Mada-Pedakurapadu","Kambhampadu",0,0,0,0
643,"07-D-50-26","GNT-D-50 Mada-Pedakurapadu","Jalalpuram",0,0,0,0
644,"07-D-50-26","GNT-D-50 Mada-Pedakurapadu","Patibandla",0,0,0,0
645,"07-D-50-26","GNT-D-50 Mada-Pedakurapadu","Mussapuram",0,0,0,0
646,"07-D-50-26","GNT-D-50 Mada-Pedakurapadu","Lingamguntla",0,0,0,0
647,"07-D-50-26","GNT-D-50 Mada-Pedakurapadu","Chinamakkena",0,0,0,0
648,"07-D-50-26","GNT-D-50 Mada-Pedakurapadu","Pedakurapadu",4,0,0,4
649,"07-D-50-26","GNT-D-50 Mada-Pedakurapadu","Nandigama",0,0,0,0
650,"07-D-50-26","GNT-D-50 Mada-Pedakurapadu","Gudipudi",0,0,0,0
651,"07-D-50-26","GNT-D-50 Mada-Pedakurapadu","Pedamakkena",0,0,0,0
652,"07-D-50-26","GNT-D-50 Mada-Pedakurapadu","Kantepudi",0,0,0,0
653,"07-D-50-26","GNT-D-50 Mada-Pedakurapadu","Komerapudi",0,0,0,0
654,"07-D-50-26","GNT-D-50 Mada-Pedakurapadu","Takkellapadu",0,0,0,0
655,"07-D-50-26","GNT-D-50 Mada-Pedakurapadu","Srirangipalem",0,0,0,0
656,"07-D-50-26","GNT-D-50 Mada-Pedakurapadu","Korrapadu",0,0,0,0
657,"07-D-50-26","GNT-D-50 Mada-Pedakurapadu","Paladugu",0,0,0,0
658,"07-D-50-26","GNT-D-50 Mada-Pedakurapadu","Potlapadu",0,0,0,0
659,"07-D-50-6","GNT-D-50-Nagarjuna-Macherla","Nagulavaram",0,0,0.01,0.01
660,"07-D-50-6","GNT-D-50-Nagarjuna-Macherla","Pasuvemula",0,0,0,0
661,"07-D-50-6","GNT-D-50-Nagarjuna-Macherla","Tallapalle",0,0,0,0
662,"07-D-50-6","GNT-D-50-Nagarjuna-Macherla","Kothapalle",0,0,0,0
663,"07-D-50-6","GNT-D-50-Nagarjuna-Macherla","Koppunur",0,0,0,0
664,"07-D-50-6","GNT-D-50-Nagarjuna-Macherla","Hill and Forest",0,0,0,0
665,"07-D-50-6","GNT-D-50-Nagarjuna-Macherla","Damarapadu",0,0,0,0
666,"07-D-50-11","GNT-D-50-Naguleru-Dachepalle","Gogulapadu",0,0,0,0
667,"07-D-50-11","GNT-D-50-Naguleru-Dachepalle","Ramapuram",0,0,0,0
668,"07-D-50-11","GNT-D-50-Naguleru-Dachepalle","Gamalapadu",0,0,0,0
669,"07-D-50-11","GNT-D-50-Naguleru-Dachepalle","Dachepalle",9,0,0,9
670,"07-D-50-11","GNT-D-50-Naguleru-Dachepalle","Nadikudi",10,0,0,10
671,"07-D-50-11","GNT-D-50-Naguleru-Dachepalle","Alugumallipadu",0,0,0,0
672,"07-D-50-11","GNT-D-50-Naguleru-Dachepalle","Sankarapuram",0,0,0,0
673,"07-D-50-11","GNT-D-50-Naguleru-Dachepalle","Chinakodamagundla",0,0,0,0
674,"07-D-50-11","GNT-D-50-Naguleru-Dachepalle","Chintapalli",0,0,0,0
675,"07-D-50-11","GNT-D-50-Naguleru-Dachepalle","V.L.Puram",0,0,0,0
676,"07-D-50-11","GNT-D-50-Naguleru-Dachepalle","Karempudi",10,0,0,10
677,"07-D-50-11","GNT-D-50-Naguleru-Dachepalle","Petasanigandla",0,0,0,0
678,"07-D-50-11","GNT-D-50-Naguleru-Dachepalle","Singarutla",0,0,0,0
679,"07-D-50-11","GNT-D-50-Naguleru-Dachepalle","Bollapally_ Kakirala hill & forest",0,0,0,0
680,"07-D-50-11","GNT-D-50-Naguleru-Dachepalle","Ayyannapalem",0,0,0,0
681,"07-D-50-11","GNT-D-50-Naguleru-Dachepalle","Mellavagu",0,0,0,0
682,"07-D-50-17","GNT-D-50-Narasing-Narasingapadu","Nemalipuri",0,0,0,0
683,"07-D-50-17","GNT-D-50-Narasing-Narasingapadu","Kubadpuram",0,0,0,0
684,"07-D-50-17","GNT-D-50-Narasing-Narasingapadu","Guttikonda hill & Forest",0,0,0,0
685,"07-D-50-17","GNT-D-50-Narasing-Narasingapadu","Gundlapalli",0,0,0,0
686,"07-D-50-17","GNT-D-50-Narasing-Narasingapadu","Narasingapadu",0,0,0,0
687,"07-D-50-17","GNT-D-50-Narasing-Narasingapadu","Tripurapuram",0,0,0,0
688,"07-D-50-28","GNT-D-50-Pedda-1-Guntur","Ainavolu",0,0,0,0
689,"07-D-50-28","GNT-D-50-Pedda-1-Guntur","Penumaka",0,0,0,0
690,"07-D-50-28","GNT-D-50-Pedda-1-Guntur","Undavalli",0,0,0,0
691,"07-D-50-28","GNT-D-50-Pedda-1-Guntur","Kuragallu",0,0,0,0
692,"07-D-50-28","GNT-D-50-Pedda-1-Guntur","Krishnyapalem",0,0,0,0
693,"07-D-50-28","GNT-D-50-Pedda-1-Guntur","Nowlur",0,0,0,0
694,"07-D-50-28","GNT-D-50-Pedda-1-Guntur","Nidamarru",0,0,0,0
695,"07-D-50-28","GNT-D-50-Pedda-1-Guntur","Tadikonda",0,0,0,0
696,"07-D-50-28","GNT-D-50-Pedda-1-Guntur","Ponekallu",0,0,0,0
697,"07-D-50-28","GNT-D-50-Pedda-1-Guntur","Bandarupalle",0,0,0,0
698,"07-D-50-28","GNT-D-50-Pedda-1-Guntur","Damarapalle",0,0,0,0
699,"07-D-50-28","GNT-D-50-Pedda-1-Guntur","Lam",5,0,0,5
700,"07-D-50-28","GNT-D-50-Pedda-1-Guntur","Kantheru",0,0,0,0
701,"07-D-50-28","GNT-D-50-Pedda-1-Guntur","Perecherla",0,0,0,0
702,"07-D-50-28","GNT-D-50-Pedda-1-Guntur","Perecherla RF",0,0,0,0
703,"07-D-50-28","GNT-D-50-Pedda-1-Guntur","Chinapalakaluru",10,0,0,10
704,"07-D-50-28","GNT-D-50-Pedda-1-Guntur","Pedapalakalueu",10,0,0,10
705,"07-D-50-28","GNT-D-50-Pedda-1-Guntur","Jonnalagadda",0,0,0,0
706,"07-D-50-28","GNT-D-50-Pedda-1-Guntur","Gorantla",0,0,0,0
707,"07-D-50-15","GNT-D-50-Ralla-Machavaram","Bhatrupalem",0,0,0,0
708,"07-D-50-15","GNT-D-50-Ralla-Machavaram","Madinapadu",0,0,0,0
709,"07-D-50-15","GNT-D-50-Ralla-Machavaram","Tangeda",5,0,0,5
710,"07-D-50-15","GNT-D-50-Ralla-Machavaram","Mutyalampadu",0,0,0,0
711,"07-D-50-15","GNT-D-50-Ralla-Machavaram","Madinapadu forest",0,0,0,0
712,"07-D-50-15","GNT-D-50-Ralla-Machavaram","Chennayapalem",0,0,0,0
713,"07-D-50-15","GNT-D-50-Ralla-Machavaram","Tadutla",0,0,0,0
714,"07-D-50-15","GNT-D-50-Ralla-Machavaram","Vemavaram",0,0,0,0
715,"07-D-50-15","GNT-D-50-Ralla-Machavaram","Machavaram",0,0,0,0
716,"07-D-50-15","GNT-D-50-Ralla-Machavaram","Pinnelli",0,0,0,0
717,"07-D-50-15","GNT-D-50-Ralla-Machavaram","Tummalacheruvu",0,0,0,0
718,"07-D-50-15","GNT-D-50-Ralla-Machavaram","Kamepalli",0,0,0,0
719,"07-D-50-15","GNT-D-50-Ralla-Machavaram","Peda agraharam",0,0,0,0
720,"07-D-50-15","GNT-D-50-Ralla-Machavaram","Karalapadu",0,0,0,0
721,"07-D-50-15","GNT-D-50-Ralla-Machavaram","China Agraharam",0,0,0,0
722,"07-D-50-13","GNT-D-50- Voppi-Voppicherla","Pedakodamagundla",0,0,0,0
723,"07-D-50-13","GNT-D-50- Voppi-Voppicherla","Voppicherla",0,0,0,0
724,"07-D-50-13","GNT-D-50- Voppi-Voppicherla","Kakirala hill & forest",0,0,0,0
725,"07-D-50-4","GNT-D-50-Chandra-Mutukur","Kolagutla",,0,,0
726,"07-D-50-5","GNT-D-50-Chandra-Mutukur","Mutukur",,2,,2
727,"07-D-50-6","GNT-D-50-Chandra-Mutukur","Uppalapadu",,0,,0
728,"07-D-50-7","GNT-D-50-Chandra-Mutukur","Veldurthi",,0,,0
729,"07-D-50-8","GNT-D-50-Chandra-Mutukur","Patlaveedu",,2,,2
730,"07-D-50-9","GNT-D-50-Chandra-Mutukur","Hill &Forest",,0,,0
731,"07-D-50-19","GNT-D-50-Chintala-Taduvoy","Madinpadu Agraharam",,0,,0
732,"07-D-50-19","GNT-D-50-Chintala-Taduvoy","Madinpadu Seri",,0,,0
733,"07-D-50-19","GNT-D-50-Chintala-Taduvoy","Ginjupalli",,0,,0
734,"07-D-50-19","GNT-D-50-Chintala-Taduvoy","Challagariga",,0,,0
735,"07-D-50-19","GNT-D-50-Chintala-Taduvoy","Taduvoy",,0,,0
736,"07-D-50-19","GNT-D-50-Chintala-Taduvoy","Pullichintala",,0,,0
737,"07-D-50-19","GNT-D-50-Chintala-Taduvoy","Venkatayapalem",,0,,0
738,"07-D-50-19","GNT-D-50-Chintala-Taduvoy","Venkatayapallem Hill & Forest area",,0,,0
739,"07-D-50-2","GNT-D-50-Jakkulagundam","Hill &Forest",,0,,0
740,"07-D-50-1","GNT-D-50-Jerri-Sirigiripadu","Sirigiripadu",,0,,0
741,"07-D-50-1","GNT-D-50-Jerri-Sirigiripadu","Gottipalla",,0,,0
742,"07-D-50-1","GNT-D-50-Jerri-Sirigiripadu","Hill&Forest",,0,,0
743,"07-D-50-3","GNT-D-50-Munigundla-Vijayapuri South","K.P.Gudem",,0,,0
744,"07-D-50-3","GNT-D-50-Munigundla-Vijayapuri South","Vijayapurisouth",,3,,3
745,"07-D-50-3","GNT-D-50-Munigundla-Vijayapuri South","Macherla Hill and Forest",,0,,0
746,"07-D-50-14","GNT-D-50-Remidicherla","Gummanampadu",,0,,0
747,"07-D-50-14","GNT-D-50-Remidicherla","Remidicherla",,0,,0
748,"07-D-50-14","GNT-D-50-Remidicherla","Garikapadu",,0,,0
749,"07-D-50-14","GNT-D-50-Remidicherla","Bollapalli_Guttikonda Hill&R.F",,0,,0
