,,,,"Command Area",,,,,,,"Non-Command Area",,,,,,,"Poor GW quality area",,,,,,
,,,,"Irrigated",,,,,,,"Irrigated",,,,,,,"Irrigated",,,,,,
"Sr.no","Watershed code","GW watershed name","village name","DW","DW PS","BW","STW","MTW","DTW","FP","DW","DW PS","BW","STW","MTW","DTW","FP","DW","DW PS","BW","STW","MTW","DTW","FP"
1,"11_C_65_03","KDP_C_65_03_J.Madugu","Mylavaram",,,,,,,,,0,6,,,,,,,,,,,
2,"11_C_65_03","KDP_C_65_03_J.Madugu","Khadarabad",,,,,,,,,0,11,,,,,,,,,,,
3,"11_C_65_03","KDP_C_65_03_J.Madugu","Lingapuram",,,,,,,,,0,11,,,,,,,,,,,
4,"11_C_65_03","KDP_C_65_03_J.Madugu","Nelanoothala",,,,,,,,,0,10,,,,,,,,,,,
5,"11_C_65_03","KDP_C_65_03_J.Madugu","Rangasayapuram",,,,,,,,,0,0,,,,22,,,,,,,
6,"11_C_65_03","KDP_C_65_03_J.Madugu","Chowduru",,0,0,,,,97,,,,,,,,,,,,,,
7,"11_C_65_03","KDP_C_65_03_J.Madugu","Peddasettipalli",,0,0,,,,108,,,,,,,,,,,,,,
8,"11_C_65_03","KDP_C_65_03_J.Madugu","Dorasanipalli",,,,,,,,,0,0,,,,81,,,,,,,
9,"11_C_65_03","KDP_C_65_03_J.Madugu","Kallur",,0,0,,,,46,,0,0,,,,41,,,,,,,
10,"11_C_65_03","KDP_C_65_03_J.Madugu","Regulapalli",,,,,,,,,0,0,,,,189,,,,,,,
11,"11_C_65_03","KDP_C_65_03_J.Madugu","Nanganurupalli",,,,,,,,,,,,,,,,,,,,,
12,"11_C_65_03","KDP_C_65_03_J.Madugu","Kothapalli",,0,0,,,,123,,,,,,,,,,,,,,
13,"11_C_65_03","KDP_C_65_03_J.Madugu","Modameedipalli",,0,0,,,,28,,,,,,,,,,,,,,
14,"11_C_65_03","KDP_C_65_03_J.Madugu","Rameswaram",,0,0,,,,54,,,,,,,,,,,,,,
15,"11_C_65_03","KDP_C_65_03_J.Madugu","Jammalamadugu",,28,0,,,,84,,,,,,,,,,,,,,
16,"11_C_65_03","KDP_C_65_03_J.Madugu","Kanneluru",,0,0,,,,0,,,,,,,,,,,,,,
17,"11_C_65_03","KDP_C_65_03_J.Madugu","Moragudi",,28,31,,,,,,,,,,,,,,,,,,
18,"11_C_65_03","KDP_C_65_03_J.Madugu","Goriganuru",,0,23,,,,53,,,,,,,,,,,,,,
19,"11_C_65_03","KDP_C_65_03_J.Madugu","Dharmapuram",,12,0,,,,17,,,,,,,,,,,,,,
20,"11_C_65_03","KDP_C_65_03_J.Madugu","Danavulapadu",,4,42,,,,32,,,,,,,,,,,,,,
21,"11_C_65_03","KDP_C_65_03_J.Madugu","Devagudi",,0,53,,,,53,,,,,,,,,,,,,,
22,"11_C_65_03","KDP_C_65_03_J.Madugu","Purvapu Sugamanchupalle",,0,9,,,,6,,,,,,,,,,,,,,
23,"11_C_65_04","KDP_C_65_04_Gandikota","Gandluru",,,,,,,,,,0,0,0,0,77,,,,,,,
24,"11_C_65_04","KDP_C_65_04_Gandikota","Gudemcheruvu",,,,,,,,,,6,0,0,0,25,,,,,,,
25,"11_C_65_04","KDP_C_65_04_Gandikota","Ponnathota",,,0,0,0,0,62,,,,,,,,,,,,,,
26,"11_C_65_04","KDP_C_65_04_Gandikota","Diguvapatnam",,,,,,,,,,31,0,0,0,0,,,,,,,
27,"11_C_65_04","KDP_C_65_04_Gandikota","Gandikota",,,,,,,,,,4,0,0,0,0,,,,,,,
28,"11_C_65_04","KDP_C_65_04_Gandikota","Sanjeevapalle",,,,,,,,,0,56,0,0,0,0,,,,,,,
29,"11_C_65_04","KDP_C_65_04_Gandikota","Purvabommepalle",,,,,,,,,0,17,0,0,0,0,,,,,,,
30,"11_C_65_04","KDP_C_65_04_Gandikota","Vemaguntapalle",,,,,,,,,,11,0,0,0,0,,,,,,,
31,"11_C_65_04","KDP_C_65_04_Gandikota","Ambavaram",,,,,,,,,0,100,0,0,0,0,,,,,,,
32,"11_C_65_04","KDP_C_65_04_Gandikota","Sirigepalle",,,0,0,0,0,28,,,,,,,,,,,,,,
33,"11_C_65_04","KDP_C_65_04_Gandikota","Peddadandluru",,,0,0,0,0,77,,,,,,,,,,,,,,
34,"11_C_65_04","KDP_C_65_04_Gandikota","Sunnapurallapalle",,0,6,0,0,0,38,,,,,,,,,,,,,,
35,"11_C_65_04","KDP_C_65_04_Gandikota","Thugutlapalle",,0,20,0,0,0,0,,,,,,,,,,,,,,
36,"11_C_65_04","KDP_C_65_04_Gandikota","Kottagunta Palle",,,,,,,,,0,53,0,0,0,0,,,,,,,
37,"11_C_65_04","KDP_C_65_04_Gandikota","DiguvaBrahmanapalli",,,,,,,,,28,14,0,0,0,0,,,,,,,
38,"11_C_65_04","KDP_C_65_04_Gandikota","Kibili Rangapuram",,,,,,,,,0,16,0,0,0,0,,,,,,,
39,"11_C_65_04","KDP_C_65_04_Gandikota","Obulapuram",,,,,,,,,28,36,0,0,0,0,,,,,,,
40,"11_C_65_04","KDP_C_65_04_Gandikota","korrapadu",,,,,,,,,0,95,0,0,0,0,,,,,,,
41,"11_C_65_04","KDP_C_65_04_Gandikota","Mangapatnam",,,,,,,,,12,131,0,0,0,0,,,,,,,
42,"11_C_65_04","KDP_C_65_04_Gandikota","P.Gopalapuram",,4,9,0,0,0,22,,,,,,,,,,,,,,
43,"11_C_65_04","KDP_C_65_04_Gandikota","Chinnadandluru",,0,0,0,0,0,184,,,,,,,,,,,,,,
44,"11_C_65_04","KDP_C_65_04_Gandikota","Illuru",,0,11,0,0,0,30,,,,,,,,,,,,,,
45,"11_C_65_04","KDP_C_65_04_Gandikota","RF",,,,,,,,,,0,0,0,0,0,,,,,,,
46,"11_C_65_05","KDP_C_65_05_Potladurthi","Potladurthi",,,11,0,0,0,129,,,,,,,,,,,,,,
47,"11_C_65_05","KDP_C_65_05_Potladurthi","Hanumangutti",,,25,0,0,0,150,,,,,,,,,,,,,,
48,"11_C_65_05","KDP_C_65_05_Potladurthi","K.Vengammagaripalli",,,,,,,,,,0,0,0,0,30,,,,,,,
49,"11_C_65_05","KDP_C_65_05_Potladurthi","Yerraguntla",,,,,,,,,,24,0,0,0,0,,,,,,,
50,"11_C_65_05","KDP_C_65_05_Potladurthi","Kokatam",,,37,0,0,0,202,,,,,,,,,,,,,,
51,"11_C_65_05","KDP_C_65_05_Potladurthi","Sambaturu",,,0,0,0,0,136,,,,,,,,,,,,,,
52,"11_C_65_08","KDP_C_65_08_Sidhout","Dumpalagattu",,0,142,,,,,,,,,,,,,,,,,,
53,"11_C_65_08","KDP_C_65_08_Sidhout","Chemullapalli",,0,214,,,,,,,,,,,,,,,,,,
54,"11_C_65_08","KDP_C_65_08_Sidhout","Chennamukkapalli",,,180,,,,,,,,,,,,,,,,,,
55,"11_C_65_08","KDP_C_65_08_Sidhout","Doulathapuram",,0,44,,,,,,,,,,,,,,,,,,
56,"11_C_65_08","KDP_C_65_08_Sidhout","Bayanapalli",,,0,,,,84,,,,,,,,,,,,,,
57,"11_C_65_08","KDP_C_65_08_Sidhout","Kanuparthi",,0,0,,,,77,,,,,,,,,,,,,,
58,"11_C_65_08","KDP_C_65_08_Sidhout","Ponnavolu",,,,,,,,,0,0,,,,110,,,,,,,
59,"11_C_65_08","KDP_C_65_08_Sidhout","Jyothi",,,,,,,,,2,0,,,,157,,,,,,,
60,"11_C_65_08","KDP_C_65_08_Sidhout","Vonthatipalli",,,,,,,,,16,0,,,,133,,,,,,,
61,"11_C_65_08","KDP_C_65_08_Sidhout","S.Rajampet",,,,,,,,,7,0,0,0,0,57,,,,,,,
62,"11_C_65_08","KDP_C_65_08_Sidhout","Sidhout",,,,,,,,,4,19,,,,92,,,,,,,
63,"11_C_65_08","KDP_C_65_08_Sidhout","Jangalapalli",,,,,,,,,25,0,,,,91,,,,,,,
64,"11_C_65_08","KDP_C_65_08_Sidhout","Velugupalli",,,,,,,,,10,0,,,,54,,,,,,,
65,"11_C_65_08","KDP_C_65_08_Sidhout","Rf",,,,,,,,,0,0,,,,,,,,,,,
66,"11_C_65_09","KDP_C_65_09_Khajipet","Mittamanipalli",,7,147,,,,,,,,,,,,,,,,,,
67,"11_C_65_09","KDP_C_65_09_Khajipet","Settivaripalli",,9,321,,,,,,,,,,,,,,,,,,
68,"11_C_65_09","KDP_C_65_09_Khajipet","Nandyalampet",,40,162,,,,,,,,,,,,,,,,,,
69,"11_C_65_09","KDP_C_65_09_Khajipet","Somayajulapalli",,25,32,,,,,,,,,,,,,,,,,,
70,"11_C_65_09","KDP_C_65_09_Khajipet","Annaluru",,,213,,,,,,,,,,,,,,,,,,
71,"11_C_65_09","KDP_C_65_09_Khajipet","Sivapuram",,,68,,,,,,,,,,,,,,,,,,
72,"11_C_65_09","KDP_C_65_09_Khajipet","S.Mydukur",,,56,,,,,,,,,,,,,,,,,,
73,"11_C_65_09","KDP_C_65_09_Khajipet","Bhumayapalli",,32,276,,,,,,,,,,,,,,,,,,
74,"11_C_65_09","KDP_C_65_09_Khajipet","Buddayapalli",,,20,,,,,,,,,,,,,,,,,,
75,"11_C_65_09","KDP_C_65_09_Khajipet","Pulluru",,,197,,,,,,,,,,,,,,,,,,
76,"11_C_65_09","KDP_C_65_09_Khajipet","Nagasanipalli",,,116,,,,,,,,,,,,,,,,,,
77,"11_C_65_09","KDP_C_65_09_Khajipet","Machupalli",,,114,,,,,,,,,,,,,,,,,,
78,"11_C_65_09","KDP_C_65_09_Khajipet","Pathuru",,,244,,,,,,,,,,,,,,,,,,
79,"11_C_65_09","KDP_C_65_09_Khajipet","K.Sunkesula",,48,115,,,,,,,,,,,,,,,,,,
80,"11_C_65_09","KDP_C_65_09_Khajipet","Tudumuladinne",,,73,,,,122,,,,,,,,,,,,,,
81,"11_C_65_09","KDP_C_65_09_Khajipet","Kommaluru",,5,0,,,,42,,,,,,,,,,,,,,
82,"11_C_65_09","KDP_C_65_09_Khajipet","Thavvaripalli",,30,42,,,,125,,,,,,,,,,,,,,
83,"11_C_65_09","KDP_C_65_09_Khajipet","Ravulapalli",,,54,,,,,,,,,,,,,,,,,,
84,"11_C_65_09","KDP_C_65_09_Khajipet","Kotlur",,,210,,,,,,,,,,,,,,,,,,
85,"11_C_65_09","KDP_C_65_09_Khajipet","RF",,0,0,,,,,0,0,,,,,,,,,,,,
86,"11_C_65_11","KDP_C_65_11_CHENNURU","Thollaganganapalli",,,12,,,,,,,,,,,,,,,,,,
87,"11_C_65_11","KDP_C_65_11_CHENNURU","Yadavapuram",,,11,,,,,,,,,,,,,,,,,,
88,"11_C_65_11","KDP_C_65_11_CHENNURU","Kokkarayapalli",,,2,,,,2,,,,,,,,,,,,,,
89,"11_C_65_11","KDP_C_65_11_CHENNURU","Chennuru",,,0,,,,66,,,,,,,,,,,,,,
90,"11_C_65_11","KDP_C_65_11_CHENNURU","Nazeerbeigpalli",,,0,,,,10,,,,,,,,,,,,,,
91,"11_C_65_11","KDP_C_65_11_CHENNURU","Gurrampadu",,,0,,,,43,,,,,,,,,,,,,,
92,"11_C_65_11","KDP_C_65_11_CHENNURU","Ramanapalli",,,0,,,,79,,,,,,,,,,,,,,
93,"11_C_65_11","KDP_C_65_11_CHENNURU","Upparapalli",,,28,,,,27,,,,,,,,,,,,,,
94,"11_C_65_11","KDP_C_65_11_CHENNURU","Dugganapalli",,,0,,,,79,,,,,,,,,,,,,,
95,"11_C_65_11","KDP_C_65_11_CHENNURU","Chinnamachupalli",,,18,,,,,,,,,,,,,,,,,,
96,"11_C_65_11","KDP_C_65_11_CHENNURU","Rudrabharatipet",,,0,,,,0,,,,,,,,,,,,,,
97,"11_C_65_11","KDP_C_65_11_CHENNURU","Rachinayanapalli",,,11,,,,,,,,,,,,,,,,,,
98,"11_C_65_11","KDP_C_65_11_CHENNURU","Mundlapalli",,,26,,,,,,,,,,,,,,,,,,
99,"11_C_65_11","KDP_C_65_11_CHENNURU","Kopparthi",,,54,,,,,,,,,,,,,,,,,,
100,"11_C_65_11","KDP_C_65_11_CHENNURU","Tadigotla",,,26,,,,,,,,,,,,,,,,,,
101,"11_C_65_11","KDP_C_65_11_CHENNURU","Royalapanthulapalli",,,6,,,,,,,,,,,,,,,,,,
102,"11_C_65_11","KDP_C_65_11_CHENNURU","T.Ramachandrapuram",,,12,,,,,,,,,,,,,,,,,,
103,"11_C_65_11","KDP_C_65_11_CHENNURU","Krishnapuram",,,7,,,,,,,,,,,,,,,,,,
104,"11_C_65_11","KDP_C_65_11_CHENNURU","Pabbapuram",,,,,,,,,,29,,,,,,,,,,,
105,"11_C_65_11","KDP_C_65_11_CHENNURU","Papasahebpet",,,1,,,,,,,,,,,,,,,,,,
106,"11_C_65_11","KDP_C_65_11_CHENNURU","Cherlopalli",,,1,,,,,,,,,,,,,,,,,,
107,"11_C_65_11","KDP_C_65_11_CHENNURU","Balupalli",,,2,,,,,,,,,,,,,,,,,,
108,"11_C_65_11","KDP_C_65_11_CHENNURU","K.Ramachandrapuram",,,,,,,,,,8,,,,,,,,,,,
109,"11_C_65_11","KDP_C_65_11_CHENNURU","Kammavaripalli",,,,,,,,,,27,,,,,,,,,,,
110,"11_C_65_11","KDP_C_65_11_CHENNURU","Apparajupalli",,,33,,,,,,,,,,,,,,,,,,
111,"11_C_65_11","KDP_C_65_11_CHENNURU","Ganganapalli",,,,,,,,,,95,,,,,,,,,,,
112,"11_C_65_11","KDP_C_65_11_CHENNURU","Tippireddypalli",,,,,,,,,,227,,,,,,,,,,,
113,"11_C_65_11","KDP_C_65_11_CHENNURU","K.Giriyampalli",,,,,,,,,,79,,,,,,,,,,,
114,"11_C_65_12","KDP_C_65_12_KADAPA","Guduru",,,0,,,,,,,,,,,,,,,,,,
115,"11_C_65_12","KDP_C_65_12_KADAPA","Pathacuddapah",,,0,,,,,,,,,,,,,,,,,,
116,"11_C_65_12","KDP_C_65_12_KADAPA","Ukkayapalli",,,121,,,,,,,,,,,,,,,,,,
117,"11_C_65_12","KDP_C_65_12_KADAPA","Chemmumiyapet",,,0,,,,,,,,,,,,,,,,,,
118,"11_C_65_12","KDP_C_65_12_KADAPA","Akkyapalli",,,0,,,,,,,,,,,,,,,,,,
119,"11_C_65_12","KDP_C_65_12_KADAPA","Palempalli",,,96,,,,,,,,,,,,,,,,,,
120,"11_C_65_12","KDP_C_65_12_KADAPA","Chinnachowk",,,25,,,,,,,,,,,,,,,,,,
121,"11_C_65_12","KDP_C_65_12_KADAPA","Ramarajupalli",,,8,,,,,,,,,,,,,,,,,,
122,"11_C_65_12","KDP_C_65_12_KADAPA","Nagarajupet",,,0,,,,,,,,,,,,,,,,,,
123,"11_C_65_12","KDP_C_65_12_KADAPA","Cuddapah",,,0,,,,,,,,,,,,,,,,,,
124,"11_C_65_12","KDP_C_65_12_KADAPA","Putlampalli",,,23,,,,,,,,,,,,,,,,,,
125,"11_C_65_12","KDP_C_65_12_KADAPA","Chintakommadinne",,,165,,,,,,,,,,,,,,,,,,
126,"11_C_65_12","KDP_C_65_12_KADAPA","Utukuru",,,174,,,,,,,,,,,,,,,,,,
127,"11_C_65_12","KDP_C_65_12_KADAPA","Viswanathapuram",,,0,,,,,,,,,,,,,,,,,,
128,"11_C_65_12","KDP_C_65_12_KADAPA","Mamillapalli",,,72,,,,,,,,,,,,,,,,,,
129,"11_C_65_12","KDP_C_65_12_KADAPA","Buggalapalli",,,150,,,,,,,,,,,,,,,,,,
130,"11_C_65_12","KDP_C_65_12_KADAPA","Rudraiahgaripalli",,,88,,,,,,,,,,,,,,,,,,
131,"11_C_65_12","KDP_C_65_12_KADAPA","Buggaletipalli",,,88,,,,,,,,,,,,,,,,,,
132,"11_C_65_12","KDP_C_65_12_KADAPA","Kolumulapalli",,,81,,,,,,,,,,,,,,,,,,
133,"11_C_65_12","KDP_C_65_12_KADAPA","Jamalpalli",,,31,,,,,,,,,,,,,,,,,,
134,"11_C_65_12","KDP_C_65_12_KADAPA","Chinnakampalli",,,43,,,,,,,,,,,,,,,,,,
135,"11_C_65_12","KDP_C_65_12_KADAPA","Peddakampalli",,,9,,,,,,,,,,,,,,,,,,
136,"11_C_65_12","KDP_C_65_12_KADAPA","Ippenta",,,265,,,,,,,,,,,,,,,,,,
137,"11_C_65_12","KDP_C_65_12_KADAPA","RF",,,0,,,,,,,,,,,,,,,,,,
138,"11_C_65_16","KDP_C_67_16_KONDAPURAM","Kondapuram",,0,0,0,0,0,120,,,,,,,,,,,,,,
139,"11_C_65_16","KDP_C_67_16_KONDAPURAM","Obannapet",,0,0,0,0,0,121,,,,,,,,,,,,,,
140,"11_C_65_16","KDP_C_67_16_KONDAPURAM","Anantapuram",,0,72,0,0,0,0,,,,,,,,,,,,,,
141,"11_C_65_16","KDP_C_67_16_KONDAPURAM","Penujuvvi",,0,0,0,0,0,38,,,,,,,,,,,,,,
142,"11_C_65_16","KDP_C_67_16_KONDAPURAM","Pottipadu",,0,0,0,0,0,63,,,,,,,,,,,,,,
143,"11_C_65_16","KDP_C_67_16_KONDAPURAM","Donkupalli",,0,15,0,0,0,,,,,,,,,,,,,,,
144,"11_C_65_16","KDP_C_67_16_KONDAPURAM","S.Timmapuram",,0,96,0,0,0,,,,,,,,,,,,,,,
145,"11_C_65_16","KDP_C_67_16_KONDAPURAM","Lavanur",,,,,,,,,0,26,0,0,0,,,,,,,,
146,"11_C_65_16","KDP_C_67_16_KONDAPURAM","Chinnamanenipalli",,,,,,,,,0,2,0,0,0,,,,,,,,
147,"11_C_65_16","KDP_C_67_16_KONDAPURAM","Lingamanenipalli",,,,,,,,,0,0,0,0,0,,,,,,,,
148,"11_C_65_16","KDP_C_67_16_KONDAPURAM","Venkaiahkalva",,21,38,0,0,0,,,,,,,,,,,,,,,
149,"11_C_65_16","KDP_C_67_16_KONDAPURAM","Pydipalem",,0,40,0,0,0,,,,,,,,,,,,,,,
150,"11_C_65_16","KDP_C_67_16_KONDAPURAM","Chavvaripalli",,0,4,0,0,0,,,,,,,,,,,,,,,
151,"11_C_65_16","KDP_C_67_16_KONDAPURAM","Devathapuram",,0,6,0,0,0,,,,,,,,,,,,,,,
152,"11_C_65_16","KDP_C_67_16_KONDAPURAM","RF",,0,0,,,,,,,,,,,,,,,,,,
153,"11_C_65_17","KDP_C_67_17_ETURU","Yeturu",,0,0,0,0,0,130,,,,,,,,,,,,,,
154,"11_C_65_17","KDP_C_67_17_ETURU","Beduduru",,0,0,0,0,0,187,,,,,,,,,,,,,,
155,"11_C_65_17","KDP_C_67_17_ETURU","Yanamalachintala",,0,0,0,0,0,110,,,,,,,,,,,,,,
156,"11_C_65_17","KDP_C_67_17_ETURU","Sivapuram",,0,0,0,0,0,26,,,,,,,,,,,,,,
157,"11_C_65_18","KDP_C_67_18_PARNAPALLI","Komanutala",,0,101,0,0,0,,,,,,,,,,,,,,,
158,"11_C_65_18","KDP_C_67_18_PARNAPALLI","Velidandla",,0,89,0,0,0,,,,,,,,,,,,,,,
159,"11_C_65_18","KDP_C_67_18_PARNAPALLI","Parnapalli",,0,24,0,0,0,78,,,,,,,,,,,,,,
160,"11_C_65_19","KDP_C_68_19_T.M.PATNAM","Chinnaventurla",,,,,,,,,0,10,0,0,0,,,,,,,,
161,"11_C_65_19","KDP_C_68_19_T.M.PATNAM","B. Venkatapuram",,,,,,,,,0,2,0,0,0,,,,,,,,
162,"11_C_65_19","KDP_C_68_19_T.M.PATNAM","Bestavemula",,,,,,,,,0,33,0,0,0,,,,,,,,
163,"11_C_65_19","KDP_C_68_19_T.M.PATNAM","Kallutla",,,,,,,,,0,26,0,0,0,,,,,,,,
164,"11_C_65_19","KDP_C_68_19_T.M.PATNAM","A.Kambaladinne",,,,,,,,,0,16,0,0,0,,,,,,,,
165,"11_C_65_19","KDP_C_68_19_T.M.PATNAM","Nawabpet",,,,,,,,,0,19,0,0,0,,,,,,,,
166,"11_C_65_19","KDP_C_68_19_T.M.PATNAM","Chinnakomerla",,0,106,0,0,0,,,,,,,,,,,,,,,
167,"11_C_65_19","KDP_C_68_19_T.M.PATNAM","Dugganapalli",,,,,,,,,0,15,0,0,0,,,,,,,,
168,"11_C_65_19","KDP_C_68_19_T.M.PATNAM","Talamanchipatnam",,,,,,,,,0,70,0,0,0,,,,,,,,
169,"11_C_65_19","KDP_C_68_19_T.M.PATNAM","Madhavaram",,,,,,,,,0,26,0,0,0,,,,,,,,
170,"11_C_65_19","KDP_C_68_19_T.M.PATNAM","Golla Uppalapadu",,,,,,,,,0,19,0,0,0,,,,,,,,
171,"11_C_65_19","KDP_C_68_19_T.M.PATNAM","Gollapalli",,,,,,,,,0,8,0,0,0,,,,,,,,
172,"11_C_65_19","KDP_C_68_19_T.M.PATNAM","Vaddiralla",,,,,,,,,0,29,0,0,0,,,,,,,,
173,"11_C_65_19","KDP_C_68_19_T.M.PATNAM","Dhannavada",,,,,,,,,0,23,0,0,0,,,,,,,,
174,"11_C_65_19","KDP_C_68_19_T.M.PATNAM","Murapandi",,,,,,,,,0,53,0,0,0,,,,,,,,
175,"11_C_65_19","KDP_C_68_19_T.M.PATNAM","Nakkavanipalli",,,,,,,,,0,79,0,0,0,,,,,,,,
176,"11_C_65_19","KDP_C_68_19_T.M.PATNAM","Dhodium",,,,,,,,,0,74,0,0,0,,,,,,,,
177,"11_C_65_19","KDP_C_68_19_T.M.PATNAM","Kona Anantapuram",,,,,,,,,0,0,0,0,0,,,,,,,,
178,"11_C_65_19","KDP_C_68_19_T.M.PATNAM","Ramachandrayapalli",,,,,,,,,0,75,0,0,0,,,,,,,,
179,"11_C_65_19","KDP_C_68_19_T.M.PATNAM","Ponnampalli",,,,,,,,,0,86,0,0,0,,,,,,,,
180,"11_C_65_19","KDP_C_68_19_T.M.PATNAM","Thorrivemula",,0,107,0,0,0,,,,,,,,,,,,,,,
181,"11_C_65_19","KDP_C_68_19_T.M.PATNAM","Veparala",,0,33,0,0,0,,,,,,,,,,,,,,,
182,"11_C_65_19","KDP_C_68_19_T.M.PATNAM","M.Kambaladinne",,,,,,,,,0,87,0,0,0,,,,,,,,
183,"11_C_65_19","KDP_C_68_19_T.M.PATNAM","DommaraNandyala",,0,55,0,0,0,,,,,,,,,,,,,,,
184,"11_C_65_19","KDP_C_68_19_T.M.PATNAM","Garisalur",,6,16,0,0,0,,,,,,,,,,,,,,,
185,"11_C_65_19","KDP_C_68_19_T.M.PATNAM","Chinnamudium",,0,24,0,0,0,,,,,,,,,,,,,,,
186,"11_C_65_19","KDP_C_68_19_T.M.PATNAM","Bodithippanapadu",,0,36,0,0,0,,,,,,,,,,,,,,,
187,"11_C_65_19","KDP_C_68_19_T.M.PATNAM","Bhutamapuram",,,,,,,,,0,19,0,0,0,,,,,,,,
188,"11_C_65_19","KDP_C_68_19_T.M.PATNAM","Bheemagundam",,,,,,,,,0,8,0,0,0,,,,,,,,
189,"11_C_65_19","KDP_C_68_19_T.M.PATNAM","Gundlakunta",,0,27,0,0,0,,,,,,,,,,,,,,,
190,"11_C_65_19","KDP_C_68_19_T.M.PATNAM","Medidinne",,0,57,0,0,0,,,,,,,,,,,,,,,
191,"11_C_65_19","KDP_C_68_19_T.M.PATNAM","Chadipiralladinne",,0,5,0,0,0,,,,,,,,,,,,,,,
192,"11_C_65_19","KDP_C_68_19_T.M.PATNAM","Chinnapasupula",,0,12,0,0,0,,,,,,,,,,,,,,,
193,"11_C_65_19","KDP_C_68_19_T.M.PATNAM","Salevariuppaluru",,0,29,,,,,,,,,,,,,,,,,,
194,"11_C_65_20","KDP_C_68_20_DIGUVAKALVATALA","Kondasunkesula",,,,,,,,,0,93,0,0,0,,,,,,,,
195,"11_C_65_20","KDP_C_68_20_DIGUVAKALVATALA","Diguvakalvatala",,,,,,,,,12,36,0,0,0,,,,,,,,
196,"11_C_65_20","KDP_C_68_20_DIGUVAKALVATALA","Papayapalli",,,,,,,,,0,28,0,0,0,,,,,,,,
197,"11_C_65_20","KDP_C_68_20_DIGUVAKALVATALA","Nagireddypalli",,,,,,,,,0,14,0,0,0,,,,,,,,
198,"11_C_65_20","KDP_C_68_20_DIGUVAKALVATALA","Nagarajupalli",,,,,,,,,0,16,0,0,0,,,,,,,,
199,"11_C_65_20","KDP_C_68_20_DIGUVAKALVATALA","Paluru",,0,24,0,0,0,,,,,,,,,,,,,,,
200,"11_C_65_20","KDP_C_68_20_DIGUVAKALVATALA","Gopalapuram",,0,4,0,0,0,,,,,,,,,,,,,,,
201,"11_C_65_20","KDP_C_68_20_DIGUVAKALVATALA","B.Venkatapuram",,0,18,0,0,0,,,,,,,,,,,,,,,
202,"11_C_65_21","KDP_C_68_21_PEDDAMUDIUM","Peddamudium",,0,22,0,0,0,,,,,,,,,,,,,,,
203,"11_C_65_21","KDP_C_68_21_PEDDAMUDIUM","Suddapalli",,8,9,0,0,0,,,,,,,,,,,,,,,
204,"11_C_65_21","KDP_C_68_21_PEDDAMUDIUM","Jangalapalli",,0,44,0,0,0,,,,,,,,,,,,,,,
205,"11_C_65_21","KDP_C_68_21_PEDDAMUDIUM","J.Kothapalli",,0,1,0,0,0,,,,,,,,,,,,,,,
206,"11_C_65_21","KDP_C_68_21_PEDDAMUDIUM","Uppaluru",,0,8,0,0,0,,,,,,,,,,,,,,,
207,"11_C_65_21","KDP_C_68_21_PEDDAMUDIUM","Balapanagudur",,4,14,0,0,0,,,,,,,,,,,,,,,
208,"11_C_65_21","KDP_C_68_21_PEDDAMUDIUM","Gopayapalli",,4,6,0,0,0,,,,,,,,,,,,,,,
209,"11_C_65_22","KDP_C_68_22_RAJUPALEM","Nemalladinne",,22,60,,,,,,,,,,,,,,,,,,
210,"11_C_65_22","KDP_C_68_22_RAJUPALEM","N.Kottalapalli",,0,6,,,,,,,,,,,,,,,,,,
211,"11_C_65_22","KDP_C_68_22_RAJUPALEM","Peddapasupala",,0,1,,,,,,,,,,,,,,,,,,
212,"11_C_65_22","KDP_C_68_22_RAJUPALEM","Ulavapalli",,0,4,,,,,,,,,,,,,,,,,,
213,"11_C_65_22","KDP_C_68_22_RAJUPALEM","Vellala",,10,20,,,,,,,,,,,,,,,,,,
214,"11_C_65_22","KDP_C_68_22_RAJUPALEM","Paidala",,10,2,,,,,,,,,,,,,,,,,,
215,"11_C_65_22","KDP_C_68_22_RAJUPALEM","Daddanala",,3,4,,,,,,,,,,,,,,,,,,
216,"11_C_65_22","KDP_C_68_22_RAJUPALEM","Kulluru",,1,44,,,,,,,,,,,,,,,,,,
217,"11_C_65_22","KDP_C_68_22_RAJUPALEM","Gadeguduru",,0,41,,,,,,,,,,,,,,,,,,
218,"11_C_65_22","KDP_C_68_22_RAJUPALEM","Tangaturu",,19,29,,,,,,,,,,,,,,,,,,
219,"11_C_65_22","KDP_C_68_22_RAJUPALEM","Arkatavemula",,10,28,,,,,,,,,,,,,,,,,,
220,"11_C_65_22","KDP_C_68_22_RAJUPALEM","Parlapadu",,6,2,,,,,,,,,,,,,,,,,,
221,"11_C_65_22","KDP_C_68_22_RAJUPALEM","Rajupalem",,1,0,,,,,,,,,,,,,,,,,,
222,"11_C_65_22","KDP_C_68_22_RAJUPALEM","Thondaladinne",,0,2,,,,,,,,,,,,,,,,,,
223,"11_C_65_22","KDP_C_68_22_RAJUPALEM","Eruvupalem",,0,2,,,,,,,,,,,,,,,,,,
224,"11_C_65_22","KDP_C_68_22_RAJUPALEM","Chinnajonnavaram",,10,18,,,,,,,,,,,,,,,,,,
225,"11_C_65_22","KDP_C_68_22_RAJUPALEM","Velavali",,0,0,,,,108,,,,,,,,,,,,,,
226,"11_C_65_23","KDP_C_68_23_CHAPADU","G.Kothapalli",,0,1,,,,,,,,,,,,,,,,,,
227,"11_C_65_23","KDP_C_68_23_CHAPADU","Chinnasettipalli",,0,0,,,,,,,,,,,,,,,,,,
228,"11_C_65_23","KDP_C_68_23_CHAPADU","Pottipadu",,0,0,,,,,,,,,,,,,,,,,,
229,"11_C_65_23","KDP_C_68_23_CHAPADU","Korrapadu",,0,12,,,,,,,,,,,,,,,,,,
230,"11_C_65_23","KDP_C_68_23_CHAPADU","Chapadu",,0,0,,,,108,,,,,,,,,,,,,,
231,"11_C_65_23","KDP_C_68_23_CHAPADU","Pallavolu",,0,0,,,,145,,,,,,,,,,,,,,
232,"11_C_65_23","KDP_C_68_23_CHAPADU","Thummalapadu",,0,31,,,,,,,,,,,,,,,,,,
233,"11_C_65_23","KDP_C_68_23_CHAPADU","Budidepadu",,0,0,,,,62,,,,,,,,,,,,,,
234,"11_C_65_23","KDP_C_68_23_CHAPADU","Anantapuram",,0,0,,,,251,,,,,,,,,,,,,,
235,"11_C_65_23","KDP_C_68_23_CHAPADU","Kutchupapa",,0,0,,,,120,,,,,,,,,,,,,,
236,"11_C_65_23","KDP_C_68_23_CHAPADU","Vedururu",,0,0,,,,284,,,,,,,,,,,,,,
237,"11_C_65_23","KDP_C_68_23_CHAPADU","Bollavaram",,0,0,,,,,,,,,,,,,,,,,,
238,"11_C_65_23","KDP_C_68_23_CHAPADU","Proddatur",,0,0,,,,117,,,,,,,,,,,,,,
239,"11_C_65_23","KDP_C_68_23_CHAPADU","Gopavaram",,0,0,,,,,,,,,,,,,,,,,,
240,"11_C_65_23","KDP_C_68_23_CHAPADU","Kamanuru",,0,0,,,,218,,,,,,,,,,,,,,
241,"11_C_65_23","KDP_C_68_23_CHAPADU","Sarvireddypalli",,0,0,,,,,,,,,,,,,,,,,,
242,"11_C_65_23","KDP_C_68_23_CHAPADU","Upparapalli",,0,0,,,,143,,,,,,,,,,,,,,
243,"11_C_65_23","KDP_C_68_23_CHAPADU","Tallamapuram",,0,0,,,,177,,,,,,,,,,,,,,
244,"11_C_65_23","KDP_C_68_23_CHAPADU","Yerraguntapalli",,0,0,,,,45,,,,,,,,,,,,,,
245,"11_C_65_24","KDP_C_68_24_DUVVURU","Idamadaka",,99,62,,,,,,,,,,,,,,,,,,
246,"11_C_65_24","KDP_C_68_24_DUVVURU","Kanagudur",,34,132,,,,,,,,,,,,,,,,,,
247,"11_C_65_24","KDP_C_68_24_DUVVURU","Ramachandrapuram",,12,9,,,,,,,,,,,,,,,,,,
248,"11_C_65_24","KDP_C_68_24_DUVVURU","Dasaripalli",,34,88,,,,,,,,,,,,,,,,,,
249,"11_C_65_24","KDP_C_68_24_DUVVURU","Neelapuram",,60,68,,,,,,,,,,,,,,,,,,
250,"11_C_65_24","KDP_C_68_24_DUVVURU","Jillella",,37,151,,,,,,,,,,,,,,,,,,
251,"11_C_65_24","KDP_C_68_24_DUVVURU","Peddajonnavaram",,0,20,,,,,,,,,,,,,,,,,,
252,"11_C_65_24","KDP_C_68_24_DUVVURU","Duvvur",,134,238,,,,,,,,,,,,,,,,,,
253,"11_C_65_24","KDP_C_68_24_DUVVURU","Madirepalli",,55,159,,,,,,,,,,,,,,,,,,
254,"11_C_65_24","KDP_C_68_24_DUVVURU","Chinnasinganapalli",,32,83,,,,,,,,,,,,,,,,,,
255,"11_C_65_24","KDP_C_68_24_DUVVURU","Manerampalli",,6,30,,,,,,,,,,,,,,,,,,
256,"11_C_65_24","KDP_C_68_24_DUVVURU","Rajupalem",,3,45,,,,,,,,,,,,,,,,,,
257,"11_C_65_24","KDP_C_68_24_DUVVURU","Nelatur",,1,25,,,,,,,,,,,,,,,,,,
258,"11_C_65_24","KDP_C_68_24_DUVVURU","Balakkivaripalli",,0,1,,,,,,,,,,,,,,,,,,
259,"11_C_65_24","KDP_C_68_24_DUVVURU","Machanapalli",,67,79,,,,,,,,,,,,,,,,,,
260,"11_C_65_24","KDP_C_68_24_DUVVURU","Annapusastrulapalli",,2,18,,,,,,,,,,,,,,,,,,
261,"11_C_65_24","KDP_C_68_24_DUVVURU","Maduru",,0,0,,,,184,,,,,,,,,,,,,,
262,"11_C_65_24","KDP_C_68_24_DUVVURU","Vengannagaripalli",,0,30,,,,,,,,,,,,,,,,,,
263,"11_C_65_25","KDP_C_68_25_MYDUKURU","T.Sallabhasayapalli",,7,48,,,,,,,,,,,,,,,,,,
264,"11_C_65_25","KDP_C_68_25_MYDUKURU","Gollapalli",,9,44,,,,,,,,,,,,,,,,,,
265,"11_C_65_25","KDP_C_68_25_MYDUKURU","Gudipadu",,38,108,,,,,,,,,,,,,,,,,,
266,"11_C_65_25","KDP_C_68_25_MYDUKURU","Chintakunta",,24,132,,,,,,,,,,,,,,,,,,
267,"11_C_65_25","KDP_C_68_25_MYDUKURU","Yakarlapalem",,,,,,,,,0,0,,,,,,,,,,,
268,"11_C_65_25","KDP_C_68_25_MYDUKURU","Tippireddypalli",,,,,,,,,0,112,,,,,,,,,,,
269,"11_C_65_25","KDP_C_68_25_MYDUKURU","Mudireddypalli",,,,,,,,,0,47,,,,,,,,,,,
270,"11_C_65_25","KDP_C_68_25_MYDUKURU","Adireddypalli",,0,125,,,,,,,,,,,,,,,,,,
271,"11_C_65_25","KDP_C_68_25_MYDUKURU","Ganjikunta",,0,322,,,,,,,,,,,,,,,,,,
272,"11_C_65_25","KDP_C_68_25_MYDUKURU","Gaddamayapalli",,0,43,,,,,,,,,,,,,,,,,,
273,"11_C_65_25","KDP_C_68_25_MYDUKURU","Lingaladinne",,0,66,,,,,,,,,,,,,,,,,,
274,"11_C_65_25","KDP_C_68_25_MYDUKURU","Vanipenta",,0,305,,,,,,,,,,,,,,,,,,
275,"11_C_65_25","KDP_C_68_25_MYDUKURU","N.Mydukur",,0,314,,,,,,,,,,,,,,,,,,
276,"11_C_65_25","KDP_C_68_25_MYDUKURU","Miduthuru",,25,54,,,,,,,,,,,,,,,,,,
277,"11_C_65_25","KDP_C_68_25_MYDUKURU","Eturu",,0,0,,,,122,,,,,,,,,,,,,,
278,"11_C_65_25","KDP_C_68_25_MYDUKURU","Thripuravaram",,0,0,,,,42,,,,,,,,,,,,,,
279,"11_C_65_25","KDP_C_68_25_MYDUKURU","Chiyyapadu",,0,140,,,,135,,,,,,,,,,,,,,
280,"11_C_65_25","KDP_C_68_25_MYDUKURU","Morrayapalli",,0,3,,,,,,,,,,,,,,,,,,
281,"11_C_65_25","KDP_C_68_25_MYDUKURU","Pitchapadu",,0,40,,,,,,,,,,,,,,,,,,
282,"11_C_65_25","KDP_C_68_25_MYDUKURU","Somapuram",,0,31,,,,,,,,,,,,,,,,,,
283,"11_C_65_25","KDP_C_68_25_MYDUKURU","Bhadripalli",,0,53,,,,,,,,,,,,,,,,,,
284,"11_C_65_25","KDP_C_68_25_MYDUKURU","Nerrawada",,0,30,,,,,,,,,,,,,,,,,,
285,"11_C_65_25","KDP_C_68_25_MYDUKURU","Kethavaram",,0,25,,,,22,,,,,,,,,,,,,,
286,"11_C_65_25","KDP_C_68_25_MYDUKURU","Alladupalli",,0,124,,,,110,,,,,,,,,,,,,,
287,"11_C_65_25","KDP_C_68_25_MYDUKURU","Peddaguruvaluru",,0,33,,,,,,,,,,,,,,,,,,
288,"11_C_65_25","KDP_C_68_25_MYDUKURU","Chinnaguruvaluru",,0,33,,,,,,,,,,,,,,,,,,
289,"11_C_65_31","KDP_C_69_31_VEMPALLI","Tangedupalli",,,,,,,,,12,33,0,0,0,,,,,,,,
290,"11_C_65_31","KDP_C_69_31_VEMPALLI","U.Rajupalem",,,,,,,,,18,0,0,0,0,107,,,,,,,
291,"11_C_65_31","KDP_C_69_31_VEMPALLI","Vemaplli",,0,0,0,0,0,389,,,,,,,,,,,,,,
292,"11_C_65_31","KDP_C_69_31_VEMPALLI","T.Velamavaripalli",,0,124,0,0,0,,,,,,,,,,,,,,,
293,"11_C_65_31","KDP_C_69_31_VEMPALLI","Addalamarri",,,,,,,,,13,0,0,0,0,86,,,,,,,
294,"11_C_65_31","KDP_C_69_31_VEMPALLI","Komarakalva",,,,,,,,,36,149,0,0,0,,,,,,,,
295,"11_C_65_31","KDP_C_69_31_VEMPALLI","ErraBommanapalli",,,,,,,,,48,59,0,0,0,,,,,,,,
296,"11_C_65_31","KDP_C_69_31_VEMPALLI","RF",,,,,,,,,0,0,0,0,0,,,,,,,,
297,"11_C_65_32","KDP_C_69_32_TALLAPALLI","V.Kothapalli",,,114,0,0,0,,,,,,,,,,,,,,,
298,"11_C_65_32","KDP_C_69_32_TALLAPALLI","South palagiri",,,,,,,,,,20,0,0,0,,,,,,,,
299,"11_C_65_32","KDP_C_69_32_TALLAPALLI","Gonamakulapalli",,,,,,,,,,85,0,0,0,,,,,,,,
300,"11_C_65_32","KDP_C_69_32_TALLAPALLI","Kathaluru",,,60,0,0,0,,,,,,,,,,,,,,,
301,"11_C_65_32","KDP_C_69_32_TALLAPALLI","Pamuluru",,,,,,,,,,80,0,0,0,,,,,,,,
302,"11_C_65_32","KDP_C_69_32_TALLAPALLI","Tallapalli",,,89,0,0,0,,,,,,,,,,,,,,,
303,"11_C_65_33","KDP_C_69_33_VEMULA","Polepalli",,,53,0,0,0,,,,,,,,,,,,,,,
304,"11_C_65_33","KDP_C_69_33_VEMULA","Boggudapalli",,,70,0,0,0,,,,,,,,,,,,,,,
305,"11_C_65_33","KDP_C_69_33_VEMULA","Bakarapuram",,,23,0,0,0,,,,,,,,,,,,,,,
306,"11_C_65_33","KDP_C_69_33_VEMULA","K.Velamavaripalli",,,132,0,0,0,,,,,,,,,,,,,,,
307,"11_C_65_33","KDP_C_69_33_VEMULA","Peddajuturu",,,58,0,0,0,,,,,,,,,,,,,,,
308,"11_C_65_33","KDP_C_69_33_VEMULA","Chinnajuturu",,,20,0,0,0,,,,,,,,,,,,,,,
309,"11_C_65_33","KDP_C_69_33_VEMULA","Gollalaguduru",,,66,0,0,0,,,,,,,,,,,,,,,
310,"11_C_65_33","KDP_C_69_33_VEMULA","Pendluru",,,29,0,0,0,,,,,,,,,,,,,,,
311,"11_C_65_33","KDP_C_69_33_VEMULA","Pernapadu",,,45,0,0,0,,,,,,,,,,,,,,,
312,"11_C_65_33","KDP_C_69_33_VEMULA","Chagaleru",,,85,0,0,0,,,,,,,,,,,,,,,
313,"11_C_65_33","KDP_C_69_33_VEMULA","Gondapalli",,,101,0,0,0,,,,,,,,,,,,,,,
314,"11_C_65_33","KDP_C_69_33_VEMULA","Vemula",,,231,0,0,0,,,,,,,,,,,,,,,
315,"11_C_65_33","KDP_C_69_33_VEMULA","Velpula",,,180,0,0,0,,,,,,,,,,,,,,,
316,"11_C_65_33","KDP_C_69_33_VEMULA","Meedipenta",,,156,0,0,0,,,,,,,,,,,,,,,
317,"11_C_65_33","KDP_C_69_33_VEMULA","Muthukuru",,,56,0,0,0,,,,,,,,,,,,,,,
318,"11_C_65_33","KDP_C_69_33_VEMULA","Naguru",,,96,0,0,0,,,,,,,,,,,,,,,
319,"11_C_65_33","KDP_C_69_33_VEMULA","Alavalapadu",,,106,0,0,0,,,,,,,,,,,,,,,
320,"11_C_65_33","KDP_C_69_33_VEMULA","RF",,,0,0,0,0,,,,,,,,,,,,,,,
321,"11_C_65_35","KDP_C_69_35_PULIVENDULA","Atchavelli",,,56,0,0,0,,,,,,,,,,,,,,,
322,"11_C_65_35","KDP_C_69_35_PULIVENDULA","Ulimela",,,111,0,0,0,,,,,,,,,,,,,,,
323,"11_C_65_35","KDP_C_69_35_PULIVENDULA","Ahobilapuram",,,40,0,0,0,,,,,,,,,,,,,,,
324,"11_C_65_35","KDP_C_69_35_PULIVENDULA","Pulivendula",,,23,0,0,0,,,,,,,,,,,,,,,
325,"11_C_65_35","KDP_C_69_35_PULIVENDULA","Kachivaripalli",,,16,0,0,0,,,,,,,,,,,,,,,
326,"11_C_65_35","KDP_C_69_35_PULIVENDULA","Nallacheruvupalli",,,158,0,0,0,,,,,,,,,,,,,,,
327,"11_C_65_35","KDP_C_69_35_PULIVENDULA","Gundlamadugu",,,53,0,0,0,,,,,,,,,,,,,,,
328,"11_C_65_35","KDP_C_69_35_PULIVENDULA","Sydapuram",,,51,0,0,0,,,,,,,,,,,,,,,
329,"11_C_65_35","KDP_C_69_35_PULIVENDULA","Jalapartha",,,42,0,0,0,,,,,,,,,,,,,,,
330,"11_C_65_35","KDP_C_69_35_PULIVENDULA","Paluru",,,28,0,0,0,,,,,,,,,,,,,,,
331,"11_C_65_35","KDP_C_69_35_PULIVENDULA","Yadavakunta",,,11,0,0,0,,,,,,,,,,,,,,,
332,"11_C_65_35","KDP_C_69_35_PULIVENDULA","Goturu",,,5,0,0,0,,,,,,,,,,,,,,,
333,"11_C_65_35","KDP_C_69_35_PULIVENDULA","Thimmapurampet",,,0,0,0,0,,,,,,,,,,,,,,,
334,"11_C_65_35","KDP_C_69_35_PULIVENDULA","RF",,,0,,,,,,,,,,,,,,,,,,
335,"11_C_65_36","KDP_C_69_36_LINGALA","Peddakudala",,,132,0,0,0,,,,,,,,,,,,,,,
336,"11_C_65_36","KDP_C_69_36_LINGALA","Lingala",,,124,0,0,0,,,,,,,,,,,,,,,
337,"11_C_65_36","KDP_C_69_36_LINGALA","Murarichintala",,,88,0,0,0,,,,,,,,,,,,,,,
338,"11_C_65_36","KDP_C_69_36_LINGALA","Gunakanapalli",,,79,0,0,0,,,,,,,,,,,,,,,
339,"11_C_65_36","KDP_C_69_36_LINGALA","Ramatnutalapalli",,,55,0,0,0,,,,,,,,,,,,,,,
340,"11_C_65_36","KDP_C_69_36_LINGALA","Chinnakudala",,,38,0,0,0,,,,,,,,,,,,,,,
341,"11_C_65_36","KDP_C_69_36_LINGALA","Narasimharaopalli",,,9,0,0,0,,,,,,,,,,,,,,,
342,"11_C_65_36","KDP_C_69_36_LINGALA","Vadlavaripalli",,,11,0,0,0,,,,,,,,,,,,,,,
343,"11_C_65_36","KDP_C_69_36_LINGALA","Ippatla",,,0,0,0,0,,,,,,,,,,,,,,,
344,"11_C_65_36","KDP_C_69_36_LINGALA","Herojipuram",,,15,0,0,0,,,,,,,,,,,,,,,
345,"11_C_65_36","KDP_C_69_36_LINGALA","Korrapadu",,,115,0,0,0,,,,,,,,,,,,,,,
346,"11_C_65_36","KDP_C_69_36_LINGALA","Venkatampalli",,,36,0,0,0,,,,,,,,,,,,,,,
347,"11_C_65_36","KDP_C_69_36_LINGALA","Ragimanupalli",,,68,0,0,0,,,,,,,,,,,,,,,
348,"11_C_65_36","KDP_C_69_36_LINGALA","Rachamarripalli",,,57,0,0,0,,,,,,,,,,,,,,,
349,"11_C_65_36","KDP_C_69_36_LINGALA","Peddarangapuram",,,11,0,0,0,,,,,,,,,,,,,,,
350,"11_C_65_36","KDP_C_69_36_LINGALA","Chinnarangapuram",,,56,0,0,0,,,,,,,,,,,,,,,
351,"11_C_65_36","KDP_C_69_36_LINGALA","Brahmanapalli",,,59,0,0,0,,,,,,,,,,,,,,,
352,"11_C_65_36","KDP_C_69_36_LINGALA","Inagalur",,,23,0,0,0,,,,,,,,,,,,,,,
353,"11_C_65_36","KDP_C_69_36_LINGALA","RF",,,0,0,0,0,,,,,,,,,,,,,,,
354,"11_C_65_37","KDP_C_69_37_KONAMPALLI","Ambakapalli",,,44,0,0,0,,,,,,,,,,,,,,,
355,"11_C_65_37","KDP_C_69_37_KONAMPALLI","Errapalli",,,434,0,0,0,,,,,,,,,,,,,,,
356,"11_C_65_37","KDP_C_69_37_KONAMPALLI","Yerragudipalli",,,89,0,0,0,,,,,,,,,,,,,,,
357,"11_C_65_37","KDP_C_69_37_KONAMPALLI","Konampalli",,,24,0,0,0,,,,,,,,,,,,,,,
358,"11_C_65_37","KDP_C_69_37_KONAMPALLI","RF",,,0,0,0,0,,,,,,,,,,,,,,,
359,"11_C_65_38","KDP_C_69_38_KAMASAMUDRAM","Balapanuru",,,170,0,0,0,,,,,,,,,,,,,,,
360,"11_C_65_38","KDP_C_69_38_KAMASAMUDRAM","Bonala",,,96,0,0,0,,,,,,,,,,,,,,,
361,"11_C_65_38","KDP_C_69_38_KAMASAMUDRAM","Kamasamudram",,,107,0,0,0,,,,,,,,,,,,,,,
362,"11_C_65_38","KDP_C_69_38_KAMASAMUDRAM","Dondlavagu",,,24,0,0,0,,,,,,,,,,,,,,,
363,"11_C_65_38","KDP_C_69_38_KAMASAMUDRAM","Lopatlanutala",,,60,0,0,0,,,,,,,,,,,,,,,
364,"11_C_65_38","KDP_C_69_38_KAMASAMUDRAM","Rayalapuram",,,20,0,0,0,,,,,,,,,,,,,,,
365,"11_C_65_38","KDP_C_69_38_KAMASAMUDRAM","Thelluru",,,64,0,0,0,,,,,,,,,,,,,,,
366,"11_C_65_38","KDP_C_69_38_KAMASAMUDRAM","Maduru",,,17,0,0,0,,,,,,,,,,,,,,,
367,"11_C_65_38","KDP_C_69_38_KAMASAMUDRAM","RF",,,0,,,,,,,,,,,,,,,,,,
368,"11_C_65_39","KDP_C_69_39_SIMHADRIPURAM","Nandyalampalli",,,,,,,,,,5,0,0,0,,,,,,,,
369,"11_C_65_39","KDP_C_69_39_SIMHADRIPURAM","Jangamreddypalli",,,,,,,,,,60,0,0,0,,,,,,,,
370,"11_C_65_39","KDP_C_69_39_SIMHADRIPURAM","Theliki",,,,,,,,,,28,0,0,0,,,,,,,,
371,"11_C_65_39","KDP_C_69_39_SIMHADRIPURAM","Muddulapaya",,,,,,,,,,34,0,0,0,,,,,,,,
372,"11_C_65_39","KDP_C_69_39_SIMHADRIPURAM","Ravulakolanu",,,,,,,,,,73,0,0,0,,,,,,,,
373,"11_C_65_39","KDP_C_69_39_SIMHADRIPURAM","Sunkesula",,,,,,,,,,6,0,0,0,,,,,,,,
374,"11_C_65_39","KDP_C_69_39_SIMHADRIPURAM","Duddekunta",,,,,,,,,,24,0,0,0,,,,,,,,
375,"11_C_65_39","KDP_C_69_39_SIMHADRIPURAM","Kasunuru",,,,,,,,,,14,0,0,0,,,,,,,,
376,"11_C_65_39","KDP_C_69_39_SIMHADRIPURAM","Simhadripuram",,,80,0,0,0,,,,,,,,,,,,,,,
377,"11_C_65_39","KDP_C_69_39_SIMHADRIPURAM","Gurijala",,,129,0,0,0,,,,,,,,,,,,,,,
378,"11_C_65_39","KDP_C_69_39_SIMHADRIPURAM","Bidinamcherla",,,196,0,0,0,,,,,,,,,,,,,,,
379,"11_C_65_39","KDP_C_69_39_SIMHADRIPURAM","Himakuntla",,,102,0,0,0,,,,,,,,,,,,,,,
380,"11_C_65_39","KDP_C_69_39_SIMHADRIPURAM","Nidivelagala",,,69,0,0,0,,,,,,,,,,,,,,,
381,"11_C_65_39","KDP_C_69_39_SIMHADRIPURAM","Agraharam",,,17,0,0,0,,,,,,,,,,,,,,,
382,"11_C_65_39","KDP_C_69_39_SIMHADRIPURAM","Ankalammaguduru",,,179,0,0,0,,,,,,,,,,,,,,,
383,"11_C_65_39","KDP_C_69_39_SIMHADRIPURAM","Lomada",,,,,,,,,,108,0,0,0,,,,,,,,
384,"11_C_65_39","KDP_C_69_39_SIMHADRIPURAM","Bhadrampalli",,,,,,,,,,48,,,,,,,,,,,
385,"11_C_65_39","KDP_C_69_39_SIMHADRIPURAM","RF",,,,,,,,,,0,,,,,,,,,,,
386,"11_C_65_49","KDP_C_70_49_SAVISETTIPALLI","Mudumala",,,185,,,,,,,,,,,,,,,,,,
387,"11_C_65_49","KDP_C_70_49_SAVISETTIPALLI","Palugurallapalli",,,111,,,,,,,,,,,,,,,,,,
388,"11_C_65_49","KDP_C_70_49_SAVISETTIPALLI","Godlaveedu",,,40,,,,,,,,,,,,,,,,,,
389,"11_C_65_49","KDP_C_70_49_SAVISETTIPALLI","Chennakesapuram",,,,,,,,,,6,,,,,,,,,,,
390,"11_C_65_49","KDP_C_70_49_SAVISETTIPALLI","Papanapalli",,,6,,,,,,,,,,,,,,,,,,
391,"11_C_65_49","KDP_C_70_49_SAVISETTIPALLI","Akkamgundla",,,,,,,,,,21,,,,,,,,,,,
392,"11_C_65_49","KDP_C_70_49_SAVISETTIPALLI","Katheragandla",,,220,,,,,,,,,,,,,,,,,,
393,"11_C_65_49","KDP_C_70_49_SAVISETTIPALLI","Pagadalapalli",,,26,,,,,,,,,,,,,,,,,,
394,"11_C_65_49","KDP_C_70_49_SAVISETTIPALLI","Savisettipalli",,,111,,,,,,,,,,,,,,,,,,
395,"11_C_65_49","KDP_C_70_49_SAVISETTIPALLI","Vankamarri",,,64,,,,,,,,,,,,,,,,,,
396,"11_C_65_49","KDP_C_70_49_SAVISETTIPALLI","Itugulapadu",,,145,,,,,,,,,,,,,,,,,,
397,"11_C_65_49","KDP_C_70_49_SAVISETTIPALLI","Akkampet",,,6,,,,,,,,,,,,,,,,,,
398,"11_C_65_49","KDP_C_70_49_SAVISETTIPALLI","RF",,,0,,,,,,,,,,,,,,,,,,
399,"11_C_65_50","KDP_C_70_50_PORUMAMILLA","Munnelli",,,373,,,,,,,,,,,,,,,,,,
400,"11_C_65_50","KDP_C_70_50_PORUMAMILLA","Bodugundupalli",,,,,,,,,,15,,,,,,,,,,,
401,"11_C_65_50","KDP_C_70_50_PORUMAMILLA","Koduru",,,185,,,,,,,,,,,,,,,,,,
402,"11_C_65_50","KDP_C_70_50_PORUMAMILLA","Maratipalli",,,19,,,,,,,,,,,,,,,,,,
403,"11_C_65_50","KDP_C_70_50_PORUMAMILLA","Ankanagodugunuru",,,46,,,,,,,,,,,,,,,,,,
404,"11_C_65_50","KDP_C_70_50_PORUMAMILLA","A.Kothapalli",,,,,,,,,,5,,,,,,,,,,,
405,"11_C_65_50","KDP_C_70_50_PORUMAMILLA","Madhavarayunipalli",,,,,,,,,,20,,,,,,,,,,,
406,"11_C_65_50","KDP_C_70_50_PORUMAMILLA","Vemakunta",,,17,,,,,,,,,,,,,,,,,,
407,"11_C_65_50","KDP_C_70_50_PORUMAMILLA","Kamakunta",,,37,,,,,,,,,,,,,,,,,,
408,"11_C_65_50","KDP_C_70_50_PORUMAMILLA","Mekavaripalli",,,132,,,,,,,,,,,,,,,,,,
409,"11_C_65_50","KDP_C_70_50_PORUMAMILLA","Dammanapalli",,,,,,,,,,58,,,,,,,,,,,
410,"11_C_65_50","KDP_C_70_50_PORUMAMILLA","Porumamilla",,,61,,,,,,,,,,,,,,,,,,
411,"11_C_65_50","KDP_C_70_50_PORUMAMILLA","Rangasamudram",,,193,,,,,,,,,,,,,,,,,,
412,"11_C_65_50","KDP_C_70_50_PORUMAMILLA","Puliveedu",,,22,,,,,,,,,,,,,,,,,,
413,"11_C_65_50","KDP_C_70_50_PORUMAMILLA","Perammagaripalli",,,28,,,,,,,,,,,,,,,,,,
414,"11_C_65_50","KDP_C_70_50_PORUMAMILLA","Bopparum",,,70,,,,,,,,,,,,,,,,,,
415,"11_C_65_50","KDP_C_70_50_PORUMAMILLA","Chennareddypet",,,50,,,,,,,,,,,,,,,,,,
416,"11_C_65_50","KDP_C_70_50_PORUMAMILLA","RF",,,0,,,,,,,,,,,,,,,,,,
417,"11_C_65_51","KDP_C_70_51_BADVEL","M.Narasimhapuram",,,24,,,,,,,,,,,,,,,,,,
418,"11_C_65_51","KDP_C_70_51_BADVEL","Peddullapalli",,,52,,,,,,,,,,,,,,,,,,
419,"11_C_65_51","KDP_C_70_51_BADVEL","Kondampalli",,,28,,,,,,,,,,,,,,,,,,
420,"11_C_65_51","KDP_C_70_51_BADVEL","Prabhalaveedu",,,110,,,,,,,,,,,,,,,,,,
421,"11_C_65_51","KDP_C_70_51_BADVEL","Venkatapuram",,,46,,,,,,,,,,,,,,,,,,
422,"11_C_65_51","KDP_C_70_51_BADVEL","Thipparajupalli",,,28,,,,,,,,,,,,,,,,,,
423,"11_C_65_51","KDP_C_70_51_BADVEL","Thangedupalli",,,42,,,,,,,,,,,,,,,,,,
424,"11_C_65_51","KDP_C_70_51_BADVEL","Chinnayapalli",,,43,,,,,,,,,,,,,,,,,,
425,"11_C_65_51","KDP_C_70_51_BADVEL","S.Veerlapalli",,,6,,,,,,,,,,,,,,,,,,
426,"11_C_65_51","KDP_C_70_51_BADVEL","Siddavaram",,,145,,,,,,,,,,,,,,,,,,
427,"11_C_65_51","KDP_C_70_51_BADVEL","S.Seshampalli",,,16,,,,,,,,,,,,,,,,,,
428,"11_C_65_51","KDP_C_70_51_BADVEL","S.Lingampalli",,,4,,,,,,,,,,,,,,,,,,
429,"11_C_65_51","KDP_C_70_51_BADVEL","T.Seshampalli",,,23,,,,,,,,,,,,,,,,,,
430,"11_C_65_51","KDP_C_70_51_BADVEL","T.Sallagirigela",,,89,,,,,,,,,,,,,,,,,,
431,"11_C_65_51","KDP_C_70_51_BADVEL","Yellopalli",,,19,,,,,,,,,,,,,,,,,,
432,"11_C_65_51","KDP_C_70_51_BADVEL","Venkataramapuram",,,53,,,,,,,,,,,,,,,,,,
433,"11_C_65_51","KDP_C_70_51_BADVEL","Routhapalli",,,23,,,,,,,,,,,,,,,,,,
434,"11_C_65_51","KDP_C_70_51_BADVEL","Middepadu",,,23,,,,,,,,,,,,,,,,,,
435,"11_C_65_51","KDP_C_70_51_BADVEL","Ganugapenta",,,113,,,,,,,,,,,,,,,,,,
436,"11_C_65_51","KDP_C_70_51_BADVEL","Chinnakrishnapuram",,,0,,,,,,,,,,,,,,,,,,
437,"11_C_65_51","KDP_C_70_51_BADVEL","Appajupet",,,1,,,,,,,,,,,,,,,,,,
438,"11_C_65_51","KDP_C_70_51_BADVEL","Anantarajapuram",,,14,,,,,,,,,,,,,,,,,,
439,"11_C_65_51","KDP_C_70_51_BADVEL","Ethirajupalli",,,14,,,,,,,,,,,,,,,,,,
440,"11_C_65_51","KDP_C_70_51_BADVEL","Tiruvengalapuram",,,28,,,,,,,,,,,,,,,,,,
441,"11_C_65_51","KDP_C_70_51_BADVEL","Guntapalli",,,18,,,,,,,,,,,,,,,,,,
442,"11_C_65_51","KDP_C_70_51_BADVEL","Badvel",,,22,,,,,,,,,,,,,,,,,,
443,"11_C_65_51","KDP_C_70_51_BADVEL","Chennampalli",,,60,,,,,,,,,,,,,,,,,,
444,"11_C_65_51","KDP_C_70_51_BADVEL","C.Kothapalli",,,5,,,,,,,,,,,,,,,,,,
445,"11_C_65_51","KDP_C_70_51_BADVEL","Abbusahebpet",,,17,,,,,,,,,,,,,,,,,,
446,"11_C_65_51","KDP_C_70_51_BADVEL","Chintalacheruvu",,,9,,,,,,,,,,,,,,,,,,
447,"11_C_65_51","KDP_C_70_51_BADVEL","Bayanapalli",,,15,,,,,,,,,,,,,,,,,,
448,"11_C_65_51","KDP_C_70_51_BADVEL","Mohiddinpuram",,,1,,,,,,,,,,,,,,,,,,
449,"11_C_65_51","KDP_C_70_51_BADVEL","Kondugaripalli",,,25,,,,,,,,,,,,,,,,,,
450,"11_C_65_51","KDP_C_70_51_BADVEL","Kongalaveedu",,,58,,,,,,,,,,,,,,,,,,
451,"11_C_65_51","KDP_C_70_51_BADVEL","Imadapuram",,,24,,,,,,,,,,,,,,,,,,
452,"11_C_65_51","KDP_C_70_51_BADVEL","Godugunuru",,,26,,,,,,,,,,,,,,,,,,
453,"11_C_65_51","KDP_C_70_51_BADVEL","Kalvapalli",,,50,,,,,,,,,,,,,,,,,,
454,"11_C_65_51","KDP_C_70_51_BADVEL","Lakkavaripalli",,,47,,,,,,,,,,,,,,,,,,
455,"11_C_65_51","KDP_C_70_51_BADVEL","Ramapuram",,,10,,,,,,,,,,,,,,,,,,
456,"11_C_65_51","KDP_C_70_51_BADVEL","Madakalavaripalli",,,33,,,,,,,,,,,,,,,,,,
457,"11_C_65_51","KDP_C_70_51_BADVEL","RF",,,0,,,,,,,,,,,,,,,,,,
458,"11_C_65_52","KDP_C_70_52_B.MATAM","Mallepalli",,,152,,,,,,,,,,,,,,,,,,
459,"11_C_65_52","KDP_C_70_52_B.MATAM","Papireddypalli",,,104,,,,,,,,,,,,,,,,,,
460,"11_C_65_52","KDP_C_70_52_B.MATAM","Palugurallapalli(part)",,,74,,,,,,,,,,,,,,,,,,
461,"11_C_65_52","KDP_C_70_52_B.MATAM","Somireddypalli",,,381,,,,,,,,,,,,,,,,,,
462,"11_C_65_52","KDP_C_70_52_B.MATAM","Chowdarivaripalli",,,29,,,,,,,,,,,,,,,,,,
463,"11_C_65_52","KDP_C_70_52_B.MATAM","Gundapuram",,,31,,,,,,,,,,,,,,,,,,
464,"11_C_65_52","KDP_C_70_52_B.MATAM","G.Narasimhapuram",,,16,,,,,,,,,,,,,,,,,,
465,"11_C_65_52","KDP_C_70_52_B.MATAM","Jangamrajupalli",,,18,,,,,,,,,,,,,,,,,,
466,"11_C_65_52","KDP_C_70_52_B.MATAM","RF",,,0,,,,,,,,,,,,,,,,,,
467,"11_C_65_53","KDP_C_70_53_REKULAKUNTA","Diguvanelaturu",,,11,,,,,,,,,,,,,,,,,,
468,"11_C_65_53","KDP_C_70_53_REKULAKUNTA","Boodavada",,,4,,,,,,,,,,,,,,,,,,
469,"11_C_65_53","KDP_C_70_53_REKULAKUNTA","Eguvanelaturu",,,56,,,,,,,,,,,,,,,,,,
470,"11_C_65_53","KDP_C_70_53_REKULAKUNTA","Rekalakunta",,,191,,,,,,,,,,,,,,,,,,
471,"11_C_65_53","KDP_C_70_53_REKULAKUNTA","D.Agraharam",,,20,,,,,,,,,,,,,,,,,,
472,"11_C_65_53","KDP_C_70_53_REKULAKUNTA","D.Lingampalli",,,3,,,,,,,,,,,,,,,,,,
473,"11_C_65_53","KDP_C_70_53_REKULAKUNTA","Dirsavancha",,,53,,,,,,,,,,,,,,,,,,
474,"11_C_65_53","KDP_C_70_53_REKULAKUNTA","D.Narasimhapuram",,,29,,,,,,,,,,,,,,,,,,
475,"11_C_65_53","KDP_C_70_53_REKULAKUNTA","Nagisettipalli",,,24,,,,,,,,,,,,,,,,,,
476,"11_C_65_53","KDP_C_70_53_REKULAKUNTA","Vanampula",,,25,,,,,,,,,,,,,,,,,,
477,"11_C_65_53","KDP_C_70_53_REKULAKUNTA","Gopalapuram",,,4,,,,,,,,,,,,,,,,,,
478,"11_C_65_53","KDP_C_70_53_REKULAKUNTA","Veerapalli",,,28,,,,,,,,,,,,,,,,,,
479,"11_C_65_53","KDP_C_70_53_REKULAKUNTA","Konasamudram",,,45,,,,,,,,,,,,,,,,,,
480,"11_C_65_53","KDP_C_70_53_REKULAKUNTA","Venkatasettipalli",,,16,,,,,,,,,,,,,,,,,,
481,"11_C_65_53","KDP_C_70_53_REKULAKUNTA","Tippanapalli",,,43,,,,,,,,,,,,,,,,,,
482,"11_C_65_53","KDP_C_70_53_REKULAKUNTA","RF",,,,,,,,,,,,,,,,,,,,,
483,"11_C_65_01","KDP_C_65_01_Chamaluru","Murugampalli",,,,,,,,0,0,0,0,0,0,0,,,,,,,
484,"11_C_65_01","KDP_C_65_01_Chamaluru","Koduru",,,,,,,,0,0,135,0,0,0,0,,,,,,,
485,"11_C_65_01","KDP_C_65_01_Chamaluru","Nagamalladinne",,,,,,,,0,0,0,0,0,0,68,,,,,,,
486,"11_C_65_01","KDP_C_65_01_Chamaluru","Sankepalli",,,,,,,,0,0,74,0,0,0,0,,,,,,,
487,"11_C_65_01","KDP_C_65_01_Chamaluru","Yerragudi",,,,,,,,0,0,0,0,0,0,75,,,,,,,
488,"11_C_65_01","KDP_C_65_01_Chamaluru","Chamaluru",,,,,,,,0,0,25,0,0,0,193,,,,,,,
489,"11_C_65_01","KDP_C_65_01_Chamaluru","Koppolu",,,,,,,,0,0,17,0,0,0,141,,,,,,,
490,"11_C_65_01","KDP_C_65_01_Chamaluru","Bukkapatnam",,,,,,,,0,0,0,0,0,0,259,,,,,,,
491,"11_C_65_01","KDP_C_65_01_Chamaluru","K.Bommepalli",,,,,,,,0,0,0,0,0,0,71,,,,,,,
492,"11_C_65_01","KDP_C_65_01_Chamaluru","Nekanampet",,,,,,,,0,0,0,0,0,0,0,,,,,,,
493,"11_C_65_02","KDP_C_65_02_Regadipalli","Thallaprodduturu",,,,,,,,0,0,0,0,0,0,332,,,,,,,
494,"11_C_65_02","KDP_C_65_02_Regadipalli","Fakirpet",,,,,,,,0,0,0,0,0,0,16,,,,,,,
495,"11_C_65_02","KDP_C_65_02_Regadipalli","Choutapalli",,,,,,,,0,0,0,0,0,0,181,,,,,,,
496,"11_C_65_02","KDP_C_65_02_Regadipalli","Gangavaram",,,,,,,,0,0,2,0,0,0,0,,,,,,,
497,"11_C_65_02","KDP_C_65_02_Regadipalli","Mutchumarri",,,,,,,,0,0,0,0,0,0,143,,,,,,,
498,"11_C_65_02","KDP_C_65_02_Regadipalli","Regadipalli",,,,,,,,0,25,0,0,0,0,0,,,,,,,
499,"11_C_65_02","KDP_C_65_02_Regadipalli","Jogapuram",,,,,,,,0,0,0,0,0,0,0,,,,,,,
500,"11_C_65_02","KDP_C_65_02_Regadipalli","K.Sugumanchapalli",,,,,,,,0,0,0,0,0,0,126,,,,,,,
501,"11_C_65_02","KDP_C_65_02_Regadipalli","Konavarapall",,,,,,,,0,0,0,0,0,0,0,,,,,,,
502,"11_C_65_02","KDP_C_65_02_Regadipalli","Burujupalli",,,,,,,,0,0,8,0,0,0,0,,,,,,,
503,"11_C_65_02","KDP_C_65_02_Regadipalli","K.Brahmanapalli",,,,,,,,0,0,2,0,0,0,0,,,,,,,
504,"11_C_65_02","KDP_C_65_02_Regadipalli","K.Venkatapuram",,,,,,,,0,0,16,0,0,0,0,,,,,,,
505,"11_C_65_06","KDP_C_65_06_Peddapalli","Darjipalli",,,,,,,,0,17,0,0,0,0,24,,,,,,,
506,"11_C_65_06","KDP_C_65_06_Peddapalli","Gollapalli",,,,,,,,0,30,0,0,0,0,36,,,,,,,
507,"11_C_65_06","KDP_C_65_06_Peddapalli","Pennaperuru",,,,,,,,0,172,0,0,0,0,95,,,,,,,
508,"11_C_65_06","KDP_C_65_06_Peddapalli","Lingampalli",,,,,,,,0,21,0,0,0,0,80,,,,,,,
509,"11_C_65_06","KDP_C_65_06_Peddapalli","Kadapayapalli",,,,,,,,0,33,0,0,0,0,72,,,,,,,
510,"11_C_65_06","KDP_C_65_06_Peddapalli","Takkolu",,,,,,,,0,25,0,0,0,0,178,,,,,,,
511,"11_C_65_06","KDP_C_65_06_Peddapalli","Machapalli",,,,,,,,0,13,0,0,0,0,160,,,,,,,
512,"11_C_65_06","KDP_C_65_06_Peddapalli","Moolapalli",,,,,,,,0,9,0,0,0,0,46,,,,,,,
513,"11_C_65_06","KDP_C_65_06_Peddapalli","Gundlamoola",,,,,,,,0,24,0,0,0,0,13,,,,,,,
514,"11_C_65_06","KDP_C_65_06_Peddapalli","Nekanapuram",,,,,,,,0,48,82,0,0,0,,,,,,,,
515,"11_C_65_06","KDP_C_65_06_Peddapalli","Peddapalli",,,,,,,,0,2,215,0,0,0,,,,,,,,
516,"11_C_65_06","KDP_C_65_06_Peddapalli","Mandapalli",,,,,,,,0,35,97,0,0,0,,,,,,,,
517,"11_C_65_06","KDP_C_65_06_Peddapalli","Kanumalopalli",,,,,,,,0,0,2,0,0,0,,,,,,,,
518,"11_C_65_06","KDP_C_65_06_Peddapalli","RF",,,,,,,,0,0,0,0,0,0,,,,,,,,
519,"11_C_65_07","KDP_C_65_07_Vontimitta","Kudumuluru",,,,,,,,0,,0,0,0,0,0,,,,,,,
520,"11_C_65_07","KDP_C_65_07_Vontimitta","Kotapadu",,,,,,,,0,,0,0,0,0,,,,,,,,
521,"11_C_65_07","KDP_C_65_07_Vontimitta","Ponnapalli",,,,,,,,0,,0,0,0,0,,,,,,,,
522,"11_C_65_07","KDP_C_65_07_Vontimitta","Gundlamada",,,,,,,,0,,0,0,0,0,,,,,,,,
523,"11_C_65_07","KDP_C_65_07_Vontimitta","Brahmanapalli",,,,,,,,0,,0,0,0,0,,,,,,,,
524,"11_C_65_07","KDP_C_65_07_Vontimitta","Kuruguntapalli",,,,,,,,0,,0,0,0,0,,,,,,,,
525,"11_C_65_07","KDP_C_65_07_Vontimitta","Madhavaram",,,,,,,,0,,0,0,0,0,,,,,,,,
526,"11_C_65_07","KDP_C_65_07_Vontimitta","Narayanarajupet",,,,,,,,0,,21,0,0,0,,,,,,,,
527,"11_C_65_07","KDP_C_65_07_Vontimitta","Rachagudipalli",,,,,,,,0,,107,0,0,0,,,,,,,,
528,"11_C_65_07","KDP_C_65_07_Vontimitta","Gangaperuru",,,,,,,,0,,0,0,0,0,173,,,,,,,
529,"11_C_65_07","KDP_C_65_07_Vontimitta","Vontimitta",,,,,,,,0,,295,0,0,0,,,,,,,,
530,"11_C_65_07","KDP_C_65_07_Vontimitta","Jowkulapalli",,,,,,,,0,,40,0,0,0,,,,,,,,
531,"11_C_65_07","KDP_C_65_07_Vontimitta","Mangampeta",,,,,,,,0,,32,0,0,0,,,,,,,,
532,"11_C_65_07","KDP_C_65_07_Vontimitta","Chintarajupalli",,,,,,,,0,,61,0,0,0,,,,,,,,
533,"11_C_65_07","KDP_C_65_07_Vontimitta","Mantapampalli",,,,,,,,0,,133,0,0,0,,,,,,,,
534,"11_C_65_07","KDP_C_65_07_Vontimitta","Konarajupalli",,,,,,,,0,,60,0,0,0,,,,,,,,
535,"11_C_65_07","KDP_C_65_07_Vontimitta","Shakarajupalli",,,,,,,,0,,78,0,0,0,,,,,,,,
536,"11_C_65_07","KDP_C_65_07_Vontimitta","Kommuru",,,,,,,,0,,0,0,0,0,,,,,,,,
537,"11_C_65_07","KDP_C_65_07_Vontimitta","Konapuram",,,,,,,,0,,0,0,0,0,,,,,,,,
538,"11_C_65_07","KDP_C_65_07_Vontimitta","RF",,,,,,,,0,,0,0,0,0,,,,,,,,
539,"11_C_65_10","KDP_C_65_10_PENDLIMARI","Tappetla",,,,,,,,0,0,0,0,0,0,200,,,,,,,
540,"11_C_65_10","KDP_C_65_10_PENDLIMARI","Vallur",,,,,,,,0,0,0,0,0,0,156,,,,,,,
541,"11_C_65_10","KDP_C_65_10_PENDLIMARI","Isukapalli",,,,,,,,0,0,0,0,0,0,19,,,,,,,
542,"11_C_65_10","KDP_C_65_10_PENDLIMARI","Ankayapalli",,,,,,,,0,0,11,0,0,0,,,,,,,,
543,"11_C_65_10","KDP_C_65_10_PENDLIMARI","Venkatesapuram",,,,,,,,0,0,3,0,0,0,,,,,,,,
544,"11_C_65_10","KDP_C_65_10_PENDLIMARI","Goturu",,,,,,,,0,0,72,0,0,0,,,,,,,,
545,"11_C_65_10","KDP_C_65_10_PENDLIMARI","ObanaSomayajulapalli",,,,,,,,0,0,0,0,0,0,,,,,,,,
546,"11_C_65_10","KDP_C_65_10_PENDLIMARI","Ambavaram",,,,,,,,,0,44,,,,,,,,,,,
547,"11_C_65_10","KDP_C_65_10_PENDLIMARI","Kodandaramapuram",,,,,,,,0,0,6,0,0,0,,,,,,,,
548,"11_C_65_10","KDP_C_65_10_PENDLIMARI","Koppolu",,,,,,,,0,0,206,0,0,0,,,,,,,,
549,"11_C_65_10","KDP_C_65_10_PENDLIMARI","Pathachinnayapalli",,,,,,,,0,0,8,0,0,0,,,,,,,,
550,"11_C_65_10","KDP_C_65_10_PENDLIMARI","Kumarunipalli",,,,,,,,0,0,2,0,0,0,,,,,,,,
551,"11_C_65_10","KDP_C_65_10_PENDLIMARI","Lebaka",,,,,,,,0,0,0,0,0,0,248,,,,,,,
552,"11_C_65_10","KDP_C_65_10_PENDLIMARI","Sivalpalli",,,,,,,,0,0,0,0,0,0,40,,,,,,,
553,"11_C_65_10","KDP_C_65_10_PENDLIMARI","Sangatipalli",,,,,,,,0,0,0,0,0,0,,,,,,,,
554,"11_C_65_10","KDP_C_65_10_PENDLIMARI","Moillakalva",,,,,,,,0,0,42,0,0,0,,,,,,,,
555,"11_C_65_10","KDP_C_65_10_PENDLIMARI","Eguvapalli",,,,,,,,0,0,0,0,0,0,,,,,,,,
556,"11_C_65_10","KDP_C_65_10_PENDLIMARI","Rampathadu",,,,,,,,0,0,40,0,0,0,,,,,,,,
557,"11_C_65_10","KDP_C_65_10_PENDLIMARI","Ramapuram",,,,,,,,0,0,8,0,0,0,,,,,,,,
558,"11_C_65_10","KDP_C_65_10_PENDLIMARI","Vellaturu",,,,,,,,0,0,158,0,0,0,,,,,,,,
559,"11_C_65_10","KDP_C_65_10_PENDLIMARI","Chennamarajupalli",,,,,,,,0,0,9,0,0,0,,,,,,,,
560,"11_C_65_10","KDP_C_65_10_PENDLIMARI","A.Ramachandrapuram",,,,,,,,0,0,0,0,0,0,,,,,,,,
561,"11_C_65_10","KDP_C_65_10_PENDLIMARI","Pendlimarri",,,,,,,,0,0,213,0,0,0,,,,,,,,
562,"11_C_65_10","KDP_C_65_10_PENDLIMARI","Pedddadasaripalli",,,,,,,,0,0,11,0,0,0,,,,,,,,
563,"11_C_65_10","KDP_C_65_10_PENDLIMARI","Chinnadasaripalli",,,,,,,,0,0,90,0,0,0,,,,,,,,
564,"11_C_65_10","KDP_C_65_10_PENDLIMARI","Pagadalapalli",,,,,,,,0,0,90,0,0,0,,,,,,,,
565,"11_C_65_10","KDP_C_65_10_PENDLIMARI","Cheemalapenta",,,,,,,,0,0,203,0,0,0,,,,,,,,
566,"11_C_65_10","KDP_C_65_10_PENDLIMARI","Gondipalli",,,,,,,,0,0,203,0,0,0,,,,,,,,
567,"11_C_65_13","KDP_C_65_13_GOPAVARAM","Gopavaram",,,,,,,,0,3,123,0,0,0,,,,,,,,
568,"11_C_65_13","KDP_C_65_13_GOPAVARAM","North Ramapuram",,,,,,,,0,4,33,0,0,0,,,,,,,,
569,"11_C_65_13","KDP_C_65_13_GOPAVARAM","South Ramapuram",,,,,,,,0,2,32,0,0,0,,,,,,,,
570,"11_C_65_13","KDP_C_65_13_GOPAVARAM","Brahmanapalli",,,,,,,,0,4,19,0,0,0,,,,,,,,
571,"11_C_65_13","KDP_C_65_13_GOPAVARAM","Boddecherla",,,,,,,,0,0,0,0,0,0,,,,,,,,
572,"11_C_65_13","KDP_C_65_13_GOPAVARAM","Rekalakunta",,,,,,,,0,0,0,0,0,0,,,,,,,,
573,"11_C_65_13","KDP_C_65_13_GOPAVARAM","Viswanathapuram",,,,,,,,0,0,0,0,0,0,,,,,,,,
574,"11_C_65_13","KDP_C_65_13_GOPAVARAM","Obulam",,,,,,,,0,0,0,0,0,0,,,,,,,,
575,"11_C_65_13","KDP_C_65_13_GOPAVARAM","RF",,,,,,,,0,0,0,0,0,0,,,,,,,,
576,"11_C_65_14","KDP_C_65_14_MALLEMADUGU","Peddayapalli",,,,,,,,0,0,0,0,0,0,,,,,,,,
577,"11_C_65_14","KDP_C_65_14_MALLEMADUGU","Mallemadugu",,,,,,,,0,0,0,0,0,0,,,,,,,,
578,"11_C_65_14","KDP_C_65_14_MALLEMADUGU","RF",,,,,,,,0,0,0,0,0,0,,,,,,,,
579,"11_C_65_15","KDP_C_65_15_MUDDANURU","Denepalli",,,,,,,,0,0,24,0,0,0,,,,,,,,
580,"11_C_65_15","KDP_C_65_15_MUDDANURU","Aravitipalli",,,,,,,,0,0,43,0,0,0,,,,,,,,
581,"11_C_65_15","KDP_C_65_15_MUDDANURU","Chintakunta",,,,,,,,0,0,62,0,0,0,,,,,,,,
582,"11_C_65_15","KDP_C_65_15_MUDDANURU","Yamavaram",,,,,,,,0,0,52,0,0,0,,,,,,,,
583,"11_C_65_15","KDP_C_65_15_MUDDANURU","Muddanuru",,,,,,,,0,0,80,0,0,0,,,,,,,,
584,"11_C_65_15","KDP_C_65_15_MUDDANURU","Kosinepalli",,,,,,,,0,0,67,0,0,0,,,,,,,,
585,"11_C_65_15","KDP_C_65_15_MUDDANURU","Kadaravikothapalli",,,,,,,,0,0,10,0,0,0,,,,,,,,
586,"11_C_65_15","KDP_C_65_15_MUDDANURU","K.Thimmapuram",,,,,,,,0,0,10,0,0,0,,,,,,,,
587,"11_C_65_15","KDP_C_65_15_MUDDANURU","Nallaballi",,,,,,,,0,0,38,0,0,0,,,,,,,,
588,"11_C_65_15","KDP_C_65_15_MUDDANURU","Bondalakunta",,,,,,,,0,0,75,0,0,0,,,,,,,,
589,"11_C_65_15","KDP_C_65_15_MUDDANURU","Chinnadudyala",,,,,,,,0,0,16,0,0,0,,,,,,,,
590,"11_C_65_15","KDP_C_65_15_MUDDANURU","Kalamalla",,,,,,,,0,0,88,0,0,0,,,,,,,,
591,"11_C_65_15","KDP_C_65_15_MUDDANURU","Malepadu",,,,,,,,0,0,31,0,0,0,,,,,,,,
592,"11_C_65_15","KDP_C_65_15_MUDDANURU","RF",,,,,,,,,0,0,,,,,,,,,,,
593,"11_C_65_26","KDP_C_69_26_Veligallu","Rajupalli",,,,,,,,0,29,66,0,0,0,,,,,,,,
594,"11_C_65_26","KDP_C_69_26_Veligallu","Kollurupalli",,,,,,,,0,59,45,0,0,0,,,,,,,,
595,"11_C_65_26","KDP_C_69_26_Veligallu","Thumukunta",,,,,,,,0,36,18,0,0,0,,,,,,,,
596,"11_C_65_26","KDP_C_69_26_Veligallu","Veligallu",,,,,,,,0,8,6,0,0,0,,,,,,,,
597,"11_C_65_27","KDP_C_69_27_GALIVEEDU","Kuppam",,,,,,,,0,126,88,0,0,0,,,,,,,,
598,"11_C_65_27","KDP_C_69_27_GALIVEEDU","Talamudipi",,,,,,,,0,48,12,0,0,0,,,,,,,,
599,"11_C_65_27","KDP_C_69_27_GALIVEEDU","Korlakunta",,,,,,,,0,69,18,0,0,0,,,,,,,,
600,"11_C_65_27","KDP_C_69_27_GALIVEEDU","Pulikunta",,,,,,,,0,210,10,0,0,0,,,,,,,,
601,"11_C_65_27","KDP_C_69_27_GALIVEEDU","Nooliveedu",,,,,,,,0,422,66,0,0,0,,,,,,,,
602,"11_C_65_27","KDP_C_69_27_GALIVEEDU","Pandikunta",,,,,,,,0,92,10,0,0,0,,,,,,,,
603,"11_C_65_27","KDP_C_69_27_GALIVEEDU","Garugupalle",,,,,,,,0,72,28,0,0,0,,,,,,,,
604,"11_C_65_27","KDP_C_69_27_GALIVEEDU","Gundlacheruvu",,,,,,,,0,106,24,0,0,0,,,,,,,,
605,"11_C_65_27","KDP_C_69_27_GALIVEEDU","Gopanapalli",,,,,,,,0,82,59,0,0,0,,,,,,,,
606,"11_C_65_27","KDP_C_69_27_GALIVEEDU","Pyarampalle",,,,,,,,0,48,22,0,0,0,,,,,,,,
607,"11_C_65_27","KDP_C_69_27_GALIVEEDU","Galiveedu",,,,,,,,0,356,188,0,0,0,,,,,,,,
608,"11_C_65_27","KDP_C_69_27_GALIVEEDU","Araveedu",,,,,,,,0,346,71,0,0,0,,,,,,,,
609,"11_C_65_27","KDP_C_69_27_GALIVEEDU","Eguvagottiveedu",,,,,,,,0,176,50,0,0,0,,,,,,,,
610,"11_C_65_27","KDP_C_69_27_GALIVEEDU","RF",,,,,,,,,0,0,,,,,,,,,,,
611,"11_C_65_28","KDP_C_69_28_SURABHI","Nersupalli",,,,,,,,0,63,7,0,0,0,,,,,,,,
612,"11_C_65_28","KDP_C_69_28_SURABHI","Kondappagaripalli",,,,,,,,0,24,7,0,0,0,,,,,,,,
613,"11_C_65_28","KDP_C_69_28_SURABHI","Surabhi",,,,,,,,0,170,88,0,0,0,,,,,,,,
614,"11_C_65_28","KDP_C_69_28_SURABHI","Goltamitta",,,,,,,,0,26,2,0,0,0,,,,,,,,
615,"11_C_65_28","KDP_C_69_28_SURABHI","Mahadevapuram",,,,,,,,0,52,10,0,0,0,,,,,,,,
616,"11_C_65_28","KDP_C_69_28_SURABHI","RF",,,,,,,,,0,0,,,,,,,,,,,
617,"11_C_65_29","KDP_C_69_29_K.Yerragudi","Ketineniyarragudi",,,,,,,,0,,21,0,0,0,,,,,,,,
618,"11_C_65_30","KDP_C_69_30_Chakrayapeta","Idupulapaya",,,,,,,,0,0,43,0,0,0,90,,,,,,,
619,"11_C_65_30","KDP_C_69_30_Chakrayapeta","Anjaneyapuram",,,,,,,,0,0,0,0,0,0,3,,,,,,,
620,"11_C_65_30","KDP_C_69_30_Chakrayapeta","Marella madaka",,,,,,,,0,27,66,0,0,0,,,,,,,,
621,"11_C_65_30","KDP_C_69_30_Chakrayapeta","Gandikovur",,,,,,,,0,42,36,0,0,0,,,,,,,,
622,"11_C_65_30","KDP_C_69_30_Chakrayapeta","Chakrayapeta",,,,,,,,0,149,33,0,0,0,,,,,,,,
623,"11_C_65_30","KDP_C_69_30_Chakrayapeta","Chilekampalli",,,,,,,,0,159,16,0,0,0,,,,,,,,
624,"11_C_65_30","KDP_C_69_30_Chakrayapeta","RF",,,,,,,,0,0,0,0,0,0,,,,,,,,
625,"11_C_65_34","KDP_C_69_34_N.PALAGIRI","Udavagandla",,,,,,,,0,0,37,0,0,0,,,,,,,,
626,"11_C_65_34","KDP_C_69_34_N.PALAGIRI","Agadur",,,,,,,,0,,102,0,0,0,,,,,,,,
627,"11_C_65_34","KDP_C_69_34_N.PALAGIRI","Santhakovvuru",,,,,,,,0,,145,0,0,0,,,,,,,,
628,"11_C_65_34","KDP_C_69_34_N.PALAGIRI","Moillacheruvu",,,,,,,,0,,47,0,0,0,,,,,,,,
629,"11_C_65_34","KDP_C_69_34_N.PALAGIRI","North Palagiri",,,,,,,,0,,61,0,0,0,,,,,,,,
630,"11_C_65_34","KDP_C_69_34_N.PALAGIRI","Animala",,,,,,,,0,,163,0,0,0,,,,,,,,
631,"11_C_65_34","KDP_C_69_34_N.PALAGIRI","Rami Reddipalli",,,,,,,,0,,79,0,0,0,,,,,,,,
632,"11_C_65_34","KDP_C_69_34_N.PALAGIRI","RF",,,,,,,,0,0,0,0,0,0,,,,,,,,
633,"11_C_65_40","KDP_C_69_40_Thonduru","Buchupalli",,,,,,,,0,,9,0,0,0,,,,,,,,
634,"11_C_65_40","KDP_C_69_40_Thonduru","Thonduru",,,,,,,,0,,52,0,0,0,,,,,,,,
635,"11_C_65_40","KDP_C_69_40_Thonduru","Mallela",,,,,,,,0,,261,0,0,0,,,,,,,,
636,"11_C_65_40","KDP_C_69_40_Thonduru","RF",,,,,,,,,,0,,,,,,,,,,,
637,"11_C_65_41","KDP_C_69_41_Uppaluru","Penikalapadu",,,,,,,,0,,62,0,0,0,,,,,,,,
638,"11_C_65_41","KDP_C_69_41_Uppaluru","Rajulaguruvaiah palli",,,,,,,,0,,6,0,0,0,,,,,,,,
639,"11_C_65_41","KDP_C_69_41_Uppaluru","Peddadudyala",,,,,,,,0,,19,0,0,0,,,,,,,,
640,"11_C_65_41","KDP_C_69_41_Uppaluru","Velpuracharla",,,,,,,,0,,52,0,0,0,,,,,,,,
641,"11_C_65_41","KDP_C_69_41_Uppaluru","V.Raghavapuram",,,,,,,,0,,12,0,0,0,,,,,,,,
642,"11_C_65_41","KDP_C_69_41_Uppaluru","Uppaluru",,,,,,,,0,,168,0,0,0,,,,,,,,
643,"11_C_65_41","KDP_C_69_41_Uppaluru","Kolavali",,,,,,,,0,,41,0,0,0,,,,,,,,
644,"11_C_65_41","KDP_C_69_41_Uppaluru","Ankireddypalli",,,,,,,,0,,14,0,0,0,,,,,,,,
645,"11_C_65_41","KDP_C_69_41_Uppaluru","Veldurthi",,,,,,,,0,,29,0,0,0,,,,,,,,
646,"11_C_65_41","KDP_C_69_41_Uppaluru","Uruturu",,,,,,,,0,,14,0,0,0,,,,,,,,
647,"11_C_65_41","KDP_C_69_41_Uppaluru","Kommaddi",,,,,,,,0,,28,0,0,0,,,,,,,,
648,"11_C_65_41","KDP_C_69_41_Uppaluru","Niduzuvvi",,,,,,,,0,,30,0,0,0,,,,,,,,
649,"11_C_65_41","KDP_C_69_41_Uppaluru","Chilamkuru",,,,,,,,0,,45,0,0,0,,,,,,,,
650,"11_C_65_41","KDP_C_69_41_Uppaluru","Peddanapadu",,,,,,,,0,,3,0,0,0,,,,,,,,
651,"11_C_65_41","KDP_C_69_41_Uppaluru","Valasapalli",,,,,,,,0,,41,0,0,0,,,,,,,,
652,"11_C_65_41","KDP_C_69_41_Uppaluru","Koduru",,,,,,,,0,,27,0,0,0,,,,,,,,
653,"11_C_65_42","KDP_C_69_42_Payasampalli","Talapanuru",,,,,,,,0,,16,0,0,0,,,,,,,,
654,"11_C_65_42","KDP_C_69_42_Payasampalli","Payasampalli",,,,,,,,0,,9,0,0,0,,,,,,,,
655,"11_C_65_42","KDP_C_69_42_Payasampalli","Alidena",,,,,,,,0,,33,0,0,0,,,,,,,,
656,"11_C_65_42","KDP_C_69_42_Payasampalli","Lingala",,,,,,,,0,,45,0,0,0,,,,,,,,
657,"11_C_65_42","KDP_C_69_42_Payasampalli","Keerthipalli",,,,,,,,0,,27,0,0,0,,,,,,,,
658,"11_C_65_42","KDP_C_69_42_Payasampalli","Ayyavaripalli",,,,,,,,0,,9,0,0,0,,,,,,,,
659,"11_C_65_42","KDP_C_69_42_Payasampalli","Indukuru",,,,,,,,0,,11,0,0,0,,,,,,,,
660,"11_C_65_42","KDP_C_69_42_Payasampalli","T.Sunkesula",,,,,,,,0,,24,0,0,0,,,,,,,,
661,"11_C_65_42","KDP_C_69_42_Payasampalli","Tippaluru",,,,,,,,0,,42,0,0,0,,,,,,,,
662,"11_C_65_42","KDP_C_69_42_Payasampalli","Vibharapuram",,,,,,,,0,,0,0,0,0,112,,,,,,,
663,"11_C_65_42","KDP_C_69_42_Payasampalli","Gangavaram",,,,,,,,0,,0,0,0,0,108,,,,,,,
664,"11_C_65_42","KDP_C_69_42_Payasampalli","Mirapuram",,,,,,,,0,,51,0,0,0,,,,,,,,
665,"11_C_65_42","KDP_C_69_42_Payasampalli","C.Gopalapuram",,,,,,,,0,,52,0,0,0,,,,,,,,
666,"11_C_65_42","KDP_C_69_42_Payasampalli","Pachikalapadu",,,,,,,,0,,1,0,0,0,,,,,,,,
667,"11_C_65_42","KDP_C_69_42_Payasampalli","Yerragudipadu",,,,,,,,0,,0,0,0,0,9,,,,,,,
668,"11_C_65_42","KDP_C_69_42_Payasampalli","Pandillapalli",,,,,,,,0,,30,0,0,0,,,,,,,,
669,"11_C_65_42","KDP_C_69_42_Payasampalli","Nallalingayapalli",,,,,,,,0,,2,0,0,0,,,,,,,,
670,"11_C_65_42","KDP_C_69_42_Payasampalli","Gollapalli",,,,,,,,0,,10,0,0,0,,,,,,,,
671,"11_C_65_42","KDP_C_69_42_Payasampalli","T.Sadipiralla",,,,,,,,0,,46,0,0,0,,,,,,,,
672,"11_C_65_42","KDP_C_69_42_Payasampalli","Ramachandrapuram",,,,,,,,0,,8,0,0,0,,,,,,,,
673,"11_C_65_42","KDP_C_69_42_Payasampalli","Apparaopalli",,,,,,,,0,,0,0,0,0,42,,,,,,,
674,"11_C_65_42","KDP_C_69_42_Payasampalli","Jambapuram",,,,,,,,0,,22,0,0,0,,,,,,,,
675,"11_C_65_42","KDP_C_69_42_Payasampalli","Thurakapalli",,,,,,,,0,,9,0,0,0,,,,,,,,
676,"11_C_65_42","KDP_C_69_42_Payasampalli","Chinnacheppalli",,,,,,,,0,,0,0,0,0,93,,,,,,,
677,"11_C_65_42","KDP_C_69_42_Payasampalli","Yellareddypalli",,,,,,,,0,,0,0,0,0,70,,,,,,,
678,"11_C_65_43","KDP_C_69_43_Kamlapuram","Pillivaripalli",,,,,,,,0,,3,0,0,0,,,,,,,,
679,"11_C_65_43","KDP_C_69_43_Kamlapuram","Kamalapuram",,,,,,,,0,,0,0,0,0,604,,,,,,,
680,"11_C_65_43","KDP_C_69_43_Kamlapuram","Peddacheppalli",,,,,,,,0,,0,0,0,0,232,,,,,,,
681,"11_C_65_43","KDP_C_69_43_Kamlapuram","Dadireddypalli",,,,,,,,0,,0,0,0,0,111,,,,,,,
682,"11_C_65_43","KDP_C_69_43_Kamlapuram","Vankamada",,,,,,,,0,,2,0,0,0,,,,,,,,
683,"11_C_65_43","KDP_C_69_43_Kamlapuram","Letapalli",,,,,,,,0,,10,0,0,0,72,,,,,,,
684,"11_C_65_43","KDP_C_69_43_Kamlapuram","Podadurthi",,,,,,,,0,,0,0,0,0,97,,,,,,,
685,"11_C_65_44","KDP_C_69_44_NANDIMANDALAM","Peddaputha",,,,,,,,0,0,0,0,0,0,129,,,,,,,
686,"11_C_65_44","KDP_C_69_44_NANDIMANDALAM","Chinnaputha",,,,,,,,0,0,,0,0,0,22,,,,,,,
687,"11_C_65_44","KDP_C_69_44_NANDIMANDALAM","Jangampalli",,,,,,,,0,0,54,0,0,0,,,,,,,,
688,"11_C_65_44","KDP_C_69_44_NANDIMANDALAM","Paidikalva",,,,,,,,0,0,102,0,0,0,,,,,,,,
689,"11_C_65_44","KDP_C_69_44_NANDIMANDALAM","Konduru",,,,,,,,0,0,62,0,0,0,240,,,,,,,
690,"11_C_65_44","KDP_C_69_44_NANDIMANDALAM","Tummaluru",,,,,,,,0,0,30,0,0,0,60,,,,,,,
691,"11_C_65_44","KDP_C_69_44_NANDIMANDALAM","Chabali",,,,,,,,0,0,56,0,0,0,62,,,,,,,
692,"11_C_65_44","KDP_C_69_44_NANDIMANDALAM","Machanuru",,,,,,,,0,0,115,0,0,0,102,,,,,,,
693,"11_C_65_44","KDP_C_69_44_NANDIMANDALAM","Kothapeta",,,,,,,,0,0,45,0,0,0,,,,,,,,
694,"11_C_65_44","KDP_C_69_44_NANDIMANDALAM","Binduraopalli",,,,,,,,0,0,,0,0,0,30,,,,,,,
695,"11_C_65_44","KDP_C_69_44_NANDIMANDALAM","Konayapalli",,,,,,,,0,0,6,0,0,0,,,,,,,,
696,"11_C_65_44","KDP_C_69_44_NANDIMANDALAM","Nandimandalam",,,,,,,,0,0,152,0,0,0,220,,,,,,,
697,"11_C_65_44","KDP_C_69_44_NANDIMANDALAM","AmniViswanathapuram",,,,,,,,0,0,12,0,0,0,,,,,,,,
698,"11_C_65_44","KDP_C_69_44_NANDIMANDALAM","Alireddypalli",,,,,,,,0,0,118,0,0,0,102,,,,,,,
699,"11_C_65_45","KDP_C_70_45_Kothakota","Gangayapalli",,,,,,,,0,,112,0,0,0,,,,,,,,
700,"11_C_65_45","KDP_C_70_45_Kothakota","Reddipalli",,,,,,,,0,,61,0,0,0,,,,,,,,
701,"11_C_65_45","KDP_C_70_45_Kothakota","Kothakota",,,,,,,,0,,236,0,0,0,,,,,,,,
702,"11_C_65_45","KDP_C_70_45_Kothakota","Eguvathamballapalli",,,,,,,,0,,27,0,0,0,,,,,,,,
703,"11_C_65_46","KDP_C_70_46_Gopavarampalli","Chennupalli",,,,,,,,0,,33,0,0,0,,,,,,,,
704,"11_C_65_46","KDP_C_70_46_Gopavarampalli","Gopavarampalli",,,,,,,,0,,51,0,0,0,,,,,,,,
705,"11_C_65_46","KDP_C_70_46_Gopavarampalli","Brahmanapalli",,,,,,,,0,,10,0,0,0,,,,,,,,
706,"11_C_65_46","KDP_C_70_46_Gopavarampalli","Rajupalem",,,,,,,,0,,24,0,0,0,,,,,,,,
707,"11_C_65_46","KDP_C_70_46_Gopavarampalli","Malluvaripalli",,,,,,,,0,,10,0,0,0,,,,,,,,
708,"11_C_65_46","KDP_C_70_46_Gopavarampalli","Pullareddypalli",,,,,,,,0,,15,0,0,0,,,,,,,,
709,"11_C_65_46","KDP_C_70_46_Gopavarampalli","Musalreddypalli",,,,,,,,0,,22,0,0,0,,,,,,,,
710,"11_C_65_46","KDP_C_70_46_Gopavarampalli","Mamillapalli",,,,,,,,0,,27,0,0,0,,,,,,,,
711,"11_C_65_46","KDP_C_70_46_Gopavarampalli","Mahanandipalli",,,,,,,,0,,35,0,0,0,,,,,,,,
712,"11_C_65_46","KDP_C_70_46_Gopavarampalli","Siddamurthypalli",,,,,,,,0,,55,0,0,0,,,,,,,,
713,"11_C_65_46","KDP_C_70_46_Gopavarampalli","Pendlamarri",,,,,,,,0,,80,0,0,0,,,,,,,,
714,"11_C_65_46","KDP_C_70_46_Gopavarampalli","Sankavaram",,,,,,,,0,,406,0,0,0,,,,,,,,
715,"11_C_65_46","KDP_C_70_46_Gopavarampalli","Markapuram",,,,,,,,0,,32,0,0,0,,,,,,,,
716,"11_C_65_47","KDP_C_70_46_Gopavarampalli","Pittigunta",,,,,,,,0,,43,0,0,0,,,,,,,,
717,"11_C_65_48","KDP_C_70_46_Gopavarampalli","Obulapuram",,,,,,,,0,,76,0,0,0,,,,,,,,
718,"11_C_65_46","KDP_C_70_46_Gopavarampalli","RF",,,,,,,,0,,0,0,0,0,,,,,,,,
719,"11_C_65_47","KDP_C_70_47_Kasinayana","Diguvathamballapalli",,,,,,,,0,,25,0,0,0,,,,,,,,
720,"11_C_65_47","KDP_C_70_47_Kasinayana","Ayyavaripalli",,,,,,,,0,,4,0,0,0,,,,,,,,
721,"11_C_65_47","KDP_C_70_47_Kasinayana","Patharamapuram",,,,,,,,0,,54,0,0,0,,,,,,,,
722,"11_C_65_47","KDP_C_70_47_Kasinayana","Singarayapalli",,,,,,,,0,,43,0,0,0,,,,,,,,
723,"11_C_65_47","KDP_C_70_47_Kasinayana","Kalasapadu",,,,,,,,0,,76,0,0,0,,,,,,,,
724,"11_C_65_47","KDP_C_70_47_Kasinayana","Dulamvaripalli",,,,,,,,0,,30,0,0,0,,,,,,,,
725,"11_C_65_47","KDP_C_70_47_Kasinayana","Tellapadu",,,,,,,,0,,224,0,0,0,,,,,,,,
726,"11_C_65_47","KDP_C_70_47_Kasinayana","Kondapet",,,,,,,,0,,33,0,0,0,,,,,,,,
727,"11_C_65_47","KDP_C_70_47_Kasinayana","Vengalampalli",,,,,,,,0,,12,0,0,0,,,,,,,,
728,"11_C_65_47","KDP_C_70_47_Kasinayana","Rampadu",,,,,,,,0,,34,0,0,0,,,,,,,,
729,"11_C_65_47","KDP_C_70_47_Kasinayana","Narasapuram",,,,,,,,0,,150,0,0,0,,,,,,,,
730,"11_C_65_47","KDP_C_70_47_Kasinayana","Uppaluru",,,,,,,,0,,57,0,0,0,,,,,,,,
731,"11_C_65_47","KDP_C_70_47_Kasinayana","Vasudevapuram",,,,,,,,0,,4,0,0,0,,,,,,,,
732,"11_C_65_47","KDP_C_70_47_Kasinayana","Balayapalli",,,,,,,,0,,72,0,0,0,,,,,,,,
733,"11_C_65_47","KDP_C_70_47_Kasinayana","Guntuvaripalli",,,,,,,,0,,30,0,0,0,,,,,,,,
734,"11_C_65_47","KDP_C_70_47_Kasinayana","Ganganapalli",,,,,,,,0,,46,0,0,0,,,,,,,,
735,"11_C_65_47","KDP_C_70_47_Kasinayana","Moolapalli",,,,,,,,0,,62,0,0,0,,,,,,,,
736,"11_C_65_47","KDP_C_70_47_Kasinayana","Varikunta",,,,,,,,0,,86,0,0,0,,,,,,,,
737,"11_C_65_47","KDP_C_70_47_Kasinayana","Nayunipalli",,,,,,,,0,,58,0,0,0,,,,,,,,
738,"11_C_65_47","KDP_C_70_47_Kasinayana","RF",,,,,,,,0,,0,0,0,0,,,,,,,,
739,"11_C_65_48","KDP_C_70_48_Akkalreddypalli","Sancharla",,,,,,,,0,,226,0,0,0,,,,,,,,
740,"11_C_65_48","KDP_C_70_48_Akkalreddypalli","Akkalreddypalli",,,,,,,,0,,281,0,0,0,,,,,,,,
741,"11_C_65_48","KDP_C_70_48_Akkalreddypalli","Lachampeta",,,,,,,,0,,18,0,0,0,,,,,,,,
742,"11_C_65_48","KDP_C_70_48_Akkalreddypalli","Siddanakitchayapalli",,,,,,,,0,,22,0,0,0,,,,,,,,
743,"11_C_65_48","KDP_C_70_48_Akkalreddypalli","Korrapatipalli",,,,,,,,0,,66,0,0,0,,,,,,,,
744,"11_C_65_48","KDP_C_70_48_Akkalreddypalli","Musalreddypalli",,,,,,,,0,,83,0,0,0,,,,,,,,
745,"11_C_65_48","KDP_C_70_48_Akkalreddypalli","Kavalakuntla",,,,,,,,0,,99,0,0,0,,,,,,,,
746,"11_C_65_48","KDP_C_70_48_Akkalreddypalli","Buchampalli",,,,,,,,0,,17,0,0,0,,,,,,,,
747,"11_C_65_48","KDP_C_70_48_Akkalreddypalli","Cherlopalli",,,,,,,,0,,223,0,0,0,,,,,,,,
748,"11_C_65_48","KDP_C_70_48_Akkalreddypalli","Chinnayarasala",,,,,,,,0,,72,0,0,0,,,,,,,,
749,"11_C_65_48","KDP_C_70_48_Akkalreddypalli","RF",,,,,,,,0,,0,,,,,,,,,,,
750,"11_C_65_54","KDP_C_70_54_Atloor","Rajupalem",,,,,,,,0,,66,0,0,0,,,,,,,,
751,"11_C_65_54","KDP_C_70_54_Atloor","Yarraballi",,,,,,,,0,,58,0,0,0,,,,,,,,
752,"11_C_65_54","KDP_C_70_54_Atloor","Thamballagondhi",,,,,,,,0,,87,0,0,0,,,,,,,,
753,"11_C_65_54","KDP_C_70_54_Atloor","Gujjulavaripalli",,,,,,,,0,,66,0,0,0,,,,,,,,
754,"11_C_65_54","KDP_C_70_54_Atloor","S Venkatapuram",,,,,,,,0,,12,0,0,0,,,,,,,,
755,"11_C_65_54","KDP_C_70_54_Atloor","Kumbhagiri",,,,,,,,0,,45,0,0,0,,,,,,,,
756,"11_C_65_54","KDP_C_70_54_Atloor","Konduru",,,,,,,,0,,110,0,0,0,,,,,,,,
757,"11_C_65_54","KDP_C_70_54_Atloor","Atloor",,,,,,,,0,,184,0,0,0,,,,,,,,
758,"11_C_65_54","KDP_C_70_54_Atloor","PV Palli",,,,,,,,0,,9,0,0,0,,,,,,,,
759,"11_C_65_54","KDP_C_70_54_Atloor","Varikunta",,,,,,,,0,,76,0,0,0,,,,,,,,
760,"11_C_65_54","KDP_C_70_54_Atloor","Madur",,,,,,,,0,,0,0,0,0,,,,,,,,
761,"11_C_65_54","KDP_C_70_54_Atloor","Thudur",,,,,,,,0,,0,0,0,0,,,,,,,,
762,"11_C_65_54","KDP_C_70_54_Atloor","Uppatur",,,,,,,,0,,0,0,0,0,,,,,,,,
763,"11_C_65_54","KDP_C_70_54_Atloor","Chenduvoy",,,,,,,,0,,0,0,0,0,,,,,,,,
764,"11_C_65_54","KDP_C_70_54_Atloor","RF",,,,,,,,0,,0,0,0,0,,,,,,,,
765,"11_C_65_55","KDP_C_70_55_Muthukuru","Puttayapalli",,,,,,,,0,,58,0,0,0,,,,,,,,
766,"11_C_65_55","KDP_C_70_55_Muthukuru","Nallayapalli",,,,,,,,0,,16,0,0,0,,,,,,,,
767,"11_C_65_55","KDP_C_70_55_Muthukuru","Kamalakuru",,,,,,,,0,,79,0,0,0,,,,,,,,
768,"11_C_65_55","KDP_C_70_55_Muthukuru","Madapuru",,,,,,,,0,,62,0,0,0,,,,,,,,
769,"11_C_65_55","KDP_C_70_55_Muthukuru","Kamasamudram",,,,,,,,0,,61,0,0,0,,,,,,,,
770,"11_C_65_55","KDP_C_70_55_Muthukuru","Vemaluru",,,,,,,,0,,47,0,0,0,,,,,,,,
771,"11_C_65_55","KDP_C_70_55_Muthukuru","Muthukur",,,,,,,,0,,112,0,0,0,,,,,,,,
772,"11_C_65_55","KDP_C_70_55_Muthukuru","Jonnavaram",,,,,,,,0,,0,0,0,0,,,,,,,,
773,"11_C_65_55","KDP_C_70_55_Muthukuru","Virur",,,,,,,,0,,0,0,0,0,,,,,,,,
774,"11_C_65_55","KDP_C_70_55_Muthukuru","Rangampalli",,,,,,,,0,,0,0,0,0,,,,,,,,
775,"11_C_65_55","KDP_C_70_55_Muthukuru","Malinenipatnam",,,,,,,,0,,0,0,0,0,,,,,,,,
776,"11_C_65_55","KDP_C_70_55_Muthukuru","RF",,,,,,,,0,,0,0,0,0,,,,,,,,
777,"11_C_65_56","KDP_C_71_56_Ramapuram","B Yarragudi",,,,,,,,0,197,25,0,0,0,,,,,,,,
778,"11_C_65_56","KDP_C_71_56_Ramapuram","Dinnepadu",,,,,,,,0,169,20,0,0,0,,,,,,,,
779,"11_C_65_56","KDP_C_71_56_Ramapuram","Guvvalacheruvu",,,,,,,,0,33,4,0,0,0,,,,,,,,
780,"11_C_65_56","KDP_C_71_56_Ramapuram","Gopagudipalli",,,,,,,,0,112,4,0,0,0,,,,,,,,
781,"11_C_65_56","KDP_C_71_56_Ramapuram","Neelakantraopet",,,,,,,,0,47,4,0,0,0,,,,,,,,
782,"11_C_65_56","KDP_C_71_56_Ramapuram","Kalpanayunicheruvu",,,,,,,,0,36,3,0,0,0,,,,,,,,
783,"11_C_65_56","KDP_C_71_56_Ramapuram","Suddamala",,,,,,,,0,156,28,0,0,0,,,,,,,,
784,"11_C_65_56","KDP_C_71_56_Ramapuram","Nallaguttapalli",,,,,,,,0,62,18,0,0,0,,,,,,,,
785,"11_C_65_56","KDP_C_71_56_Ramapuram","Saraswatipalli",,,,,,,,0,28,41,0,0,0,,,,,,,,
786,"11_C_65_56","KDP_C_71_56_Ramapuram","Rachapalli",,,,,,,,0,92,231,0,0,0,,,,,,,,
787,"11_C_65_56","KDP_C_71_56_Ramapuram","Vongimalla",,,,,,,,0,127,235,0,0,0,,,,,,,,
788,"11_C_65_56","KDP_C_71_56_Ramapuram","RF",,,,,,,,0,0,0,0,0,0,,,,,,,,
789,"11_C_65_57","KDP_C_71_57_L.R.PALLI","Gudlavaripalli",,,,,,,,0,16,4,0,0,0,,,,,,,,
790,"11_C_65_57","KDP_C_71_57_L.R.PALLI","Anantapuram",,,,,,,,0,141,18,0,0,0,,,,,,,,
791,"11_C_65_57","KDP_C_71_57_L.R.PALLI","Lakkireddipalli",,,,,,,,0,203,22,0,0,0,,,,,,,,
792,"11_C_65_57","KDP_C_71_57_L.R.PALLI","Dappepalli",,,,,,,,0,163,37,0,0,0,,,,,,,,
793,"11_C_65_57","KDP_C_71_57_L.R.PALLI","Pandillapalli",,,,,,,,0,154,11,0,0,0,,,,,,,,
794,"11_C_65_57","KDP_C_71_57_L.R.PALLI","Narahari Bhatlapalli",,,,,,,,0,2,0,0,0,0,,,,,,,,
795,"11_C_65_57","KDP_C_71_57_L.R.PALLI","Somabhatlapalli",,,,,,,,0,1,0,0,0,0,,,,,,,,
796,"11_C_65_57","KDP_C_71_57_L.R.PALLI","Kurnoothala",,,,,,,,0,267,33,0,0,0,,,,,,,,
797,"11_C_65_57","KDP_C_71_57_L.R.PALLI","Maddirevula",,,,,,,,0,168,53,0,0,0,,,,,,,,
798,"11_C_65_57","KDP_C_71_57_L.R.PALLI","Hasanapuram",,,,,,,,0,117,56,0,0,0,,,,,,,,
799,"11_C_65_57","KDP_C_71_57_L.R.PALLI","Chitlur",,,,,,,,0,160,52,0,0,0,,,,,,,,
800,"11_C_65_57","KDP_C_71_57_L.R.PALLI","Guntimadugu",,,,,,,,0,75,1,0,0,0,,,,,,,,
801,"11_C_65_57","KDP_C_71_57_L.R.PALLI","RF",,,,,,,,0,0,0,0,0,0,,,,,,,,
802,"11_C_65_58","KDP_C_71_58_Veeraballi","Kakulavaram",,,,,,,,0,75,0,0,0,0,,,,,,,,
803,"11_C_65_58","KDP_C_71_58_Veeraballi","Bandlapalli",,,,,,,,0,147,10,0,0,0,,,,,,,,
804,"11_C_65_58","KDP_C_71_58_Veeraballi","Pothukurupalli",,,,,,,,0,29,6,0,0,0,,,,,,,,
805,"11_C_65_58","KDP_C_71_58_Veeraballi","Somavaram",,,,,,,,0,27,103,0,0,0,,,,,,,,
806,"11_C_65_58","KDP_C_71_58_Veeraballi","Veeraballi",,,,,,,,0,69,111,0,0,0,,,,,,,,
807,"11_C_65_58","KDP_C_71_58_Veeraballi","Peddiveedu",,,,,,,,0,20,155,0,0,0,,,,,,,,
808,"11_C_65_58","KDP_C_71_58_Veeraballi","Matli",,,,,,,,0,34,226,0,0,0,,,,,,,,
809,"11_C_65_58","KDP_C_71_58_Veeraballi","Odiveedu",,,,,,,,0,9,95,0,0,0,,,,,,,,
810,"11_C_65_58","KDP_C_71_58_Veeraballi","Polymerapalle",,,,,,,,0,132,0,0,0,0,,,,,,,,
811,"11_C_65_58","KDP_C_71_58_Veeraballi","Masapeta   (R)",,,,,,,,0,130,5,0,0,0,,,,,,,,
812,"11_C_65_58","KDP_C_71_58_Veeraballi","Kasba Gollapalli",,,,,,,,0,47,14,0,0,0,,,,,,,,
813,"11_C_65_58","KDP_C_71_58_Veeraballi","Indukurupalle",,,,,,,,0,29,15,,,,,,,,,,,
814,"11_C_65_58","KDP_C_71_58_Veeraballi","RF",,,,,,,,,,,,,,,,,,,,,
815,"11_C_65_59","KDP_C_71_59_Chinnamandem","Diguvagottiveedu",,,,,,,,0,163,42,0,0,0,,,,,,,,
816,"11_C_65_59","KDP_C_71_59_Chinnamandem","Kalibanda",,,,,,,,0,81,38,0,0,0,,,,,,,,
817,"11_C_65_59","KDP_C_71_59_Chinnamandem","T.Sakibanda",,,,,,,,0,211,138,0,0,0,,,,,,,,
818,"11_C_65_59","KDP_C_71_59_Chinnamandem","Vandadi",,,,,,,,0,67,72,0,0,0,,,,,,,,
819,"11_C_65_59","KDP_C_71_59_Chinnamandem","Malluru",,,,,,,,0,181,44,0,0,0,,,,,,,,
820,"11_C_65_59","KDP_C_71_59_Chinnamandem","Devagudipalle",,,,,,,,0,139,25,0,0,0,,,,,,,,
821,"11_C_65_59","KDP_C_71_59_Chinnamandem","Chinnamandem",,,,,,,,0,228,66,0,0,0,,,,,,,,
822,"11_C_65_59","KDP_C_71_59_Chinnamandem","Padamatikona",,,,,,,,0,388,119,0,0,0,,,,,,,,
823,"11_C_65_59","KDP_C_71_59_Chinnamandem","Bonamala",,,,,,,,0,86,18,0,0,0,,,,,,,,
824,"11_C_65_59","KDP_C_71_59_Chinnamandem","Katimayakunta",,,,,,,,0,108,0,0,0,0,,,,,,,,
825,"11_C_65_59","KDP_C_71_59_Chinnamandem","Rayachoty",,,,,,,,0,98,2,0,0,0,,,,,,,,
826,"11_C_65_59","KDP_C_71_59_Chinnamandem","Pedda Kalvapalle",,,,,,,,0,12,0,0,0,0,,,,,,,,
827,"11_C_65_59","KDP_C_71_59_Chinnamandem","Yandapalle",,,,,,,,0,134,11,0,0,0,,,,,,,,
828,"11_C_65_59","KDP_C_71_59_Chinnamandem","Cherlopalli",,,,,,,,0,37,3,0,0,0,,,,,,,,
829,"11_C_65_59","KDP_C_71_59_Chinnamandem","Gorlamudiveedu",,,,,,,,0,157,15,0,0,0,,,,,,,,
830,"11_C_65_59","KDP_C_71_59_Chinnamandem","Yennagupalle",,,,,,,,0,3,0,0,0,0,,,,,,,,
831,"11_C_65_59","KDP_C_71_59_Chinnamandem","Madhavaram",,,,,,,,0,320,100,0,0,0,,,,,,,,
832,"11_C_65_59","KDP_C_71_59_Chinnamandem","Botlacheruvu",,,,,,,,0,103,0,0,0,0,,,,,,,,
833,"11_C_65_59","KDP_C_71_59_Chinnamandem","RF",,,,,,,,0,0,0,0,0,0,,,,,,,,
834,"11_C_65_60","KDP_C_71_60_SAMBEPALLI","Narayanareddypalle",,,,,,,,0,24,80,0,0,0,,,,,,,,
835,"11_C_65_60","KDP_C_71_60_SAMBEPALLI","Motakatla",,,,,,,,0,31,66,0,0,0,,,,,,,,
836,"11_C_65_60","KDP_C_71_60_SAMBEPALLI","Gunnikuntla",,,,,,,,0,15,33,0,0,0,,,,,,,,
837,"11_C_65_60","KDP_C_71_60_SAMBEPALLI","Guriginjakunta",,,,,,,,0,61,28,0,0,0,,,,,,,,
838,"11_C_65_60","KDP_C_71_60_SAMBEPALLI","Dudyala",,,,,,,,0,29,52,0,0,0,,,,,,,,
839,"11_C_65_60","KDP_C_71_60_SAMBEPALLI","Sambepalle",,,,,,,,0,8,25,0,0,0,,,,,,,,
840,"11_C_65_60","KDP_C_71_60_SAMBEPALLI","Routhukunta",,,,,,,,0,17,61,0,0,0,,,,,,,,
841,"11_C_65_60","KDP_C_71_60_SAMBEPALLI","Abbavaram",,,,,,,,0,103,22,0,0,0,,,,,,,,
842,"11_C_65_60","KDP_C_71_60_SAMBEPALLI","Sibyala",,,,,,,,0,271,54,0,0,0,,,,,,,,
843,"11_C_65_60","KDP_C_71_60_SAMBEPALLI","Pemmadapalle",,,,,,,,0,117,0,0,0,0,,,,,,,,
844,"11_C_65_60","KDP_C_71_60_SAMBEPALLI","Dullavaripalle",,,,,,,,0,39,3,0,0,0,,,,,,,,
845,"11_C_65_60","KDP_C_71_60_SAMBEPALLI","Syamalavaripalle",,,,,,,,0,7,1,0,0,0,,,,,,,,
846,"11_C_65_60","KDP_C_71_60_SAMBEPALLI","Chennamukkapalle",,,,,,,,0,30,3,0,0,0,,,,,,,,
847,"11_C_65_61","KDP_C_71_61_T.Sundupalli","T.Sundupalle",,,,,,,,0,320,250,0,0,0,,,,,,,,
848,"11_C_65_61","KDP_C_71_61_T.Sundupalli","Yarramanenipalem",,,,,,,,0,47,29,0,0,0,,,,,,,,
849,"11_C_65_61","KDP_C_71_61_T.Sundupalli","Akkampalle",,,,,,,,0,2,11,0,0,0,,,,,,,,
850,"11_C_65_61","KDP_C_71_61_T.Sundupalli","Perumallaiahgaripalle",,,,,,,,0,12,1,0,0,0,,,,,,,,
851,"11_C_65_61","KDP_C_71_61_T.Sundupalli","Madithadu",,,,,,,,0,250,107,0,0,0,,,,,,,,
852,"11_C_65_61","KDP_C_71_61_T.Sundupalli","Settipalle",,,,,,,,0,178,66,0,0,0,,,,,,,,
853,"11_C_65_61","KDP_C_71_61_T.Sundupalli","Devapatla",,,,,,,,0,48,83,0,0,0,,,,,,,,
854,"11_C_65_61","KDP_C_71_61_T.Sundupalli","Guttapalle",,,,,,,,0,18,90,0,0,0,,,,,,,,
855,"11_C_65_61","KDP_C_71_61_T.Sundupalli","Sho Somavaram",,,,,,,,0,19,79,0,0,0,,,,,,,,
856,"11_C_65_62","KDP_C_71_62_Reddivaripalli","Bhagampalli",,,,,,,,0,54,11,0,0,0,,,,,,,,
857,"11_C_65_62","KDP_C_71_62_Reddivaripalli","Reddivaripalle",,,,,,,,0,130,4,0,0,0,,,,,,,,
858,"11_C_65_62","KDP_C_71_62_Reddivaripalli","Thimmasamudram",,,,,,,,0,115,121,0,0,0,,,,,,,,
859,"11_C_65_63","KDP_C_71_63_TsundupalleRF","RF",,,,,,,,0,,1,0,0,0,,,,,,,,
860,"11_C_65_64","KDP_C_71_64_Mudumpadu","Pulapathuru",,,,,,,,0,,,0,0,0,112,,,,,,,
861,"11_C_65_64","KDP_C_71_64_Mudumpadu","Mandapalle",,,,,,,,0,,124,0,0,0,,,,,,,,
862,"11_C_65_64","KDP_C_71_64_Mudumpadu","Seshamambapuram",,,,,,,,0,,44,0,0,0,,,,,,,,
863,"11_C_65_64","KDP_C_71_64_Mudumpadu","Rollabuduguntapalli",,,,,,,,0,,18,0,0,0,17,,,,,,,
864,"11_C_65_64","KDP_C_71_64_Mudumpadu","Rollamadugu",,,,,,,,0,,68,0,0,0,65,,,,,,,
865,"11_C_65_64","KDP_C_71_64_Mudumpadu","Gundlapalle",,,,,,,,0,80,35,0,0,0,,,,,,,,
866,"11_C_65_64","KDP_C_71_64_Mudumpadu","Chinnaiahgaripalle",,,,,,,,0,0,1,0,0,0,,,,,,,,
867,"11_C_65_64","KDP_C_71_64_Mudumpadu","Peddinenikalva",,,,,,,,0,25,30,0,0,0,,,,,,,,
868,"11_C_65_64","KDP_C_71_64_Mudumpadu","Mudampadu",,,,,,,,0,40,45,0,0,0,,,,,,,,
869,"11_C_65_64","KDP_C_71_64_Mudumpadu","RF",,,,,,,,0,,,0,0,0,,,,,,,,
870,"11_C_65_64","KDP_C_71_64_Mudumpadu","RF",,,,,,,,0,,,0,0,0,,,,,,,,
871,"11_C_65_66","KDP_C_71_66_Sanipaya","Gadikota",,,,,,,,0,24,20,0,0,0,,,,,,,,
872,"11_C_65_66","KDP_C_71_66_Sanipaya","Yadaballi",,,,,,,,0,6,31,0,0,0,,,,,,,,
873,"11_C_65_66","KDP_C_71_66_Sanipaya","Sanipaya",,,,,,,,0,37,0,0,0,0,,,,,,,,
874,"11_C_65_66","KDP_C_71_66_Sanipaya","RF",,,,,,,,0,,0,0,0,0,,,,,,,,
875,"11_C_65_67","KDP_C_71_67_RAJAMPET","Gundluru",,,,,,,,0,82,0,0,0,0,121,,,,,,,
876,"11_C_65_67","KDP_C_71_67_RAJAMPET","Tallapaka",,,,,,,,0,98,0,0,0,0,71,,,,,,,
877,"11_C_65_67","KDP_C_71_67_RAJAMPET","Madana Gopalapuram",,,,,,,,0,0,0,0,0,0,48,,,,,,,
878,"11_C_65_67","KDP_C_71_67_RAJAMPET","Kitcha mambapuram",,,,,,,,0,48,0,0,0,0,70,,,,,,,
879,"11_C_65_67","KDP_C_71_67_RAJAMPET","Sitaramapuram",,,,,,,,0,27,45,0,0,0,,,,,,,,
880,"11_C_65_67","KDP_C_71_67_RAJAMPET","Poli",,,,,,,,0,75,128,0,0,0,,,,,,,,
881,"11_C_65_67","KDP_C_71_67_RAJAMPET","Rajampeta",,,,,,,,0,50,151,0,0,0,,,,,,,,
882,"11_C_65_67","KDP_C_71_67_RAJAMPET","Hastavaram",,,,,,,,0,15,75,0,0,0,,,,,,,,
883,"11_C_65_67","KDP_C_71_67_RAJAMPET","Kothapalle",,,,,,,,0,14,118,0,0,0,,,,,,,,
884,"11_C_65_67","KDP_C_71_67_RAJAMPET","Akepadu",,,,,,,,0,148,395,0,0,0,,,,,,,,
885,"11_C_65_67","KDP_C_71_67_RAJAMPET","Sri Ranga Rajapuram",,,,,,,,0,0,64,0,0,0,,,,,,,,
886,"11_C_65_67","KDP_C_71_67_RAJAMPET","Bahirajapalle",,,,,,,,0,0,51,0,0,0,,,,,,,,
887,"11_C_65_67","KDP_C_71_67_RAJAMPET","Mannuru",,,,,,,,0,101,157,0,0,0,,,,,,,,
888,"11_C_65_67","KDP_C_71_67_RAJAMPET","Brahmanapalli",,,,,,,,0,10,31,0,0,0,,,,,,,,
889,"11_C_65_67","KDP_C_71_67_RAJAMPET","Anantarajupuram",,,,,,,,0,8,36,0,0,0,,,,,,,,
890,"11_C_65_67","KDP_C_71_67_RAJAMPET","Utukur",,,,,,,,0,77,170,0,0,0,,,,,,,,
891,"11_C_65_67","KDP_C_71_67_RAJAMPET","Mittameedapalli",,,,,,,,0,199,241,0,0,0,,,,,,,,
892,"11_C_65_67","KDP_C_71_67_RAJAMPET","Gopamambapuram",,,,,,,,0,17,33,0,0,0,,,,,,,,
893,"11_C_65_67","KDP_C_71_67_RAJAMPET","Narayana Nellore",,,,,,,,0,12,23,0,0,0,40,,,,,,,
894,"11_C_65_67","KDP_C_71_67_RAJAMPET","Sree Rangarajuppalem",,,,,,,,0,0,36,0,0,0,,,,,,,,
895,"11_C_65_67","KDP_C_71_67_RAJAMPET","Thippayapalle",,,,,,,,0,0,198,0,0,0,,,,,,,,
896,"11_C_65_67","KDP_C_71_67_RAJAMPET","Devasamudram",,,,,,,,0,0,45,0,0,0,,,,,,,,
897,"11_C_65_67","KDP_C_71_67_RAJAMPET","Vathaluru",,,,,,,,0,0,135,0,0,0,,,,,,,,
898,"11_C_65_67","KDP_C_71_67_RAJAMPET","Anantasamudram",,,,,,,,0,0,142,0,0,0,,,,,,,,
899,"11_C_65_67","KDP_C_71_67_RAJAMPET","A.Channamambapuram",,,,,,,,0,0,22,0,0,0,,,,,,,,
900,"11_C_65_67","KDP_C_71_67_RAJAMPET","RF",,,,,,,,0,0,0,0,0,0,,,,,,,,
901,"11_C_65_68","KDP_C_71_68_PULLAMPET","Venkatesapuram",,,,,,,,0,0,12,0,0,0,,,,,,,,
902,"11_C_65_68","KDP_C_71_68_PULLAMPET","Gubbuvaripalli",,,,,,,,0,0,28,0,0,0,,,,,,,,
903,"11_C_65_68","KDP_C_71_68_PULLAMPET","Pedda Orampadu",,,,,,,,0,0,207,0,0,0,,,,,,,,
904,"11_C_65_68","KDP_C_71_68_PULLAMPET","RallaCheruvupalle",,,,,,,,0,0,32,0,0,0,,,,,,,,
905,"11_C_65_68","KDP_C_71_68_PULLAMPET","Mangampeta",,,,,,,,0,0,12,0,0,0,,,,,,,,
906,"11_C_65_68","KDP_C_71_68_PULLAMPET","Mukkavaripalle",,,,,,,,0,0,99,0,0,0,,,,,,,,
907,"11_C_65_68","KDP_C_71_68_PULLAMPET","Chinna orampadu",,,,,,,,0,0,222,0,0,0,,,,,,,,
908,"11_C_65_68","KDP_C_71_68_PULLAMPET","JillelaMadaka",,,,,,,,0,0,28,0,0,0,,,,,,,,
909,"11_C_65_68","KDP_C_71_68_PULLAMPET","Korla kunta",,,,,,,,0,0,158,0,0,0,,,,,,,,
910,"11_C_65_68","KDP_C_71_68_PULLAMPET","Y Kota",,,,,,,,0,0,315,0,0,0,,,,,,,,
911,"11_C_65_68","KDP_C_71_68_PULLAMPET","Gadela",,,,,,,,0,0,115,0,0,0,,,,,,,,
912,"11_C_65_68","KDP_C_71_68_PULLAMPET","Nukanapalli",,,,,,,,0,0,25,0,0,0,,,,,,,,
913,"11_C_65_68","KDP_C_71_68_PULLAMPET","Immanuru",,,,,,,,0,0,12,0,0,0,,,,,,,,
914,"11_C_65_68","KDP_C_71_68_PULLAMPET","Pullampeta",,,,,,,,0,0,164,0,0,0,,,,,,,,
915,"11_C_65_68","KDP_C_71_68_PULLAMPET","Puttanavaripalli",,,,,,,,0,0,25,0,0,0,,,,,,,,
916,"11_C_65_68","KDP_C_71_68_PULLAMPET","Anantaiahgaripalli",,,,,,,,0,0,207,0,0,0,,,,,,,,
917,"11_C_65_68","KDP_C_71_68_PULLAMPET","Ramasamudram",,,,,,,,0,0,33,0,0,0,,,,,,,,
918,"11_C_65_68","KDP_C_71_68_PULLAMPET","Utukuru Chalivendla",,,,,,,,0,0,8,0,0,0,,,,,,,,
919,"11_C_65_68","KDP_C_71_68_PULLAMPET","Utukuru Venkatampalle",,,,,,,,0,0,32,0,0,0,,,,,,,,
920,"11_C_65_68","KDP_C_71_68_PULLAMPET","Dondlopalle",,,,,,,,0,0,48,0,0,0,,,,,,,,
921,"11_C_65_68","KDP_C_71_68_PULLAMPET","Vallurupalli",,,,,,,,0,0,75,0,0,0,,,,,,,,
922,"11_C_65_68","KDP_C_71_68_PULLAMPET","Kothapalli Agraharam",,,,,,,,0,0,28,0,0,0,,,,,,,,
923,"11_C_65_68","KDP_C_71_68_PULLAMPET","Kommanavaripalle",,,,,,,,0,0,107,0,0,0,,,,,,,,
924,"11_C_65_68","KDP_C_71_68_PULLAMPET","Dalavaipalle",,,,,,,,0,0,100,0,0,0,,,,,,,,
925,"11_C_65_68","KDP_C_71_68_PULLAMPET","Apparajupeta",,,,,,,,0,0,16,0,0,0,,,,,,,,
926,"11_C_65_68","KDP_C_71_68_PULLAMPET","Garalamadugu",,,,,,,,0,0,69,0,0,0,,,,,,,,
927,"11_C_65_68","KDP_C_71_68_PULLAMPET","T.Rajapuram",,,,,,,,0,0,22,0,0,0,,,,,,,,
928,"11_C_65_68","KDP_C_71_68_PULLAMPET","Periyavaram",,,,,,,,0,0,102,0,0,0,,,,,,,,
929,"11_C_65_68","KDP_C_71_68_PULLAMPET","Ketha Rajupalle",,,,,,,,0,0,26,0,0,0,,,,,,,,
930,"11_C_65_68","KDP_C_71_68_PULLAMPET","Reddipalli",,,,,,,,0,0,199,0,0,0,,,,,,,,
931,"11_C_65_68","KDP_C_71_68_PULLAMPET","Rangampalle",,,,,,,,0,0,106,0,0,0,,,,,,,,
932,"11_C_65_68","KDP_C_71_68_PULLAMPET","RF",,,,,,,,0,0,0,0,0,0,,,,,,,,
933,"11_C_65_69","KDP_C_71_69_Anantharajupet","Anantaraju peta",,,,,,,,0,,137,0,0,0,,,,,,,,
934,"11_C_65_69","KDP_C_71_69_Anantharajupet","Raghava Rajapuram",,,,,,,,0,,35,0,0,0,,,,,,,,
935,"11_C_65_69","KDP_C_71_69_Anantharajupet","Ganga Raja puram",,,,,,,,0,,36,0,0,0,,,,,,,,
936,"11_C_65_69","KDP_C_71_69_Anantharajupet","RF",,,,,,,,0,,0,0,0,0,,,,,,,,
937,"11_C_65_70","KDP_C_71_70_Koduru","Vasudevapuram",,,,,,,,0,,0,0,0,0,,,,,,,,
938,"11_C_65_70","KDP_C_71_70_Koduru","V.V Kandrika",,,,,,,,0,,159,0,0,0,,,,,,,,
939,"11_C_65_70","KDP_C_71_70_Koduru","Obanapalle",,,,,,,,0,,226,0,0,0,,,,,,,,
940,"11_C_65_70","KDP_C_71_70_Koduru","K.Puram Agraharam",,,,,,,,0,,25,0,0,0,,,,,,,,
941,"11_C_65_70","KDP_C_71_70_Koduru","Koduru",,,,,,,,0,,196,0,0,0,,,,,,,,
942,"11_C_65_70","KDP_C_71_70_Koduru","K.Buduguntapalle",,,,,,,,0,,20,0,0,0,,,,,,,,
943,"11_C_65_70","KDP_C_71_70_Koduru","RF",,,,,,,,0,,,0,0,0,,,,,,,,
944,"11_C_65_71","KDP_C_71_71_Settigunta","Chiyyavaram",,,,,,,,0,,48,0,0,0,,,,,,,,
945,"11_C_65_71","KDP_C_71_71_Settigunta","Upparapalle",,,,,,,,0,,47,0,0,0,,,,,,,,
946,"11_C_65_71","KDP_C_71_71_Settigunta","Srinivasapuram",,,,,,,,0,,18,0,0,0,,,,,,,,
947,"11_C_65_71","KDP_C_71_71_Settigunta","Settigunta",,,,,,,,0,,183,0,0,0,,,,,,,,
948,"11_C_65_71","KDP_C_71_71_Settigunta","RF",,,,,,,,0,,0,0,0,0,,,,,,,,
949,"11_C_65_72","KDP_C_71_72_Seshachala Forest","RF",,,,,,,,0,,1,0,0,0,,,,,,,,
950,"11_C_65_73","KDP_C_71_73_PENAGALURU","Narasingarajupuram",,,,,,,,0,0,74,0,0,0,,,,,,,,
951,"11_C_65_73","KDP_C_71_73_PENAGALURU","Penagaluru Agraharam",,,,,,,,0,7,15,0,0,0,,,,,,,,
952,"11_C_65_73","KDP_C_71_73_PENAGALURU","Penagaluru",,,,,,,,0,0,9,0,0,0,,,,,,,,
953,"11_C_65_73","KDP_C_71_73_PENAGALURU","Siddavaram",,,,,,,,0,0,43,0,0,0,,,,,,,,
954,"11_C_65_73","KDP_C_71_73_PENAGALURU","Thirumalarajupeta",,,,,,,,0,0,47,0,0,0,,,,,,,,
955,"11_C_65_73","KDP_C_71_73_PENAGALURU","Singareddipalli",,,,,,,,0,6,58,0,0,0,,,,,,,,
956,"11_C_65_73","KDP_C_71_73_PENAGALURU","Kambalakunta",,,,,,,,0,0,3,0,0,0,,,,,,,,
957,"11_C_65_73","KDP_C_71_73_PENAGALURU","Indluru",,,,,,,,0,0,85,0,0,0,,,,,,,,
958,"11_C_65_73","KDP_C_71_73_PENAGALURU","Singanamala C.Samudram",,,,,,,,0,0,4,0,0,0,,,,,,,,
959,"11_C_65_73","KDP_C_71_73_PENAGALURU","Girijamambapuram",,,,,,,,0,10,6,0,0,0,,,,,,,,
960,"11_C_65_73","KDP_C_71_73_PENAGALURU","S.V.Puram",,,,,,,,0,0,30,0,0,0,,,,,,,,
961,"11_C_65_73","KDP_C_71_73_PENAGALURU","Singanamala",,,,,,,,0,17,8,0,0,0,,,,,,,,
962,"11_C_65_73","KDP_C_71_73_PENAGALURU","Obili",,,,,,,,0,52,180,0,0,0,,,,,,,,
963,"11_C_65_73","KDP_C_71_73_PENAGALURU","Jeltivaripalli",,,,,,,,0,2,9,0,0,0,,,,,,,,
964,"11_C_65_73","KDP_C_71_73_PENAGALURU","Nallapureddypalli",,,,,,,,0,25,152,0,0,0,,,,,,,,
965,"11_C_65_73","KDP_C_71_73_PENAGALURU","Kamantha Rajupuram",,,,,,,,0,12,41,0,0,0,,,,,,,,
966,"11_C_65_73","KDP_C_71_73_PENAGALURU","Pondaluru",,,,,,,,0,36,183,0,0,0,,,,,,,,
967,"11_C_65_73","KDP_C_71_73_PENAGALURU","Pondaluru V.Palli.",,,,,,,,0,1,1,0,0,0,,,,,,,,
968,"11_C_65_73","KDP_C_71_73_PENAGALURU","Kampasamudram",,,,,,,,0,0,132,0,0,0,,,,,,,,
969,"11_C_65_73","KDP_C_71_73_PENAGALURU","K.S.Agraharam",,,,,,,,0,0,73,0,0,0,,,,,,,,
970,"11_C_65_73","KDP_C_71_73_PENAGALURU","Thummakonda",,,,,,,,0,0,41,0,0,0,,,,,,,,
971,"11_C_65_73","KDP_C_71_73_PENAGALURU","K.V.R.R.Puram",,,,,,,,0,0,9,0,0,0,,,,,,,,
972,"11_C_65_73","KDP_C_71_73_PENAGALURU","Kalavavarikandrika",,,,,,,,0,0,0,0,0,0,,,,,,,,
973,"11_C_65_73","KDP_C_71_73_PENAGALURU","Botimeedapalle",,,,,,,,0,0,114,0,0,0,,,,,,,,
974,"11_C_65_73","KDP_C_71_73_PENAGALURU","Bommavaram",,,,,,,,0,0,203,0,0,0,,,,,,,,
975,"11_C_65_73","KDP_C_71_73_PENAGALURU","Govindampalli",,,,,,,,0,0,113,0,0,0,,,,,,,,
976,"11_C_65_73","KDP_C_71_73_PENAGALURU","RF",,,,,,,,,0,0,,,,,,,,,,,
977,"11_C_65_74","KDP_C_71_74_Chitvel","Chintalachilaka",,,,,,,,0,,33,0,0,0,,,,,,,,
978,"11_C_65_74","KDP_C_71_74_Chitvel","Rajukunta",,,,,,,,0,,9,0,0,0,,,,,,,,
979,"11_C_65_74","KDP_C_71_74_Chitvel","Chitvel",,,,,,,,0,,140,0,0,0,,,,,,,,
980,"11_C_65_74","KDP_C_71_74_Chitvel","Bhakarapuram",,,,,,,,0,,24,0,0,0,,,,,,,,
981,"11_C_65_74","KDP_C_71_74_Chitvel","Cherlopalli",,,,,,,,0,,30,0,0,0,,,,,,,,
982,"11_C_65_74","KDP_C_71_74_Chitvel","Thimmayapalem",,,,,,,,0,,28,0,0,0,,,,,,,,
983,"11_C_65_74","KDP_C_71_74_Chitvel","Nagaripadu",,,,,,,,0,,125,0,0,0,,,,,,,,
984,"11_C_65_74","KDP_C_71_74_Chitvel","Nethivaripalli",,,,,,,,0,,37,0,0,0,,,,,,,,
985,"11_C_65_74","KDP_C_71_74_Chitvel","M.Puram & S.R.Puram",,,,,,,,0,,13,0,0,0,,,,,,,,
986,"11_C_65_74","KDP_C_71_74_Chitvel","Nagavaram",,,,,,,,0,,113,0,0,0,,,,,,,,
987,"11_C_65_74","KDP_C_71_74_Chitvel","RF",,,,,,,,0,,0,0,0,0,,,,,,,,
988,"11_C_65_75","KDP_C_71_75_KONDURU","Thimmamambapuram",,,,,,,,0,0,10,0,0,0,,,,,,,,
989,"11_C_65_75","KDP_C_71_75_KONDURU","Kondur",,,,,,,,0,20,40,0,0,0,,,,,,,,
990,"11_C_65_75","KDP_C_71_75_KONDURU","Kondur C.Samudram",,,,,,,,0,0,8,0,0,0,,,,,,,,
991,"11_C_65_75","KDP_C_71_75_KONDURU","Velagacherla",,,,,,,,0,20,62,0,0,0,,,,,,,,
992,"11_C_65_75","KDP_C_71_75_KONDURU","V.M.Puram",,,,,,,,0,0,27,0,0,0,,,,,,,,
993,"11_C_65_75","KDP_C_71_75_KONDURU","Damancherla",,,,,,,,0,0,4,0,0,0,,,,,,,,
994,"11_C_65_75","KDP_C_71_75_KONDURU","Etimarpuram",,,,,,,,0,26,75,0,0,0,,,,,,,,
995,"11_C_65_75","KDP_C_71_75_KONDURU","Mallemarapuram",,,,,,,,0,0,259,0,0,0,,,,,,,,
996,"11_C_65_75","KDP_C_71_75_KONDURU","Mylapalli",,,,,,,,0,0,155,0,0,0,,,,,,,,
997,"11_C_65_75","KDP_C_71_75_KONDURU","Devamachupalle",,,,,,,,0,0,51,0,0,0,,,,,,,,
998,"11_C_65_75","KDP_C_71_75_KONDURU","RF",,,,,,,,0,0,0,0,0,0,,,,,,,,
999,"11_C_65_76","KDP_C_71_76_NANDALURU","Chintalakunta",,,,,,,,0,0,14,0,0,0,,,,,,,,
1000,"11_C_65_76","KDP_C_71_76_NANDALURU","Ramamambapuram",,,,,,,,0,0,0,0,0,0,,,,,,,,
1001,"11_C_65_76","KDP_C_71_76_NANDALURU","Rangayapalli(SM)",,,,,,,,0,0,0,0,0,0,,,,,,,,
1002,"11_C_65_76","KDP_C_71_76_NANDALURU","Pothapi",,,,,,,,0,0,0,0,0,0,63,,,,,,,
1003,"11_C_65_76","KDP_C_71_76_NANDALURU","Jangalapalli",,,,,,,,0,0,0,0,0,0,,,,,,,,
1004,"11_C_65_76","KDP_C_71_76_NANDALURU","Nookinenipalli",,,,,,,,0,0,20,0,0,0,,,,,,,,
1005,"11_C_65_76","KDP_C_71_76_NANDALURU","Kunda Nellore",,,,,,,,0,0,0,0,0,0,5,,,,,,,
1006,"11_C_65_76","KDP_C_71_76_NANDALURU","Komarunipalli",,,,,,,,0,0,0,0,0,0,29,,,,,,,
1007,"11_C_65_76","KDP_C_71_76_NANDALURU","Tangaturu",,,,,,,,0,0,0,0,0,0,104,,,,,,,
1008,"11_C_65_76","KDP_C_71_76_NANDALURU","Tangaturu Vengamambapuram",,,,,,,,0,0,0,0,0,0,25,,,,,,,
1009,"11_C_65_76","KDP_C_71_76_NANDALURU","Lebaka",,,,,,,,0,0,0,0,0,0,273,,,,,,,
1010,"11_C_65_76","KDP_C_71_76_NANDALURU","L.Mangamambapuram",,,,,,,,0,0,0,0,0,0,86,,,,,,,
1011,"11_C_65_76","KDP_C_71_76_NANDALURU","N.Thimmayapalli",,,,,,,,0,0,0,0,0,0,32,,,,,,,
1012,"11_C_65_76","KDP_C_71_76_NANDALURU","Y.Rajupalle",,,,,,,,0,0,0,0,0,0,35,,,,,,,
1013,"11_C_65_76","KDP_C_71_76_NANDALURU","Adapur",,,,,,,,0,0,0,0,0,0,68,,,,,,,
1014,"11_C_65_76","KDP_C_71_76_NANDALURU","Nandaluru",,,,,,,,0,0,0,0,0,0,82,,,,,,,
1015,"11_C_65_76","KDP_C_71_76_NANDALURU","Nagireddipalli",,,,,,,,0,0,0,0,0,0,44,,,,,,,
1016,"11_C_65_76","KDP_C_71_76_NANDALURU","Paturu",,,,,,,,0,0,0,0,0,0,96,,,,,,,
1017,"11_C_65_76","KDP_C_71_76_NANDALURU","RF",,,,,,,,0,0,0,0,0,0,,,,,,,,
1018,"11_C_65_77","KDP_C_71_77_SIRIVARAM","Thimma Rajupalli(SM)",,,,,,,,0,0,0,0,0,0,,,,,,,,
1019,"11_C_65_77","KDP_C_71_77_SIRIVARAM","Sirivaram",,,,,,,,0,0,106,0,0,0,,,,,,,,
1020,"11_C_65_77","KDP_C_71_77_SIRIVARAM","Thirunampalli",,,,,,,,0,0,42,0,0,0,,,,,,,,
1021,"11_C_65_77","KDP_C_71_77_SIRIVARAM","RF",,,,,,,,0,0,0,0,0,0,,,,,,,,
1022,"11_C_65_65","KDP_C_71_65_Rayavaram","Rayavaram",,,,,,,,0,60,168,0,0,0,,,,,,,,
1023,"11_C_65_65","KDP_C_71_65_Rayavaram","RF",,,,,,,,0,,,0,0,0,,,,,,,,
