,,,,CA,NCA,PQA,,
,,,,Industrial,Industrial,Industrial,,
Sr.no,Watershed code,GW watershed name,village name,Industrial Wells,Industrial Wells,Industrial Wells,Total ,
1,11_C_65_03,KDP_C_65_03_J.Madugu,Mylavaram,,,2,2,
2,11_C_65_03,KDP_C_65_03_J.Madugu,Khadarabad,,,,0,
3,11_C_65_03,KDP_C_65_03_J.Madugu,Lingapuram,,,,0,
4,11_C_65_03,KDP_C_65_03_J.Madugu,Nelanoothala,,,,0,
5,11_C_65_03,KDP_C_65_03_J.Madugu,Rangasayapuram,,,4,4,
6,11_C_65_03,KDP_C_65_03_J.Madugu,Chowduru,,,,0,
7,11_C_65_03,KDP_C_65_03_J.Madugu,Peddasettipalli,,,,0,
8,11_C_65_03,KDP_C_65_03_J.Madugu,Dorasanipalli,,,3,3,
9,11_C_65_03,KDP_C_65_03_J.Madugu,Kallur,,,,0,
10,11_C_65_03,KDP_C_65_03_J.Madugu,Regulapalli,,,,0,
11,11_C_65_03,KDP_C_65_03_J.Madugu,Nanganurupalli,,,,0,
12,11_C_65_03,KDP_C_65_03_J.Madugu,Kothapalli,4,,,4,
13,11_C_65_03,KDP_C_65_03_J.Madugu,Modameedipalli,6,,,6,
14,11_C_65_03,KDP_C_65_03_J.Madugu,Rameswaram,,,,0,
15,11_C_65_03,KDP_C_65_03_J.Madugu,Jammalamadugu,2,,,2,
16,11_C_65_03,KDP_C_65_03_J.Madugu,Kanneluru,2,,,2,
17,11_C_65_03,KDP_C_65_03_J.Madugu,Moragudi,,,,0,
18,11_C_65_03,KDP_C_65_03_J.Madugu,Goriganuru,,,,0,
19,11_C_65_03,KDP_C_65_03_J.Madugu,Dharmapuram,,,,0,
20,11_C_65_03,KDP_C_65_03_J.Madugu,Danavulapadu,,,,0,
21,11_C_65_03,KDP_C_65_03_J.Madugu,Devagudi,,,,0,
22,11_C_65_03,KDP_C_65_03_J.Madugu,Purvapu Sugamanchupalle,,,,0,
23,11_C_65_04,KDP_C_65_04_Gandikota,Gandluru,,,1,1,
24,11_C_65_04,KDP_C_65_04_Gandikota,Gudemcheruvu,,,,0,
25,11_C_65_04,KDP_C_65_04_Gandikota,Ponnathota,,,,0,
26,11_C_65_04,KDP_C_65_04_Gandikota,Diguvapatnam,,,,0,
27,11_C_65_04,KDP_C_65_04_Gandikota,Gandikota,,,,0,
28,11_C_65_04,KDP_C_65_04_Gandikota,Sanjeevapalle,,,,0,
29,11_C_65_04,KDP_C_65_04_Gandikota,Purvabommepalle,,,,0,
30,11_C_65_04,KDP_C_65_04_Gandikota,Vemaguntapalle,,,,0,
31,11_C_65_04,KDP_C_65_04_Gandikota,Ambavaram,,,,0,
32,11_C_65_04,KDP_C_65_04_Gandikota,Sirigepalle,,,,0,
33,11_C_65_04,KDP_C_65_04_Gandikota,Peddadandluru,,,,0,
34,11_C_65_04,KDP_C_65_04_Gandikota,Sunnapurallapalle,,,,0,
35,11_C_65_04,KDP_C_65_04_Gandikota,Thugutlapalle,,,,0,
36,11_C_65_04,KDP_C_65_04_Gandikota,Kottagunta Palle,,,,0,
37,11_C_65_04,KDP_C_65_04_Gandikota,DiguvaBrahmanapalli,,,,0,
38,11_C_65_04,KDP_C_65_04_Gandikota,Kibili Rangapuram,,,,0,
39,11_C_65_04,KDP_C_65_04_Gandikota,Obulapuram,,,,0,
40,11_C_65_04,KDP_C_65_04_Gandikota,korrapadu,,,,0,
41,11_C_65_04,KDP_C_65_04_Gandikota,Mangapatnam,,,,0,
42,11_C_65_04,KDP_C_65_04_Gandikota,P.Gopalapuram,,,,0,
43,11_C_65_04,KDP_C_65_04_Gandikota,Chinnadandluru,15,,,15,
44,11_C_65_04,KDP_C_65_04_Gandikota,Illuru,,,,0,
45,11_C_65_04,KDP_C_65_04_Gandikota,RF,,,0,0,
46,11_C_65_05,KDP_C_65_05_Potladurthi,Potladurthi,5,,,5,
47,11_C_65_05,KDP_C_65_05_Potladurthi,Hanumangutti,,,,0,
48,11_C_65_05,KDP_C_65_05_Potladurthi,K.Vengammagaripalli,,,,0,
49,11_C_65_05,KDP_C_65_05_Potladurthi,Yerraguntla,,,12,12,
50,11_C_65_05,KDP_C_65_05_Potladurthi,Kokatam,,,,0,
51,11_C_65_05,KDP_C_65_05_Potladurthi,Sambaturu,,,,0,
52,11_C_65_08,KDP_C_65_08_Sidhout,Dumpalagattu,5,,,5,
53,11_C_65_08,KDP_C_65_08_Sidhout,Chemullapalli,6,,,6,
54,11_C_65_08,KDP_C_65_08_Sidhout,Chennamukkapalli,4,,,4,
55,11_C_65_08,KDP_C_65_08_Sidhout,Doulathapuram,,,,0,
56,11_C_65_08,KDP_C_65_08_Sidhout,Bayanapalli,,,,0,
57,11_C_65_08,KDP_C_65_08_Sidhout,Kanuparthi,,,,0,
58,11_C_65_08,KDP_C_65_08_Sidhout,Ponnavolu,,,,0,
59,11_C_65_08,KDP_C_65_08_Sidhout,Jyothi,,,,0,
60,11_C_65_08,KDP_C_65_08_Sidhout,Vonthatipalli,,,,0,
61,11_C_65_08,KDP_C_65_08_Sidhout,S.Rajampet,,,0,0,
62,11_C_65_08,KDP_C_65_08_Sidhout,Sidhout,,,,0,
63,11_C_65_08,KDP_C_65_08_Sidhout,Jangalapalli,,,,0,
64,11_C_65_08,KDP_C_65_08_Sidhout,Velugupalli,,,,0,
65,11_C_65_08,KDP_C_65_08_Sidhout,Rf,,,,0,
66,11_C_65_09,KDP_C_65_09_Khajipet,Mittamanipalli,,,,0,
67,11_C_65_09,KDP_C_65_09_Khajipet,Settivaripalli,,,,0,
68,11_C_65_09,KDP_C_65_09_Khajipet,Nandyalampet,,,,0,
69,11_C_65_09,KDP_C_65_09_Khajipet,Somayajulapalli,,,,0,
70,11_C_65_09,KDP_C_65_09_Khajipet,Annaluru,,,,0,
71,11_C_65_09,KDP_C_65_09_Khajipet,Sivapuram,,,,0,
72,11_C_65_09,KDP_C_65_09_Khajipet,S.Mydukur,,,,0,
73,11_C_65_09,KDP_C_65_09_Khajipet,Bhumayapalli,,,,0,
74,11_C_65_09,KDP_C_65_09_Khajipet,Buddayapalli,,,,0,
75,11_C_65_09,KDP_C_65_09_Khajipet,Pulluru,,,,0,
76,11_C_65_09,KDP_C_65_09_Khajipet,Nagasanipalli,,,,0,
77,11_C_65_09,KDP_C_65_09_Khajipet,Machupalli,,,,0,
78,11_C_65_09,KDP_C_65_09_Khajipet,Pathuru,,,,0,
79,11_C_65_09,KDP_C_65_09_Khajipet,K.Sunkesula,4,,,4,
80,11_C_65_09,KDP_C_65_09_Khajipet,Tudumuladinne,,,,0,
81,11_C_65_09,KDP_C_65_09_Khajipet,Kommaluru,,,,0,
82,11_C_65_09,KDP_C_65_09_Khajipet,Thavvaripalli,,,,0,
83,11_C_65_09,KDP_C_65_09_Khajipet,Ravulapalli,,,,0,
84,11_C_65_09,KDP_C_65_09_Khajipet,Kotlur,,,,0,
85,11_C_65_09,KDP_C_65_09_Khajipet,RF,,,,0,
86,11_C_65_11,KDP_C_65_11_CHENNURU,Thollaganganapalli,,,,0,
87,11_C_65_11,KDP_C_65_11_CHENNURU,Yadavapuram,,,,0,
88,11_C_65_11,KDP_C_65_11_CHENNURU,Kokkarayapalli,,,,0,
89,11_C_65_11,KDP_C_65_11_CHENNURU,Chennuru,5,,,5,
90,11_C_65_11,KDP_C_65_11_CHENNURU,Nazeerbeigpalli,,,,0,
91,11_C_65_11,KDP_C_65_11_CHENNURU,Gurrampadu,,,,0,
92,11_C_65_11,KDP_C_65_11_CHENNURU,Ramanapalli,,,,0,
93,11_C_65_11,KDP_C_65_11_CHENNURU,Upparapalli,,,,0,
94,11_C_65_11,KDP_C_65_11_CHENNURU,Dugganapalli,,,,0,
95,11_C_65_11,KDP_C_65_11_CHENNURU,Chinnamachupalli,1,,,1,
96,11_C_65_11,KDP_C_65_11_CHENNURU,Rudrabharatipet,,,,0,
97,11_C_65_11,KDP_C_65_11_CHENNURU,Rachinayanapalli,,,,0,
98,11_C_65_11,KDP_C_65_11_CHENNURU,Mundlapalli,,,,0,
99,11_C_65_11,KDP_C_65_11_CHENNURU,Kopparthi,,,,0,
100,11_C_65_11,KDP_C_65_11_CHENNURU,Tadigotla,,,,0,
101,11_C_65_11,KDP_C_65_11_CHENNURU,Royalapanthulapalli,,,,0,
102,11_C_65_11,KDP_C_65_11_CHENNURU,T.Ramachandrapuram,,,,0,
103,11_C_65_11,KDP_C_65_11_CHENNURU,Krishnapuram,,,,0,
104,11_C_65_11,KDP_C_65_11_CHENNURU,Pabbapuram,,,,0,
105,11_C_65_11,KDP_C_65_11_CHENNURU,Papasahebpet,,,,0,
106,11_C_65_11,KDP_C_65_11_CHENNURU,Cherlopalli,,,,0,
107,11_C_65_11,KDP_C_65_11_CHENNURU,Balupalli,,,,0,
108,11_C_65_11,KDP_C_65_11_CHENNURU,K.Ramachandrapuram,,,,0,
109,11_C_65_11,KDP_C_65_11_CHENNURU,Kammavaripalli,,,,0,
110,11_C_65_11,KDP_C_65_11_CHENNURU,Apparajupalli,,,,0,
111,11_C_65_11,KDP_C_65_11_CHENNURU,Ganganapalli,,,,0,
112,11_C_65_11,KDP_C_65_11_CHENNURU,Tippireddypalli,,,,0,
113,11_C_65_11,KDP_C_65_11_CHENNURU,K.Giriyampalli,,,,0,
114,11_C_65_12,KDP_C_65_12_KADAPA,Guduru,4,,,4,
115,11_C_65_12,KDP_C_65_12_KADAPA,Pathacuddapah,3,,,3,
116,11_C_65_12,KDP_C_65_12_KADAPA,Ukkayapalli,3,,,3,
117,11_C_65_12,KDP_C_65_12_KADAPA,Chemmumiyapet,9,,,9,
118,11_C_65_12,KDP_C_65_12_KADAPA,Akkyapalli,,,,0,
119,11_C_65_12,KDP_C_65_12_KADAPA,Palempalli,3,,,3,
120,11_C_65_12,KDP_C_65_12_KADAPA,Chinnachowk,9,,,9,
121,11_C_65_12,KDP_C_65_12_KADAPA,Ramarajupalli,4,,,4,
122,11_C_65_12,KDP_C_65_12_KADAPA,Nagarajupet,2,,,2,
123,11_C_65_12,KDP_C_65_12_KADAPA,Cuddapah,18,,,18,
124,11_C_65_12,KDP_C_65_12_KADAPA,Putlampalli,5,,,5,
125,11_C_65_12,KDP_C_65_12_KADAPA,Chintakommadinne,,,,0,
126,11_C_65_12,KDP_C_65_12_KADAPA,Utukuru,,,,0,
127,11_C_65_12,KDP_C_65_12_KADAPA,Viswanathapuram,3,,,3,
128,11_C_65_12,KDP_C_65_12_KADAPA,Mamillapalli,,,,0,
129,11_C_65_12,KDP_C_65_12_KADAPA,Buggalapalli,,,,0,
130,11_C_65_12,KDP_C_65_12_KADAPA,Rudraiahgaripalli,,,,0,
131,11_C_65_12,KDP_C_65_12_KADAPA,Buggaletipalli,,,,0,
132,11_C_65_12,KDP_C_65_12_KADAPA,Kolumulapalli,,,,0,
133,11_C_65_12,KDP_C_65_12_KADAPA,Jamalpalli,,,,0,
134,11_C_65_12,KDP_C_65_12_KADAPA,Chinnakampalli,,,,0,
135,11_C_65_12,KDP_C_65_12_KADAPA,Peddakampalli,,,,0,
136,11_C_65_12,KDP_C_65_12_KADAPA,Ippenta,,,,0,
137,11_C_65_12,KDP_C_65_12_KADAPA,RF,,,,0,
138,11_C_65_16,KDP_C_67_16_KONDAPURAM,Kondapuram,,,,0,
139,11_C_65_16,KDP_C_67_16_KONDAPURAM,Obannapet,,,,0,
140,11_C_65_16,KDP_C_67_16_KONDAPURAM,Anantapuram,,,,0,
141,11_C_65_16,KDP_C_67_16_KONDAPURAM,Penujuvvi,,,,0,
142,11_C_65_16,KDP_C_67_16_KONDAPURAM,Pottipadu,,,,0,
143,11_C_65_16,KDP_C_67_16_KONDAPURAM,Donkupalli,,,,0,
144,11_C_65_16,KDP_C_67_16_KONDAPURAM,S.Timmapuram,,,,0,
145,11_C_65_16,KDP_C_67_16_KONDAPURAM,Lavanur,,,,0,
146,11_C_65_16,KDP_C_67_16_KONDAPURAM,Chinnamanenipalli,,,,0,
147,11_C_65_16,KDP_C_67_16_KONDAPURAM,Lingamanenipalli,,,,0,
148,11_C_65_16,KDP_C_67_16_KONDAPURAM,Venkaiahkalva,,,,0,
149,11_C_65_16,KDP_C_67_16_KONDAPURAM,Pydipalem,,,,0,
150,11_C_65_16,KDP_C_67_16_KONDAPURAM,Chavvaripalli,,,,0,
151,11_C_65_16,KDP_C_67_16_KONDAPURAM,Devathapuram,,,,0,
152,11_C_65_16,KDP_C_67_16_KONDAPURAM,RF,,,,0,
153,11_C_65_17,KDP_C_67_17_ETURU,Yeturu,,,,0,
154,11_C_65_17,KDP_C_67_17_ETURU,Beduduru,,,,0,
155,11_C_65_17,KDP_C_67_17_ETURU,Yanamalachintala,,,,0,
156,11_C_65_17,KDP_C_67_17_ETURU,Sivapuram,,,,0,
157,11_C_65_18,KDP_C_67_18_PARNAPALLI,Komanutala,,,,0,
158,11_C_65_18,KDP_C_67_18_PARNAPALLI,Velidandla,,,,0,
159,11_C_65_18,KDP_C_67_18_PARNAPALLI,Parnapalli,,,,0,
160,11_C_65_19,KDP_C_68_19_T.M.PATNAM,Chinnaventurla,,,,0,
161,11_C_65_19,KDP_C_68_19_T.M.PATNAM,B. Venkatapuram,,,,0,
162,11_C_65_19,KDP_C_68_19_T.M.PATNAM,Bestavemula,,,,0,
163,11_C_65_19,KDP_C_68_19_T.M.PATNAM,Kallutla,,,,0,
164,11_C_65_19,KDP_C_68_19_T.M.PATNAM,A.Kambaladinne,,,,0,
165,11_C_65_19,KDP_C_68_19_T.M.PATNAM,Nawabpet,,,,0,
166,11_C_65_19,KDP_C_68_19_T.M.PATNAM,Chinnakomerla,12,,,12,
167,11_C_65_19,KDP_C_68_19_T.M.PATNAM,Dugganapalli,,,,0,
168,11_C_65_19,KDP_C_68_19_T.M.PATNAM,Talamanchipatnam,,,,0,
169,11_C_65_19,KDP_C_68_19_T.M.PATNAM,Madhavaram,,,,0,
170,11_C_65_19,KDP_C_68_19_T.M.PATNAM,Golla Uppalapadu,,,,0,
171,11_C_65_19,KDP_C_68_19_T.M.PATNAM,Gollapalli,,,,0,
172,11_C_65_19,KDP_C_68_19_T.M.PATNAM,Vaddiralla,,,1,1,
173,11_C_65_19,KDP_C_68_19_T.M.PATNAM,Dhannavada,,,,0,
174,11_C_65_19,KDP_C_68_19_T.M.PATNAM,Murapandi,,,,0,
175,11_C_65_19,KDP_C_68_19_T.M.PATNAM,Nakkavanipalli,,,,0,
176,11_C_65_19,KDP_C_68_19_T.M.PATNAM,Dhodium,,,,0,
177,11_C_65_19,KDP_C_68_19_T.M.PATNAM,Kona Anantapuram,,,,0,
178,11_C_65_19,KDP_C_68_19_T.M.PATNAM,Ramachandrayapalli,,,,0,
179,11_C_65_19,KDP_C_68_19_T.M.PATNAM,Ponnampalli,,,,0,
180,11_C_65_19,KDP_C_68_19_T.M.PATNAM,Thorrivemula,,,,0,
181,11_C_65_19,KDP_C_68_19_T.M.PATNAM,Veparala,,,,0,
182,11_C_65_19,KDP_C_68_19_T.M.PATNAM,M.Kambaladinne,,,,0,
183,11_C_65_19,KDP_C_68_19_T.M.PATNAM,DommaraNandyala,,,,0,
184,11_C_65_19,KDP_C_68_19_T.M.PATNAM,Garisalur,2,,,2,
185,11_C_65_19,KDP_C_68_19_T.M.PATNAM,Chinnamudium,,,,0,
186,11_C_65_19,KDP_C_68_19_T.M.PATNAM,Bodithippanapadu,,,,0,
187,11_C_65_19,KDP_C_68_19_T.M.PATNAM,Bhutamapuram,,,,0,
188,11_C_65_19,KDP_C_68_19_T.M.PATNAM,Bheemagundam,,,,0,
189,11_C_65_19,KDP_C_68_19_T.M.PATNAM,Gundlakunta,,,,0,
190,11_C_65_19,KDP_C_68_19_T.M.PATNAM,Medidinne,,,,0,
191,11_C_65_19,KDP_C_68_19_T.M.PATNAM,Chadipiralladinne,,,,0,
192,11_C_65_19,KDP_C_68_19_T.M.PATNAM,Chinnapasupula,,,,0,
193,11_C_65_19,KDP_C_68_19_T.M.PATNAM,Salevariuppaluru,,,,0,
194,11_C_65_20,KDP_C_68_20_DIGUVAKALVATALA,Kondasunkesula,,,,0,
195,11_C_65_20,KDP_C_68_20_DIGUVAKALVATALA,Diguvakalvatala,,,,0,
196,11_C_65_20,KDP_C_68_20_DIGUVAKALVATALA,Papayapalli,,,,0,
197,11_C_65_20,KDP_C_68_20_DIGUVAKALVATALA,Nagireddypalli,,,,0,
198,11_C_65_20,KDP_C_68_20_DIGUVAKALVATALA,Nagarajupalli,,,,0,
199,11_C_65_20,KDP_C_68_20_DIGUVAKALVATALA,Paluru,,,,0,
200,11_C_65_20,KDP_C_68_20_DIGUVAKALVATALA,Gopalapuram,,,,0,
201,11_C_65_20,KDP_C_68_20_DIGUVAKALVATALA,B.Venkatapuram,,,,0,
202,11_C_65_21,KDP_C_68_21_PEDDAMUDIUM,Peddamudium,,,,0,
203,11_C_65_21,KDP_C_68_21_PEDDAMUDIUM,Suddapalli,,,,0,
204,11_C_65_21,KDP_C_68_21_PEDDAMUDIUM,Jangalapalli,,,,0,
205,11_C_65_21,KDP_C_68_21_PEDDAMUDIUM,J.Kothapalli,,,,0,
206,11_C_65_21,KDP_C_68_21_PEDDAMUDIUM,Uppaluru,,,,0,
207,11_C_65_21,KDP_C_68_21_PEDDAMUDIUM,Balapanagudur,,,,0,
208,11_C_65_21,KDP_C_68_21_PEDDAMUDIUM,Gopayapalli,,,,0,
209,11_C_65_22,KDP_C_68_22_RAJUPALEM,Nemalladinne,,,,0,
210,11_C_65_22,KDP_C_68_22_RAJUPALEM,N.Kottalapalli,,,,0,
211,11_C_65_22,KDP_C_68_22_RAJUPALEM,Peddapasupala,,,,0,
212,11_C_65_22,KDP_C_68_22_RAJUPALEM,Ulavapalli,,,,0,
213,11_C_65_22,KDP_C_68_22_RAJUPALEM,Vellala,0,,,0,
214,11_C_65_22,KDP_C_68_22_RAJUPALEM,Paidala,0,,,0,
215,11_C_65_22,KDP_C_68_22_RAJUPALEM,Daddanala,0,,,0,
216,11_C_65_22,KDP_C_68_22_RAJUPALEM,Kulluru,1,,,1,
217,11_C_65_22,KDP_C_68_22_RAJUPALEM,Gadeguduru,0,,,0,
218,11_C_65_22,KDP_C_68_22_RAJUPALEM,Tangaturu,1,,,1,
219,11_C_65_22,KDP_C_68_22_RAJUPALEM,Arkatavemula,,,,0,
220,11_C_65_22,KDP_C_68_22_RAJUPALEM,Parlapadu,,,,0,
221,11_C_65_22,KDP_C_68_22_RAJUPALEM,Rajupalem,0,,,0,
222,11_C_65_22,KDP_C_68_22_RAJUPALEM,Thondaladinne,0,,,0,
223,11_C_65_22,KDP_C_68_22_RAJUPALEM,Eruvupalem,0,,,0,
224,11_C_65_22,KDP_C_68_22_RAJUPALEM,Chinnajonnavaram,0,,,0,
225,11_C_65_22,KDP_C_68_22_RAJUPALEM,Velavali,1,,,1,
226,11_C_65_23,KDP_C_68_23_CHAPADU,G.Kothapalli,,,,0,
227,11_C_65_23,KDP_C_68_23_CHAPADU,Chinnasettipalli,,,,0,
228,11_C_65_23,KDP_C_68_23_CHAPADU,Pottipadu,,,,0,
229,11_C_65_23,KDP_C_68_23_CHAPADU,Korrapadu,,,,0,
230,11_C_65_23,KDP_C_68_23_CHAPADU,Chapadu,,,,0,
231,11_C_65_23,KDP_C_68_23_CHAPADU,Pallavolu,,,,0,
232,11_C_65_23,KDP_C_68_23_CHAPADU,Thummalapadu,,,,0,
233,11_C_65_23,KDP_C_68_23_CHAPADU,Budidepadu,,,,0,
234,11_C_65_23,KDP_C_68_23_CHAPADU,Anantapuram,,,,0,
235,11_C_65_23,KDP_C_68_23_CHAPADU,Kutchupapa,,,,0,
236,11_C_65_23,KDP_C_68_23_CHAPADU,Vedururu,,,,0,
237,11_C_65_23,KDP_C_68_23_CHAPADU,Bollavaram,,,,0,
238,11_C_65_23,KDP_C_68_23_CHAPADU,Proddatur,10,,,10,
239,11_C_65_23,KDP_C_68_23_CHAPADU,Gopavaram,4,,,4,
240,11_C_65_23,KDP_C_68_23_CHAPADU,Kamanuru,,,,0,
241,11_C_65_23,KDP_C_68_23_CHAPADU,Sarvireddypalli,,,,0,
242,11_C_65_23,KDP_C_68_23_CHAPADU,Upparapalli,,,,0,
243,11_C_65_23,KDP_C_68_23_CHAPADU,Tallamapuram,,,,0,
244,11_C_65_23,KDP_C_68_23_CHAPADU,Yerraguntapalli,,,,0,
245,11_C_65_24,KDP_C_68_24_DUVVURU,Idamadaka,,,,0,
246,11_C_65_24,KDP_C_68_24_DUVVURU,Kanagudur,,,,0,
247,11_C_65_24,KDP_C_68_24_DUVVURU,Ramachandrapuram,,,,0,
248,11_C_65_24,KDP_C_68_24_DUVVURU,Dasaripalli,,,,0,
249,11_C_65_24,KDP_C_68_24_DUVVURU,Neelapuram,,,,0,
250,11_C_65_24,KDP_C_68_24_DUVVURU,Jillella,,,,0,
251,11_C_65_24,KDP_C_68_24_DUVVURU,Peddajonnavaram,1,,,1,
252,11_C_65_24,KDP_C_68_24_DUVVURU,Duvvur,1,,,1,
253,11_C_65_24,KDP_C_68_24_DUVVURU,Madirepalli,,,,0,
254,11_C_65_24,KDP_C_68_24_DUVVURU,Chinnasinganapalli,,,,0,
255,11_C_65_24,KDP_C_68_24_DUVVURU,Manerampalli,,,,0,
256,11_C_65_24,KDP_C_68_24_DUVVURU,Rajupalem,,,,0,
257,11_C_65_24,KDP_C_68_24_DUVVURU,Nelatur,,,,0,
258,11_C_65_24,KDP_C_68_24_DUVVURU,Balakkivaripalli,,,,0,
259,11_C_65_24,KDP_C_68_24_DUVVURU,Machanapalli,,,,0,
260,11_C_65_24,KDP_C_68_24_DUVVURU,Annapusastrulapalli,,,,0,
261,11_C_65_24,KDP_C_68_24_DUVVURU,Maduru,,,,0,
262,11_C_65_24,KDP_C_68_24_DUVVURU,Vengannagaripalli,,,,0,
263,11_C_65_25,KDP_C_68_25_MYDUKURU,T.Sallabhasayapalli,,,,0,
264,11_C_65_25,KDP_C_68_25_MYDUKURU,Gollapalli,,,,0,
265,11_C_65_25,KDP_C_68_25_MYDUKURU,Gudipadu,,,,0,
266,11_C_65_25,KDP_C_68_25_MYDUKURU,Chintakunta,,,,0,
267,11_C_65_25,KDP_C_68_25_MYDUKURU,Yakarlapalem,,,,0,
268,11_C_65_25,KDP_C_68_25_MYDUKURU,Tippireddypalli,,,,0,
269,11_C_65_25,KDP_C_68_25_MYDUKURU,Mudireddypalli,,,,0,
270,11_C_65_25,KDP_C_68_25_MYDUKURU,Adireddypalli,,,,0,
271,11_C_65_25,KDP_C_68_25_MYDUKURU,Ganjikunta,,,,0,
272,11_C_65_25,KDP_C_68_25_MYDUKURU,Gaddamayapalli,,,,0,
273,11_C_65_25,KDP_C_68_25_MYDUKURU,Lingaladinne,1,,,1,
274,11_C_65_25,KDP_C_68_25_MYDUKURU,Vanipenta,,,,0,
275,11_C_65_25,KDP_C_68_25_MYDUKURU,N.Mydukur,13,,,13,
276,11_C_65_25,KDP_C_68_25_MYDUKURU,Miduthuru,,,,0,
277,11_C_65_25,KDP_C_68_25_MYDUKURU,Eturu,,,,0,
278,11_C_65_25,KDP_C_68_25_MYDUKURU,Thripuravaram,,,,0,
279,11_C_65_25,KDP_C_68_25_MYDUKURU,Chiyyapadu,,,,0,
280,11_C_65_25,KDP_C_68_25_MYDUKURU,Morrayapalli,,,,0,
281,11_C_65_25,KDP_C_68_25_MYDUKURU,Pitchapadu,,,,0,
282,11_C_65_25,KDP_C_68_25_MYDUKURU,Somapuram,,,,0,
283,11_C_65_25,KDP_C_68_25_MYDUKURU,Bhadripalli,,,,0,
284,11_C_65_25,KDP_C_68_25_MYDUKURU,Nerrawada,,,,0,
285,11_C_65_25,KDP_C_68_25_MYDUKURU,Kethavaram,,,,0,
286,11_C_65_25,KDP_C_68_25_MYDUKURU,Alladupalli,,,,0,
287,11_C_65_25,KDP_C_68_25_MYDUKURU,Peddaguruvaluru,,,,0,
288,11_C_65_25,KDP_C_68_25_MYDUKURU,Chinnaguruvaluru,,,,0,
289,11_C_65_31,KDP_C_69_31_VEMPALLI,Tangedupalli,,,,0,
290,11_C_65_31,KDP_C_69_31_VEMPALLI,U.Rajupalem,,,,0,
291,11_C_65_31,KDP_C_69_31_VEMPALLI,Vemaplli,6,,,6,
292,11_C_65_31,KDP_C_69_31_VEMPALLI,T.Velamavaripalli,,,,0,
293,11_C_65_31,KDP_C_69_31_VEMPALLI,Addalamarri,,,1,1,
294,11_C_65_31,KDP_C_69_31_VEMPALLI,Komarakalva,,,,0,
295,11_C_65_31,KDP_C_69_31_VEMPALLI,ErraBommanapalli,,,,0,
296,11_C_65_31,KDP_C_69_31_VEMPALLI,RF,,,,0,
297,11_C_65_32,KDP_C_69_32_TALLAPALLI,V.Kothapalli,,,,0,
298,11_C_65_32,KDP_C_69_32_TALLAPALLI,South palagiri,,,,0,
299,11_C_65_32,KDP_C_69_32_TALLAPALLI,Gonamakulapalli,,,,0,
300,11_C_65_32,KDP_C_69_32_TALLAPALLI,Kathaluru,2,,,2,
301,11_C_65_32,KDP_C_69_32_TALLAPALLI,Pamuluru,,,,0,
302,11_C_65_32,KDP_C_69_32_TALLAPALLI,Tallapalli,,,,0,
303,11_C_65_33,KDP_C_69_33_VEMULA,Polepalli,,,,0,
304,11_C_65_33,KDP_C_69_33_VEMULA,Boggudapalli,,,,0,
305,11_C_65_33,KDP_C_69_33_VEMULA,Bakarapuram,,,,0,
306,11_C_65_33,KDP_C_69_33_VEMULA,K.Velamavaripalli,,,,0,
307,11_C_65_33,KDP_C_69_33_VEMULA,Peddajuturu,1,,,1,
308,11_C_65_33,KDP_C_69_33_VEMULA,Chinnajuturu,,,,0,
309,11_C_65_33,KDP_C_69_33_VEMULA,Gollalaguduru,,,,0,
310,11_C_65_33,KDP_C_69_33_VEMULA,Pendluru,,,,0,
311,11_C_65_33,KDP_C_69_33_VEMULA,Pernapadu,,,,0,
312,11_C_65_33,KDP_C_69_33_VEMULA,Chagaleru,2,,,2,
313,11_C_65_33,KDP_C_69_33_VEMULA,Gondapalli,,,,0,
314,11_C_65_33,KDP_C_69_33_VEMULA,Vemula,2,,,2,
315,11_C_65_33,KDP_C_69_33_VEMULA,Velpula,1,,,1,
316,11_C_65_33,KDP_C_69_33_VEMULA,Meedipenta,3,,,3,
317,11_C_65_33,KDP_C_69_33_VEMULA,Muthukuru,,,,0,
318,11_C_65_33,KDP_C_69_33_VEMULA,Naguru,,,,0,
319,11_C_65_33,KDP_C_69_33_VEMULA,Alavalapadu,,,,0,
320,11_C_65_33,KDP_C_69_33_VEMULA,RF,,,,0,
321,11_C_65_35,KDP_C_69_35_PULIVENDULA,Atchavelli,,,,0,
322,11_C_65_35,KDP_C_69_35_PULIVENDULA,Ulimela,1,,,1,
323,11_C_65_35,KDP_C_69_35_PULIVENDULA,Ahobilapuram,,,,0,
324,11_C_65_35,KDP_C_69_35_PULIVENDULA,Pulivendula,9,,,9,
325,11_C_65_35,KDP_C_69_35_PULIVENDULA,Kachivaripalli,,,,0,
326,11_C_65_35,KDP_C_69_35_PULIVENDULA,Nallacheruvupalli,,,,0,
327,11_C_65_35,KDP_C_69_35_PULIVENDULA,Gundlamadugu,,,,0,
328,11_C_65_35,KDP_C_69_35_PULIVENDULA,Sydapuram,,,,0,
329,11_C_65_35,KDP_C_69_35_PULIVENDULA,Jalapartha,,,,0,
330,11_C_65_35,KDP_C_69_35_PULIVENDULA,Paluru,,,,0,
331,11_C_65_35,KDP_C_69_35_PULIVENDULA,Yadavakunta,,,,0,
332,11_C_65_35,KDP_C_69_35_PULIVENDULA,Goturu,,,,0,
333,11_C_65_35,KDP_C_69_35_PULIVENDULA,Thimmapurampet,,,,0,
334,11_C_65_35,KDP_C_69_35_PULIVENDULA,RF,,,,0,
335,11_C_65_36,KDP_C_69_36_LINGALA,Peddakudala,,,,0,
336,11_C_65_36,KDP_C_69_36_LINGALA,Lingala,,,,0,
337,11_C_65_36,KDP_C_69_36_LINGALA,Murarichintala,,,,0,
338,11_C_65_36,KDP_C_69_36_LINGALA,Gunakanapalli,,,,0,
339,11_C_65_36,KDP_C_69_36_LINGALA,Ramatnutalapalli,,,,0,
340,11_C_65_36,KDP_C_69_36_LINGALA,Chinnakudala,,,,0,
341,11_C_65_36,KDP_C_69_36_LINGALA,Narasimharaopalli,,,,0,
342,11_C_65_36,KDP_C_69_36_LINGALA,Vadlavaripalli,,,,0,
343,11_C_65_36,KDP_C_69_36_LINGALA,Ippatla,,,,0,
344,11_C_65_36,KDP_C_69_36_LINGALA,Herojipuram,,,,0,
345,11_C_65_36,KDP_C_69_36_LINGALA,Korrapadu,,,,0,
346,11_C_65_36,KDP_C_69_36_LINGALA,Venkatampalli,,,,0,
347,11_C_65_36,KDP_C_69_36_LINGALA,Ragimanupalli,,,,0,
348,11_C_65_36,KDP_C_69_36_LINGALA,Rachamarripalli,,,,0,
349,11_C_65_36,KDP_C_69_36_LINGALA,Peddarangapuram,3,,,3,
350,11_C_65_36,KDP_C_69_36_LINGALA,Chinnarangapuram,,,,0,
351,11_C_65_36,KDP_C_69_36_LINGALA,Brahmanapalli,,,,0,
352,11_C_65_36,KDP_C_69_36_LINGALA,Inagalur,,,,0,
353,11_C_65_36,KDP_C_69_36_LINGALA,RF,,,,0,
354,11_C_65_37,KDP_C_69_37_KONAMPALLI,Ambakapalli,,,,0,
355,11_C_65_37,KDP_C_69_37_KONAMPALLI,Errapalli,,,,0,
356,11_C_65_37,KDP_C_69_37_KONAMPALLI,Yerragudipalli,,,,0,
357,11_C_65_37,KDP_C_69_37_KONAMPALLI,Konampalli,,,,0,
358,11_C_65_37,KDP_C_69_37_KONAMPALLI,RF,,,,0,
359,11_C_65_38,KDP_C_69_38_KAMASAMUDRAM,Balapanuru,,,,0,
360,11_C_65_38,KDP_C_69_38_KAMASAMUDRAM,Bonala,,,,0,
361,11_C_65_38,KDP_C_69_38_KAMASAMUDRAM,Kamasamudram,,,,0,
362,11_C_65_38,KDP_C_69_38_KAMASAMUDRAM,Dondlavagu,,,,0,
363,11_C_65_38,KDP_C_69_38_KAMASAMUDRAM,Lopatlanutala,,,,0,
364,11_C_65_38,KDP_C_69_38_KAMASAMUDRAM,Rayalapuram,,,,0,
365,11_C_65_38,KDP_C_69_38_KAMASAMUDRAM,Thelluru,,,,0,
366,11_C_65_38,KDP_C_69_38_KAMASAMUDRAM,Maduru,,,,0,
367,11_C_65_38,KDP_C_69_38_KAMASAMUDRAM,RF,,,,0,
368,11_C_65_39,KDP_C_69_39_SIMHADRIPURAM,Nandyalampalli,,,,0,
369,11_C_65_39,KDP_C_69_39_SIMHADRIPURAM,Jangamreddypalli,,,,0,
370,11_C_65_39,KDP_C_69_39_SIMHADRIPURAM,Theliki,,,,0,
371,11_C_65_39,KDP_C_69_39_SIMHADRIPURAM,Muddulapaya,,,,0,
372,11_C_65_39,KDP_C_69_39_SIMHADRIPURAM,Ravulakolanu,,,,0,
373,11_C_65_39,KDP_C_69_39_SIMHADRIPURAM,Sunkesula,,,,0,
374,11_C_65_39,KDP_C_69_39_SIMHADRIPURAM,Duddekunta,,,,0,
375,11_C_65_39,KDP_C_69_39_SIMHADRIPURAM,Kasunuru,,,,0,
376,11_C_65_39,KDP_C_69_39_SIMHADRIPURAM,Simhadripuram,2,,,2,
377,11_C_65_39,KDP_C_69_39_SIMHADRIPURAM,Gurijala,,,,0,
378,11_C_65_39,KDP_C_69_39_SIMHADRIPURAM,Bidinamcherla,,,,0,
379,11_C_65_39,KDP_C_69_39_SIMHADRIPURAM,Himakuntla,,,,0,
380,11_C_65_39,KDP_C_69_39_SIMHADRIPURAM,Nidivelagala,,,,0,
381,11_C_65_39,KDP_C_69_39_SIMHADRIPURAM,Agraharam,,,,0,
382,11_C_65_39,KDP_C_69_39_SIMHADRIPURAM,Ankalammaguduru,,,,0,
383,11_C_65_39,KDP_C_69_39_SIMHADRIPURAM,Lomada,,,,0,
384,11_C_65_39,KDP_C_69_39_SIMHADRIPURAM,Bhadrampalli,,,,0,
385,11_C_65_39,KDP_C_69_39_SIMHADRIPURAM,RF,,,,0,
386,11_C_65_49,KDP_C_70_49_SAVISETTIPALLI,Mudumala,,,,0,
387,11_C_65_49,KDP_C_70_49_SAVISETTIPALLI,Palugurallapalli,,,,0,
388,11_C_65_49,KDP_C_70_49_SAVISETTIPALLI,Godlaveedu,,,,0,
389,11_C_65_49,KDP_C_70_49_SAVISETTIPALLI,Chennakesapuram,,,,0,
390,11_C_65_49,KDP_C_70_49_SAVISETTIPALLI,Papanapalli,,,,0,
391,11_C_65_49,KDP_C_70_49_SAVISETTIPALLI,Akkamgundla,,,,0,
392,11_C_65_49,KDP_C_70_49_SAVISETTIPALLI,Katheragandla,,,,0,
393,11_C_65_49,KDP_C_70_49_SAVISETTIPALLI,Pagadalapalli,,,,0,
394,11_C_65_49,KDP_C_70_49_SAVISETTIPALLI,Savisettipalli,,,,0,
395,11_C_65_49,KDP_C_70_49_SAVISETTIPALLI,Vankamarri,,,,0,
396,11_C_65_49,KDP_C_70_49_SAVISETTIPALLI,Itugulapadu,,,,0,
397,11_C_65_49,KDP_C_70_49_SAVISETTIPALLI,Akkampet,,,,0,
398,11_C_65_49,KDP_C_70_49_SAVISETTIPALLI,RF,0,,,0,
399,11_C_65_50,KDP_C_70_50_PORUMAMILLA,Munnelli,1,,,1,
400,11_C_65_50,KDP_C_70_50_PORUMAMILLA,Bodugundupalli,,,,0,
401,11_C_65_50,KDP_C_70_50_PORUMAMILLA,Koduru,1,,,1,
402,11_C_65_50,KDP_C_70_50_PORUMAMILLA,Maratipalli,,,,0,
403,11_C_65_50,KDP_C_70_50_PORUMAMILLA,Ankanagodugunuru,,,,0,
404,11_C_65_50,KDP_C_70_50_PORUMAMILLA,A.Kothapalli,,,,0,
405,11_C_65_50,KDP_C_70_50_PORUMAMILLA,Madhavarayunipalli,,,,0,
406,11_C_65_50,KDP_C_70_50_PORUMAMILLA,Vemakunta,,,,0,
407,11_C_65_50,KDP_C_70_50_PORUMAMILLA,Kamakunta,,,,0,
408,11_C_65_50,KDP_C_70_50_PORUMAMILLA,Mekavaripalli,,,,0,
409,11_C_65_50,KDP_C_70_50_PORUMAMILLA,Dammanapalli,,,,0,
410,11_C_65_50,KDP_C_70_50_PORUMAMILLA,Porumamilla,2,,,2,
411,11_C_65_50,KDP_C_70_50_PORUMAMILLA,Rangasamudram,1,,,1,
412,11_C_65_50,KDP_C_70_50_PORUMAMILLA,Puliveedu,,,,0,
413,11_C_65_50,KDP_C_70_50_PORUMAMILLA,Perammagaripalli,,,,0,
414,11_C_65_50,KDP_C_70_50_PORUMAMILLA,Bopparum,,,,0,
415,11_C_65_50,KDP_C_70_50_PORUMAMILLA,Chennareddypet,,,,0,
416,11_C_65_50,KDP_C_70_50_PORUMAMILLA,RF,,,,0,
417,11_C_65_51,KDP_C_70_51_BADVEL,M.Narasimhapuram,,,,0,
418,11_C_65_51,KDP_C_70_51_BADVEL,Peddullapalli,,,,0,
419,11_C_65_51,KDP_C_70_51_BADVEL,Kondampalli,,,,0,
420,11_C_65_51,KDP_C_70_51_BADVEL,Prabhalaveedu,,,,0,
421,11_C_65_51,KDP_C_70_51_BADVEL,Venkatapuram,,,,0,
422,11_C_65_51,KDP_C_70_51_BADVEL,Thipparajupalli,,,,0,
423,11_C_65_51,KDP_C_70_51_BADVEL,Thangedupalli,,,,0,
424,11_C_65_51,KDP_C_70_51_BADVEL,Chinnayapalli,,,,0,
425,11_C_65_51,KDP_C_70_51_BADVEL,S.Veerlapalli,,,,0,
426,11_C_65_51,KDP_C_70_51_BADVEL,Siddavaram,,,,0,
427,11_C_65_51,KDP_C_70_51_BADVEL,S.Seshampalli,,,,0,
428,11_C_65_51,KDP_C_70_51_BADVEL,S.Lingampalli,1,,,1,
429,11_C_65_51,KDP_C_70_51_BADVEL,T.Seshampalli,,,,0,
430,11_C_65_51,KDP_C_70_51_BADVEL,T.Sallagirigela,,,,0,
431,11_C_65_51,KDP_C_70_51_BADVEL,Yellopalli,,,,0,
432,11_C_65_51,KDP_C_70_51_BADVEL,Venkataramapuram,,,,0,
433,11_C_65_51,KDP_C_70_51_BADVEL,Routhapalli,,,,0,
434,11_C_65_51,KDP_C_70_51_BADVEL,Middepadu,,,,0,
435,11_C_65_51,KDP_C_70_51_BADVEL,Ganugapenta,,,,0,
436,11_C_65_51,KDP_C_70_51_BADVEL,Chinnakrishnapuram,1,,,1,
437,11_C_65_51,KDP_C_70_51_BADVEL,Appajupet,,,,0,
438,11_C_65_51,KDP_C_70_51_BADVEL,Anantarajapuram,,,,0,
439,11_C_65_51,KDP_C_70_51_BADVEL,Ethirajupalli,,,,0,
440,11_C_65_51,KDP_C_70_51_BADVEL,Tiruvengalapuram,,,,0,
441,11_C_65_51,KDP_C_70_51_BADVEL,Guntapalli,1,,,1,
442,11_C_65_51,KDP_C_70_51_BADVEL,Badvel,2,,,2,
443,11_C_65_51,KDP_C_70_51_BADVEL,Chennampalli,1,,,1,
444,11_C_65_51,KDP_C_70_51_BADVEL,C.Kothapalli,,,,0,
445,11_C_65_51,KDP_C_70_51_BADVEL,Abbusahebpet,,,,0,
446,11_C_65_51,KDP_C_70_51_BADVEL,Chintalacheruvu,,,,0,
447,11_C_65_51,KDP_C_70_51_BADVEL,Bayanapalli,,,,0,
448,11_C_65_51,KDP_C_70_51_BADVEL,Mohiddinpuram,,,,0,
449,11_C_65_51,KDP_C_70_51_BADVEL,Kondugaripalli,,,,0,
450,11_C_65_51,KDP_C_70_51_BADVEL,Kongalaveedu,,,,0,
451,11_C_65_51,KDP_C_70_51_BADVEL,Imadapuram,,,,0,
452,11_C_65_51,KDP_C_70_51_BADVEL,Godugunuru,,,,0,
453,11_C_65_51,KDP_C_70_51_BADVEL,Kalvapalli,,,,0,
454,11_C_65_51,KDP_C_70_51_BADVEL,Lakkavaripalli,,,,0,
455,11_C_65_51,KDP_C_70_51_BADVEL,Ramapuram,,,,0,
456,11_C_65_51,KDP_C_70_51_BADVEL,Madakalavaripalli,,,,0,
457,11_C_65_51,KDP_C_70_51_BADVEL,RF,,,,0,
458,11_C_65_52,KDP_C_70_52_B.MATAM,Mallepalli,1,,,1,
459,11_C_65_52,KDP_C_70_52_B.MATAM,Papireddypalli,1,,,1,
460,11_C_65_52,KDP_C_70_52_B.MATAM,Palugurallapalli(part),,,,0,
461,11_C_65_52,KDP_C_70_52_B.MATAM,Somireddypalli,2,,,2,
462,11_C_65_52,KDP_C_70_52_B.MATAM,Chowdarivaripalli,,,,0,
463,11_C_65_52,KDP_C_70_52_B.MATAM,Gundapuram,,,,0,
464,11_C_65_52,KDP_C_70_52_B.MATAM,G.Narasimhapuram,,,,0,
465,11_C_65_52,KDP_C_70_52_B.MATAM,Jangamrajupalli,,,,0,
466,11_C_65_52,KDP_C_70_52_B.MATAM,RF,0,,,0,
467,11_C_65_53,KDP_C_70_53_REKULAKUNTA,Diguvanelaturu,,,,0,
468,11_C_65_53,KDP_C_70_53_REKULAKUNTA,Boodavada,,,,0,
469,11_C_65_53,KDP_C_70_53_REKULAKUNTA,Eguvanelaturu,,,,0,
470,11_C_65_53,KDP_C_70_53_REKULAKUNTA,Rekalakunta,,,,0,
471,11_C_65_53,KDP_C_70_53_REKULAKUNTA,D.Agraharam,,,,0,
472,11_C_65_53,KDP_C_70_53_REKULAKUNTA,D.Lingampalli,,,,0,
473,11_C_65_53,KDP_C_70_53_REKULAKUNTA,Dirsavancha,,,,0,
474,11_C_65_53,KDP_C_70_53_REKULAKUNTA,D.Narasimhapuram,,,,0,
475,11_C_65_53,KDP_C_70_53_REKULAKUNTA,Nagisettipalli,,,,0,
476,11_C_65_53,KDP_C_70_53_REKULAKUNTA,Vanampula,,,,0,
477,11_C_65_53,KDP_C_70_53_REKULAKUNTA,Gopalapuram,,,,0,
478,11_C_65_53,KDP_C_70_53_REKULAKUNTA,Veerapalli,,,,0,
479,11_C_65_53,KDP_C_70_53_REKULAKUNTA,Konasamudram,,,,0,
480,11_C_65_53,KDP_C_70_53_REKULAKUNTA,Venkatasettipalli,,,,0,
481,11_C_65_53,KDP_C_70_53_REKULAKUNTA,Tippanapalli,,,,0,
482,11_C_65_53,KDP_C_70_53_REKULAKUNTA,RF,,,,0,
483,11_C_65_01,KDP_C_65_01_Chamaluru,Murugampalli,0,0,0,0,
484,11_C_65_01,KDP_C_65_01_Chamaluru,Koduru,,0,,0,
485,11_C_65_01,KDP_C_65_01_Chamaluru,Nagamalladinne,,0,,0,
486,11_C_65_01,KDP_C_65_01_Chamaluru,Sankepalli,,0,,0,
487,11_C_65_01,KDP_C_65_01_Chamaluru,Yerragudi,,0,,0,
488,11_C_65_01,KDP_C_65_01_Chamaluru,Chamaluru,,0,,0,
489,11_C_65_01,KDP_C_65_01_Chamaluru,Koppolu,,0,,0,
490,11_C_65_01,KDP_C_65_01_Chamaluru,Bukkapatnam,,0,,0,
491,11_C_65_01,KDP_C_65_01_Chamaluru,K.Bommepalli,,0,,0,
492,11_C_65_01,KDP_C_65_01_Chamaluru,Nekanampet,,0,,0,
493,11_C_65_02,KDP_C_65_02_Regadipalli,Thallaprodduturu,,0,,0,
494,11_C_65_02,KDP_C_65_02_Regadipalli,Fakirpet,,0,,0,
495,11_C_65_02,KDP_C_65_02_Regadipalli,Choutapalli,,0,,0,
496,11_C_65_02,KDP_C_65_02_Regadipalli,Gangavaram,,0,,0,
497,11_C_65_02,KDP_C_65_02_Regadipalli,Mutchumarri,,0,,0,
498,11_C_65_02,KDP_C_65_02_Regadipalli,Regadipalli,,0,,0,
499,11_C_65_02,KDP_C_65_02_Regadipalli,Jogapuram,,0,,0,
500,11_C_65_02,KDP_C_65_02_Regadipalli,K.Sugumanchapalli,,0,,0,
501,11_C_65_02,KDP_C_65_02_Regadipalli,Konavarapall,,0,,0,
502,11_C_65_02,KDP_C_65_02_Regadipalli,Burujupalli,,0,,0,
503,11_C_65_02,KDP_C_65_02_Regadipalli,K.Brahmanapalli,,0,,0,
504,11_C_65_02,KDP_C_65_02_Regadipalli,K.Venkatapuram,,0,,0,
505,11_C_65_06,KDP_C_65_06_Peddapalli,Darjipalli,,,,0,
506,11_C_65_06,KDP_C_65_06_Peddapalli,Gollapalli,,,,0,
507,11_C_65_06,KDP_C_65_06_Peddapalli,Pennaperuru,,,,0,
508,11_C_65_06,KDP_C_65_06_Peddapalli,Lingampalli,,,,0,
509,11_C_65_06,KDP_C_65_06_Peddapalli,Kadapayapalli,,,,0,
510,11_C_65_06,KDP_C_65_06_Peddapalli,Takkolu,,,,0,
511,11_C_65_06,KDP_C_65_06_Peddapalli,Machapalli,,,,0,
512,11_C_65_06,KDP_C_65_06_Peddapalli,Moolapalli,,,,0,
513,11_C_65_06,KDP_C_65_06_Peddapalli,Gundlamoola,,,,0,
514,11_C_65_06,KDP_C_65_06_Peddapalli,Nekanapuram,,,,0,
515,11_C_65_06,KDP_C_65_06_Peddapalli,Peddapalli,,2,,2,
516,11_C_65_06,KDP_C_65_06_Peddapalli,Mandapalli,,,,0,
517,11_C_65_06,KDP_C_65_06_Peddapalli,Kanumalopalli,,1,,1,
518,11_C_65_06,KDP_C_65_06_Peddapalli,RF,,,,0,
519,11_C_65_07,KDP_C_65_07_Vontimitta,Kudumuluru,,0,,0,
520,11_C_65_07,KDP_C_65_07_Vontimitta,Kotapadu,,0,,0,
521,11_C_65_07,KDP_C_65_07_Vontimitta,Ponnapalli,,0,,0,
522,11_C_65_07,KDP_C_65_07_Vontimitta,Gundlamada,,0,,0,
523,11_C_65_07,KDP_C_65_07_Vontimitta,Brahmanapalli,,0,,0,
524,11_C_65_07,KDP_C_65_07_Vontimitta,Kuruguntapalli,,0,,0,
525,11_C_65_07,KDP_C_65_07_Vontimitta,Madhavaram,,0,,0,
526,11_C_65_07,KDP_C_65_07_Vontimitta,Narayanarajupet,,0,,0,
527,11_C_65_07,KDP_C_65_07_Vontimitta,Rachagudipalli,,0,,0,
528,11_C_65_07,KDP_C_65_07_Vontimitta,Gangaperuru,,0,,0,
529,11_C_65_07,KDP_C_65_07_Vontimitta,Vontimitta,,0,,0,
530,11_C_65_07,KDP_C_65_07_Vontimitta,Jowkulapalli,,0,,0,
531,11_C_65_07,KDP_C_65_07_Vontimitta,Mangampeta,,0,,0,
532,11_C_65_07,KDP_C_65_07_Vontimitta,Chintarajupalli,,0,,0,
533,11_C_65_07,KDP_C_65_07_Vontimitta,Mantapampalli,,,,0,
534,11_C_65_07,KDP_C_65_07_Vontimitta,Konarajupalli,,,,0,
535,11_C_65_07,KDP_C_65_07_Vontimitta,Shakarajupalli,,0,,0,
536,11_C_65_07,KDP_C_65_07_Vontimitta,Kommuru,,0,,0,
537,11_C_65_07,KDP_C_65_07_Vontimitta,Konapuram,,0,,0,
538,11_C_65_07,KDP_C_65_07_Vontimitta,RF,,0,,0,
539,11_C_65_10,KDP_C_65_10_PENDLIMARI,Tappetla,,,,0,
540,11_C_65_10,KDP_C_65_10_PENDLIMARI,Vallur,,3,,3,
541,11_C_65_10,KDP_C_65_10_PENDLIMARI,Isukapalli,,,,0,
542,11_C_65_10,KDP_C_65_10_PENDLIMARI,Ankayapalli,,,,0,
543,11_C_65_10,KDP_C_65_10_PENDLIMARI,Venkatesapuram,,,,0,
544,11_C_65_10,KDP_C_65_10_PENDLIMARI,Goturu,,,,0,
545,11_C_65_10,KDP_C_65_10_PENDLIMARI,ObanaSomayajulapalli,,,,0,
546,11_C_65_10,KDP_C_65_10_PENDLIMARI,Ambavaram,,,,0,
547,11_C_65_10,KDP_C_65_10_PENDLIMARI,Kodandaramapuram,,,,0,
548,11_C_65_10,KDP_C_65_10_PENDLIMARI,Koppolu,,,,0,
549,11_C_65_10,KDP_C_65_10_PENDLIMARI,Pathachinnayapalli,,,,0,
550,11_C_65_10,KDP_C_65_10_PENDLIMARI,Kumarunipalli,,,,0,
551,11_C_65_10,KDP_C_65_10_PENDLIMARI,Lebaka,,,,0,
552,11_C_65_10,KDP_C_65_10_PENDLIMARI,Sivalpalli,,,,0,
553,11_C_65_10,KDP_C_65_10_PENDLIMARI,Sangatipalli,,,,0,
554,11_C_65_10,KDP_C_65_10_PENDLIMARI,Moillakalva,,,,0,
555,11_C_65_10,KDP_C_65_10_PENDLIMARI,Eguvapalli,,,,0,
556,11_C_65_10,KDP_C_65_10_PENDLIMARI,Rampathadu,,,,0,
557,11_C_65_10,KDP_C_65_10_PENDLIMARI,Ramapuram,,,,0,
558,11_C_65_10,KDP_C_65_10_PENDLIMARI,Vellaturu,,,,0,
559,11_C_65_10,KDP_C_65_10_PENDLIMARI,Chennamarajupalli,,,,0,
560,11_C_65_10,KDP_C_65_10_PENDLIMARI,A.Ramachandrapuram,,,,0,
561,11_C_65_10,KDP_C_65_10_PENDLIMARI,Pendlimarri,,,,0,
562,11_C_65_10,KDP_C_65_10_PENDLIMARI,Pedddadasaripalli,,,,0,
563,11_C_65_10,KDP_C_65_10_PENDLIMARI,Chinnadasaripalli,,,,0,
564,11_C_65_10,KDP_C_65_10_PENDLIMARI,Pagadalapalli,,,,0,
565,11_C_65_10,KDP_C_65_10_PENDLIMARI,Cheemalapenta,,,,0,
566,11_C_65_10,KDP_C_65_10_PENDLIMARI,Gondipalli,,,,0,
567,11_C_65_13,KDP_C_65_13_GOPAVARAM,Gopavaram,,3,,3,
568,11_C_65_13,KDP_C_65_13_GOPAVARAM,North Ramapuram,,,,0,
569,11_C_65_13,KDP_C_65_13_GOPAVARAM,South Ramapuram,,,,0,
570,11_C_65_13,KDP_C_65_13_GOPAVARAM,Brahmanapalli,,,,0,
571,11_C_65_13,KDP_C_65_13_GOPAVARAM,Boddecherla,,,,0,
572,11_C_65_13,KDP_C_65_13_GOPAVARAM,Rekalakunta,,,,0,
573,11_C_65_13,KDP_C_65_13_GOPAVARAM,Viswanathapuram,,,,0,
574,11_C_65_13,KDP_C_65_13_GOPAVARAM,Obulam,,,,0,
575,11_C_65_13,KDP_C_65_13_GOPAVARAM,RF,,,,0,
576,11_C_65_14,KDP_C_65_14_MALLEMADUGU,Peddayapalli,,,,0,
577,11_C_65_14,KDP_C_65_14_MALLEMADUGU,Mallemadugu,,0,,0,
578,11_C_65_14,KDP_C_65_14_MALLEMADUGU,RF,,,,0,
579,11_C_65_15,KDP_C_65_15_MUDDANURU,Denepalli,,,,0,
580,11_C_65_15,KDP_C_65_15_MUDDANURU,Aravitipalli,,,,0,
581,11_C_65_15,KDP_C_65_15_MUDDANURU,Chintakunta,,,,0,
582,11_C_65_15,KDP_C_65_15_MUDDANURU,Yamavaram,,,,0,
583,11_C_65_15,KDP_C_65_15_MUDDANURU,Muddanuru,,9,,9,
584,11_C_65_15,KDP_C_65_15_MUDDANURU,Kosinepalli,,,,0,
585,11_C_65_15,KDP_C_65_15_MUDDANURU,Kadaravikothapalli,,,,0,
586,11_C_65_15,KDP_C_65_15_MUDDANURU,K.Thimmapuram,,,,0,
587,11_C_65_15,KDP_C_65_15_MUDDANURU,Nallaballi,,3,,3,
588,11_C_65_15,KDP_C_65_15_MUDDANURU,Bondalakunta,,,,0,
589,11_C_65_15,KDP_C_65_15_MUDDANURU,Chinnadudyala,,,,0,
590,11_C_65_15,KDP_C_65_15_MUDDANURU,Kalamalla,,8,,8,
591,11_C_65_15,KDP_C_65_15_MUDDANURU,Malepadu,,,,0,
592,11_C_65_15,KDP_C_65_15_MUDDANURU,RF,,,,0,
593,11_C_65_26,KDP_C_69_26_Veligallu,Rajupalli,,1,,1,
594,11_C_65_26,KDP_C_69_26_Veligallu,Kollurupalli,,0,,0,
595,11_C_65_26,KDP_C_69_26_Veligallu,Thumukunta,,0,,0,
596,11_C_65_26,KDP_C_69_26_Veligallu,Veligallu,,0,,0,
597,11_C_65_27,KDP_C_69_27_GALIVEEDU,Kuppam,,,,0,
598,11_C_65_27,KDP_C_69_27_GALIVEEDU,Talamudipi,,,,0,
599,11_C_65_27,KDP_C_69_27_GALIVEEDU,Korlakunta,,,,0,
600,11_C_65_27,KDP_C_69_27_GALIVEEDU,Pulikunta,,,,0,
601,11_C_65_27,KDP_C_69_27_GALIVEEDU,Nooliveedu,,1,,1,
602,11_C_65_27,KDP_C_69_27_GALIVEEDU,Pandikunta,,,,0,
603,11_C_65_27,KDP_C_69_27_GALIVEEDU,Garugupalle,,,,0,
604,11_C_65_27,KDP_C_69_27_GALIVEEDU,Gundlacheruvu,,,,0,
605,11_C_65_27,KDP_C_69_27_GALIVEEDU,Gopanapalli,,,,0,
606,11_C_65_27,KDP_C_69_27_GALIVEEDU,Pyarampalle,,,,0,
607,11_C_65_27,KDP_C_69_27_GALIVEEDU,Galiveedu,,2,,2,
608,11_C_65_27,KDP_C_69_27_GALIVEEDU,Araveedu,,,,0,
609,11_C_65_27,KDP_C_69_27_GALIVEEDU,Eguvagottiveedu,,,,0,
610,11_C_65_27,KDP_C_69_27_GALIVEEDU,RF,,,,0,
611,11_C_65_28,KDP_C_69_28_SURABHI,Nersupalli,,,,0,
612,11_C_65_28,KDP_C_69_28_SURABHI,Kondappagaripalli,,,,0,
613,11_C_65_28,KDP_C_69_28_SURABHI,Surabhi,,2,,2,
614,11_C_65_28,KDP_C_69_28_SURABHI,Goltamitta,,,,0,
615,11_C_65_28,KDP_C_69_28_SURABHI,Mahadevapuram,,,,0,
616,11_C_65_28,KDP_C_69_28_SURABHI,RF,,,,0,
617,11_C_65_29,KDP_C_69_29_K.Yerragudi,Ketineniyarragudi,,,,0,
618,11_C_65_30,KDP_C_69_30_Chakrayapeta,Idupulapaya,,4,,4,
619,11_C_65_30,KDP_C_69_30_Chakrayapeta,Anjaneyapuram,,,,0,
620,11_C_65_30,KDP_C_69_30_Chakrayapeta,Marella madaka,,,,0,
621,11_C_65_30,KDP_C_69_30_Chakrayapeta,Gandikovur,,,,0,
622,11_C_65_30,KDP_C_69_30_Chakrayapeta,Chakrayapeta,,2,,2,
623,11_C_65_30,KDP_C_69_30_Chakrayapeta,Chilekampalli,,,,0,
624,11_C_65_30,KDP_C_69_30_Chakrayapeta,RF,,0,,0,
625,11_C_65_34,KDP_C_69_34_N.PALAGIRI,Udavagandla,,,,0,
626,11_C_65_34,KDP_C_69_34_N.PALAGIRI,Agadur,,,,0,
627,11_C_65_34,KDP_C_69_34_N.PALAGIRI,Santhakovvuru,,,,0,
628,11_C_65_34,KDP_C_69_34_N.PALAGIRI,Moillacheruvu,,,,0,
629,11_C_65_34,KDP_C_69_34_N.PALAGIRI,North Palagiri,,,,0,
630,11_C_65_34,KDP_C_69_34_N.PALAGIRI,Animala,,,,0,
631,11_C_65_34,KDP_C_69_34_N.PALAGIRI,Rami Reddipalli,,,,0,
632,11_C_65_34,KDP_C_69_34_N.PALAGIRI,RF,,,,0,
633,11_C_65_40,KDP_C_69_40_Thonduru,Buchupalli,,,,0,
634,11_C_65_40,KDP_C_69_40_Thonduru,Thonduru,,1,,1,
635,11_C_65_40,KDP_C_69_40_Thonduru,Mallela,,,,0,
636,11_C_65_40,KDP_C_69_40_Thonduru,RF,,,,0,
637,11_C_65_41,KDP_C_69_41_Uppaluru,Penikalapadu,,,,0,
638,11_C_65_41,KDP_C_69_41_Uppaluru,Rajulaguruvaiah palli,,,,0,
639,11_C_65_41,KDP_C_69_41_Uppaluru,Peddadudyala,,,,0,
640,11_C_65_41,KDP_C_69_41_Uppaluru,Velpuracharla,,,,0,
641,11_C_65_41,KDP_C_69_41_Uppaluru,V.Raghavapuram,,,,0,
642,11_C_65_41,KDP_C_69_41_Uppaluru,Uppaluru,,,,0,
643,11_C_65_41,KDP_C_69_41_Uppaluru,Kolavali,,,,0,
644,11_C_65_41,KDP_C_69_41_Uppaluru,Ankireddypalli,,,,0,
645,11_C_65_41,KDP_C_69_41_Uppaluru,Veldurthi,,5,,5,
646,11_C_65_41,KDP_C_69_41_Uppaluru,Uruturu,,1,,1,
647,11_C_65_41,KDP_C_69_41_Uppaluru,Kommaddi,,,,0,
648,11_C_65_41,KDP_C_69_41_Uppaluru,Niduzuvvi,,3,,3,
649,11_C_65_41,KDP_C_69_41_Uppaluru,Chilamkuru,,15,,15,
650,11_C_65_41,KDP_C_69_41_Uppaluru,Peddanapadu,,,,0,
651,11_C_65_41,KDP_C_69_41_Uppaluru,Valasapalli,,,,0,
652,11_C_65_41,KDP_C_69_41_Uppaluru,Koduru,,,,0,
653,11_C_65_42,KDP_C_69_42_Payasampalli,Talapanuru,,,,0,
654,11_C_65_42,KDP_C_69_42_Payasampalli,Payasampalli,,,,0,
655,11_C_65_42,KDP_C_69_42_Payasampalli,Alidena,,,,0,
656,11_C_65_42,KDP_C_69_42_Payasampalli,Lingala,,,,0,
657,11_C_65_42,KDP_C_69_42_Payasampalli,Keerthipalli,,,,0,
658,11_C_65_42,KDP_C_69_42_Payasampalli,Ayyavaripalli,,,,0,
659,11_C_65_42,KDP_C_69_42_Payasampalli,Indukuru,,,,0,
660,11_C_65_42,KDP_C_69_42_Payasampalli,T.Sunkesula,,,,0,
661,11_C_65_42,KDP_C_69_42_Payasampalli,Tippaluru,,,,0,
662,11_C_65_42,KDP_C_69_42_Payasampalli,Vibharapuram,,,,0,
663,11_C_65_42,KDP_C_69_42_Payasampalli,Gangavaram,,,,0,
664,11_C_65_42,KDP_C_69_42_Payasampalli,Mirapuram,,,,0,
665,11_C_65_42,KDP_C_69_42_Payasampalli,C.Gopalapuram,,,,0,
666,11_C_65_42,KDP_C_69_42_Payasampalli,Pachikalapadu,,,,0,
667,11_C_65_42,KDP_C_69_42_Payasampalli,Yerragudipadu,,,,0,
668,11_C_65_42,KDP_C_69_42_Payasampalli,Pandillapalli,,,,0,
669,11_C_65_42,KDP_C_69_42_Payasampalli,Nallalingayapalli,,,,0,
670,11_C_65_42,KDP_C_69_42_Payasampalli,Gollapalli,,,,0,
671,11_C_65_42,KDP_C_69_42_Payasampalli,T.Sadipiralla,,2,,2,
672,11_C_65_42,KDP_C_69_42_Payasampalli,Ramachandrapuram,,,,0,
673,11_C_65_42,KDP_C_69_42_Payasampalli,Apparaopalli,,2,,2,
674,11_C_65_42,KDP_C_69_42_Payasampalli,Jambapuram,,,,0,
675,11_C_65_42,KDP_C_69_42_Payasampalli,Thurakapalli,,,,0,
676,11_C_65_42,KDP_C_69_42_Payasampalli,Chinnacheppalli,,,,0,
677,11_C_65_42,KDP_C_69_42_Payasampalli,Yellareddypalli,,,,0,
678,11_C_65_43,KDP_C_69_43_Kamlapuram,Pillivaripalli,,,,0,
679,11_C_65_43,KDP_C_69_43_Kamlapuram,Kamalapuram,,2,,2,
680,11_C_65_43,KDP_C_69_43_Kamlapuram,Peddacheppalli,,,,0,
681,11_C_65_43,KDP_C_69_43_Kamlapuram,Dadireddypalli,,,,0,
682,11_C_65_43,KDP_C_69_43_Kamlapuram,Vankamada,,,,0,
683,11_C_65_43,KDP_C_69_43_Kamlapuram,Letapalli,,,,0,
684,11_C_65_43,KDP_C_69_43_Kamlapuram,Podadurthi,,,,0,
685,11_C_65_44,KDP_C_69_44_NANDIMANDALAM,Peddaputha,,,,0,
686,11_C_65_44,KDP_C_69_44_NANDIMANDALAM,Chinnaputha,,,,0,
687,11_C_65_44,KDP_C_69_44_NANDIMANDALAM,Jangampalli,,,,0,
688,11_C_65_44,KDP_C_69_44_NANDIMANDALAM,Paidikalva,,,,0,
689,11_C_65_44,KDP_C_69_44_NANDIMANDALAM,Konduru,,,,0,
690,11_C_65_44,KDP_C_69_44_NANDIMANDALAM,Tummaluru,,,,0,
691,11_C_65_44,KDP_C_69_44_NANDIMANDALAM,Chabali,,,,0,
692,11_C_65_44,KDP_C_69_44_NANDIMANDALAM,Machanuru,,,,0,
693,11_C_65_44,KDP_C_69_44_NANDIMANDALAM,Kothapeta,,,,0,
694,11_C_65_44,KDP_C_69_44_NANDIMANDALAM,Binduraopalli,,,,0,
695,11_C_65_44,KDP_C_69_44_NANDIMANDALAM,Konayapalli,,,,0,
696,11_C_65_44,KDP_C_69_44_NANDIMANDALAM,Nandimandalam,,,,0,
697,11_C_65_44,KDP_C_69_44_NANDIMANDALAM,AmniViswanathapuram,,,,0,
698,11_C_65_44,KDP_C_69_44_NANDIMANDALAM,Alireddypalli,,,,0,
699,11_C_65_45,KDP_C_70_45_Kothakota,Gangayapalli,,,,0,
700,11_C_65_45,KDP_C_70_45_Kothakota,Reddipalli,,,,0,
701,11_C_65_45,KDP_C_70_45_Kothakota,Kothakota,,,,0,
702,11_C_65_45,KDP_C_70_45_Kothakota,Eguvathamballapalli,,,,0,
703,11_C_65_46,KDP_C_70_46_Gopavarampalli,Chennupalli,,,,0,
704,11_C_65_46,KDP_C_70_46_Gopavarampalli,Gopavarampalli,,,,0,
705,11_C_65_46,KDP_C_70_46_Gopavarampalli,Brahmanapalli,,,,0,
706,11_C_65_46,KDP_C_70_46_Gopavarampalli,Rajupalem,,,,0,
707,11_C_65_46,KDP_C_70_46_Gopavarampalli,Malluvaripalli,,,,0,
708,11_C_65_46,KDP_C_70_46_Gopavarampalli,Pullareddypalli,,,,0,
709,11_C_65_46,KDP_C_70_46_Gopavarampalli,Musalreddypalli,,,,0,
710,11_C_65_46,KDP_C_70_46_Gopavarampalli,Mamillapalli,,,,0,
711,11_C_65_46,KDP_C_70_46_Gopavarampalli,Mahanandipalli,,,,0,
712,11_C_65_46,KDP_C_70_46_Gopavarampalli,Siddamurthypalli,,,,0,
713,11_C_65_46,KDP_C_70_46_Gopavarampalli,Pendlamarri,,,,0,
714,11_C_65_46,KDP_C_70_46_Gopavarampalli,Sankavaram,,,,0,
715,11_C_65_46,KDP_C_70_46_Gopavarampalli,Markapuram,,,,0,
716,11_C_65_47,KDP_C_70_46_Gopavarampalli,Pittigunta,,,,0,
717,11_C_65_48,KDP_C_70_46_Gopavarampalli,Obulapuram,,,,0,
718,11_C_65_46,KDP_C_70_46_Gopavarampalli,RF,,,,0,
719,11_C_65_47,KDP_C_70_47_Kasinayana,Diguvathamballapalli,,,,0,
720,11_C_65_47,KDP_C_70_47_Kasinayana,Ayyavaripalli,,,,0,
721,11_C_65_47,KDP_C_70_47_Kasinayana,Patharamapuram,,,,0,
722,11_C_65_47,KDP_C_70_47_Kasinayana,Singarayapalli,,,,0,
723,11_C_65_47,KDP_C_70_47_Kasinayana,Kalasapadu,,1,,1,
724,11_C_65_47,KDP_C_70_47_Kasinayana,Dulamvaripalli,,,,0,
725,11_C_65_47,KDP_C_70_47_Kasinayana,Tellapadu,,,,0,
726,11_C_65_47,KDP_C_70_47_Kasinayana,Kondapet,,,,0,
727,11_C_65_47,KDP_C_70_47_Kasinayana,Vengalampalli,,,,0,
728,11_C_65_47,KDP_C_70_47_Kasinayana,Rampadu,,,,0,
729,11_C_65_47,KDP_C_70_47_Kasinayana,Narasapuram,,,,0,
730,11_C_65_47,KDP_C_70_47_Kasinayana,Uppaluru,,,,0,
731,11_C_65_47,KDP_C_70_47_Kasinayana,Vasudevapuram,,,,0,
732,11_C_65_47,KDP_C_70_47_Kasinayana,Balayapalli,,,,0,
733,11_C_65_47,KDP_C_70_47_Kasinayana,Guntuvaripalli,,,,0,
734,11_C_65_47,KDP_C_70_47_Kasinayana,Ganganapalli,,,,0,
735,11_C_65_47,KDP_C_70_47_Kasinayana,Moolapalli,,,,0,
736,11_C_65_47,KDP_C_70_47_Kasinayana,Varikunta,,,,0,
737,11_C_65_47,KDP_C_70_47_Kasinayana,Nayunipalli,,,,0,
738,11_C_65_47,KDP_C_70_47_Kasinayana,RF,,,,0,
739,11_C_65_48,KDP_C_70_48_Akkalreddypalli,Sancharla,,,,0,
740,11_C_65_48,KDP_C_70_48_Akkalreddypalli,Akkalreddypalli,,,,0,
741,11_C_65_48,KDP_C_70_48_Akkalreddypalli,Lachampeta,,,,0,
742,11_C_65_48,KDP_C_70_48_Akkalreddypalli,Siddanakitchayapalli,,,,0,
743,11_C_65_48,KDP_C_70_48_Akkalreddypalli,Korrapatipalli,,,,0,
744,11_C_65_48,KDP_C_70_48_Akkalreddypalli,Musalreddypalli,,,,0,
745,11_C_65_48,KDP_C_70_48_Akkalreddypalli,Kavalakuntla,,,,0,
746,11_C_65_48,KDP_C_70_48_Akkalreddypalli,Buchampalli,,,,0,
747,11_C_65_48,KDP_C_70_48_Akkalreddypalli,Cherlopalli,,,,0,
748,11_C_65_48,KDP_C_70_48_Akkalreddypalli,Chinnayarasala,,,,0,
749,11_C_65_48,KDP_C_70_48_Akkalreddypalli,RF,,,,0,
750,11_C_65_54,KDP_C_70_54_Atloor,Rajupalem,,,,0,
751,11_C_65_54,KDP_C_70_54_Atloor,Yarraballi,,,,0,
752,11_C_65_54,KDP_C_70_54_Atloor,Thamballagondhi,,,,0,
753,11_C_65_54,KDP_C_70_54_Atloor,Gujjulavaripalli,,,,0,
754,11_C_65_54,KDP_C_70_54_Atloor,S Venkatapuram,,,,0,
755,11_C_65_54,KDP_C_70_54_Atloor,Kumbhagiri,,,,0,
756,11_C_65_54,KDP_C_70_54_Atloor,Konduru,,,,0,
757,11_C_65_54,KDP_C_70_54_Atloor,Atloor,,1,,1,
758,11_C_65_54,KDP_C_70_54_Atloor,PV Palli,,,,0,
759,11_C_65_54,KDP_C_70_54_Atloor,Varikunta,,,,0,
760,11_C_65_54,KDP_C_70_54_Atloor,Madur,,,,0,
761,11_C_65_54,KDP_C_70_54_Atloor,Thudur,,,,0,
762,11_C_65_54,KDP_C_70_54_Atloor,Uppatur,,,,0,
763,11_C_65_54,KDP_C_70_54_Atloor,Chenduvoy,,,,0,
764,11_C_65_54,KDP_C_70_54_Atloor,RF,,,,0,
765,11_C_65_55,KDP_C_70_55_Muthukuru,Puttayapalli,,,,0,
766,11_C_65_55,KDP_C_70_55_Muthukuru,Nallayapalli,,,,0,
767,11_C_65_55,KDP_C_70_55_Muthukuru,Kamalakuru,,,,0,
768,11_C_65_55,KDP_C_70_55_Muthukuru,Madapuru,,,,0,
769,11_C_65_55,KDP_C_70_55_Muthukuru,Kamasamudram,,,,0,
770,11_C_65_55,KDP_C_70_55_Muthukuru,Vemaluru,,,,0,
771,11_C_65_55,KDP_C_70_55_Muthukuru,Muthukur,,,,0,
772,11_C_65_55,KDP_C_70_55_Muthukuru,Jonnavaram,,,,0,
773,11_C_65_55,KDP_C_70_55_Muthukuru,Virur,,,,0,
774,11_C_65_55,KDP_C_70_55_Muthukuru,Rangampalli,,,,0,
775,11_C_65_55,KDP_C_70_55_Muthukuru,Malinenipatnam,,,,0,
776,11_C_65_55,KDP_C_70_55_Muthukuru,RF,,,,0,
777,11_C_65_56,KDP_C_71_56_Ramapuram,B Yarragudi,,,,0,
778,11_C_65_56,KDP_C_71_56_Ramapuram,Dinnepadu,,,,0,
779,11_C_65_56,KDP_C_71_56_Ramapuram,Guvvalacheruvu,,,,0,
780,11_C_65_56,KDP_C_71_56_Ramapuram,Gopagudipalli,,,,0,
781,11_C_65_56,KDP_C_71_56_Ramapuram,Neelakantraopet,,,,0,
782,11_C_65_56,KDP_C_71_56_Ramapuram,Kalpanayunicheruvu,,,,0,
783,11_C_65_56,KDP_C_71_56_Ramapuram,Suddamala,,,,0,
784,11_C_65_56,KDP_C_71_56_Ramapuram,Nallaguttapalli,,,,0,
785,11_C_65_56,KDP_C_71_56_Ramapuram,Saraswatipalli,,,,0,
786,11_C_65_56,KDP_C_71_56_Ramapuram,Rachapalli,,,,0,
787,11_C_65_56,KDP_C_71_56_Ramapuram,Vongimalla,,,,0,
788,11_C_65_56,KDP_C_71_56_Ramapuram,RF,,,,0,
789,11_C_65_57,KDP_C_71_57_L.R.PALLI,Gudlavaripalli,,,,0,
790,11_C_65_57,KDP_C_71_57_L.R.PALLI,Anantapuram,,,,0,
791,11_C_65_57,KDP_C_71_57_L.R.PALLI,Lakkireddipalli,,1,,1,
792,11_C_65_57,KDP_C_71_57_L.R.PALLI,Dappepalli,,,,0,
793,11_C_65_57,KDP_C_71_57_L.R.PALLI,Pandillapalli,,,,0,
794,11_C_65_57,KDP_C_71_57_L.R.PALLI,Narahari Bhatlapalli,,,,0,
795,11_C_65_57,KDP_C_71_57_L.R.PALLI,Somabhatlapalli,,,,0,
796,11_C_65_57,KDP_C_71_57_L.R.PALLI,Kurnoothala,,,,0,
797,11_C_65_57,KDP_C_71_57_L.R.PALLI,Maddirevula,,,,0,
798,11_C_65_57,KDP_C_71_57_L.R.PALLI,Hasanapuram,,,,0,
799,11_C_65_57,KDP_C_71_57_L.R.PALLI,Chitlur,,,,0,
800,11_C_65_57,KDP_C_71_57_L.R.PALLI,Guntimadugu,,,,0,
801,11_C_65_57,KDP_C_71_57_L.R.PALLI,RF,,,,0,
802,11_C_65_58,KDP_C_71_58_Veeraballi,Kakulavaram,,,,0,
803,11_C_65_58,KDP_C_71_58_Veeraballi,Bandlapalli,,,,0,
804,11_C_65_58,KDP_C_71_58_Veeraballi,Pothukurupalli,,,,0,
805,11_C_65_58,KDP_C_71_58_Veeraballi,Somavaram,,,,0,
806,11_C_65_58,KDP_C_71_58_Veeraballi,Veeraballi,,,,0,
807,11_C_65_58,KDP_C_71_58_Veeraballi,Peddiveedu,,,,0,
808,11_C_65_58,KDP_C_71_58_Veeraballi,Matli,,,,0,
809,11_C_65_58,KDP_C_71_58_Veeraballi,Odiveedu,,,,0,
810,11_C_65_58,KDP_C_71_58_Veeraballi,Polymerapalle,,,,0,
811,11_C_65_58,KDP_C_71_58_Veeraballi,Masapeta   (R),,1,,1,
812,11_C_65_58,KDP_C_71_58_Veeraballi,Kasba Gollapalli,,,,0,
813,11_C_65_58,KDP_C_71_58_Veeraballi,Indukurupalle,,,,0,
814,11_C_65_58,KDP_C_71_58_Veeraballi,RF,,,,0,
815,11_C_65_59,KDP_C_71_59_Chinnamandem,Diguvagottiveedu,,,,0,
816,11_C_65_59,KDP_C_71_59_Chinnamandem,Kalibanda,,,,0,
817,11_C_65_59,KDP_C_71_59_Chinnamandem,T.Sakibanda,,,,0,
818,11_C_65_59,KDP_C_71_59_Chinnamandem,Vandadi,,,,0,
819,11_C_65_59,KDP_C_71_59_Chinnamandem,Malluru,,,,0,
820,11_C_65_59,KDP_C_71_59_Chinnamandem,Devagudipalle,,,,0,
821,11_C_65_59,KDP_C_71_59_Chinnamandem,Chinnamandem,,,,0,
822,11_C_65_59,KDP_C_71_59_Chinnamandem,Padamatikona,,,,0,
823,11_C_65_59,KDP_C_71_59_Chinnamandem,Bonamala,,,,0,
824,11_C_65_59,KDP_C_71_59_Chinnamandem,Katimayakunta,,,,0,
825,11_C_65_59,KDP_C_71_59_Chinnamandem,Rayachoty,,7,,7,
826,11_C_65_59,KDP_C_71_59_Chinnamandem,Pedda Kalvapalle,,,,0,
827,11_C_65_59,KDP_C_71_59_Chinnamandem,Yandapalle,,,,0,
828,11_C_65_59,KDP_C_71_59_Chinnamandem,Cherlopalli,,,,0,
829,11_C_65_59,KDP_C_71_59_Chinnamandem,Gorlamudiveedu,,,,0,
830,11_C_65_59,KDP_C_71_59_Chinnamandem,Yennagupalle,,,,0,
831,11_C_65_59,KDP_C_71_59_Chinnamandem,Madhavaram,,,,0,
832,11_C_65_59,KDP_C_71_59_Chinnamandem,Botlacheruvu,,,,0,
833,11_C_65_59,KDP_C_71_59_Chinnamandem,RF,,,,0,
834,11_C_65_60,KDP_C_71_60_SAMBEPALLI,Narayanareddypalle,,,,0,
835,11_C_65_60,KDP_C_71_60_SAMBEPALLI,Motakatla,,,,0,
836,11_C_65_60,KDP_C_71_60_SAMBEPALLI,Gunnikuntla,,,,0,
837,11_C_65_60,KDP_C_71_60_SAMBEPALLI,Guriginjakunta,,,,0,
838,11_C_65_60,KDP_C_71_60_SAMBEPALLI,Dudyala,,,,0,
839,11_C_65_60,KDP_C_71_60_SAMBEPALLI,Sambepalle,,,,0,
840,11_C_65_60,KDP_C_71_60_SAMBEPALLI,Routhukunta,,,,0,
841,11_C_65_60,KDP_C_71_60_SAMBEPALLI,Abbavaram,,,,0,
842,11_C_65_60,KDP_C_71_60_SAMBEPALLI,Sibyala,,,,0,
843,11_C_65_60,KDP_C_71_60_SAMBEPALLI,Pemmadapalle,,,,0,
844,11_C_65_60,KDP_C_71_60_SAMBEPALLI,Dullavaripalle,,,,0,
845,11_C_65_60,KDP_C_71_60_SAMBEPALLI,Syamalavaripalle,,,,0,
846,11_C_65_60,KDP_C_71_60_SAMBEPALLI,Chennamukkapalle,,,,0,
847,11_C_65_61,KDP_C_71_61_T.Sundupalli,T.Sundupalle,,,,0,
848,11_C_65_61,KDP_C_71_61_T.Sundupalli,Yarramanenipalem,,,,0,
849,11_C_65_61,KDP_C_71_61_T.Sundupalli,Akkampalle,,,,0,
850,11_C_65_61,KDP_C_71_61_T.Sundupalli,Perumallaiahgaripalle,,,,0,
851,11_C_65_61,KDP_C_71_61_T.Sundupalli,Madithadu,,,,0,
852,11_C_65_61,KDP_C_71_61_T.Sundupalli,Settipalle,,,,0,
853,11_C_65_61,KDP_C_71_61_T.Sundupalli,Devapatla,,,,0,
854,11_C_65_61,KDP_C_71_61_T.Sundupalli,Guttapalle,,,,0,
855,11_C_65_61,KDP_C_71_61_T.Sundupalli,Sho Somavaram,,,,0,
856,11_C_65_62,KDP_C_71_62_Reddivaripalli,Bhagampalli,,,,0,
857,11_C_65_62,KDP_C_71_62_Reddivaripalli,Reddivaripalle,,,,0,
858,11_C_65_62,KDP_C_71_62_Reddivaripalli,Thimmasamudram,,,,0,
859,11_C_65_63,KDP_C_71_63_TsundupalleRF,RF,,,,0,
860,11_C_65_64,KDP_C_71_64_Mudumpadu,Pulapathuru,,,,0,
861,11_C_65_64,KDP_C_71_64_Mudumpadu,Mandapalle,,,,0,
862,11_C_65_64,KDP_C_71_64_Mudumpadu,Seshamambapuram,,,,0,
863,11_C_65_64,KDP_C_71_64_Mudumpadu,Rollabuduguntapalli,,,,0,
864,11_C_65_64,KDP_C_71_64_Mudumpadu,Rollamadugu,,,,0,
865,11_C_65_64,KDP_C_71_64_Mudumpadu,Gundlapalle,,,,0,
866,11_C_65_64,KDP_C_71_64_Mudumpadu,Chinnaiahgaripalle,,,,0,
867,11_C_65_64,KDP_C_71_64_Mudumpadu,Peddinenikalva,,,,0,
868,11_C_65_64,KDP_C_71_64_Mudumpadu,Mudampadu,,,,0,
869,11_C_65_64,KDP_C_71_64_Mudumpadu,RF,,,,0,
870,11_C_65_64,KDP_C_71_64_Mudumpadu,RF,,,,0,
871,11_C_65_66,KDP_C_71_66_Sanipaya,Gadikota,,,,0,
872,11_C_65_66,KDP_C_71_66_Sanipaya,Yadaballi,,,,0,
873,11_C_65_66,KDP_C_71_66_Sanipaya,Sanipaya,,,,0,
874,11_C_65_66,KDP_C_71_66_Sanipaya,RF,,,,0,
875,11_C_65_67,KDP_C_71_67_RAJAMPET,Gundluru,,,,0,
876,11_C_65_67,KDP_C_71_67_RAJAMPET,Tallapaka,,,,0,
877,11_C_65_67,KDP_C_71_67_RAJAMPET,Madana Gopalapuram,,,,0,
878,11_C_65_67,KDP_C_71_67_RAJAMPET,Kitcha mambapuram,,,,0,
879,11_C_65_67,KDP_C_71_67_RAJAMPET,Sitaramapuram,,,,0,
880,11_C_65_67,KDP_C_71_67_RAJAMPET,Poli,,,,0,
881,11_C_65_67,KDP_C_71_67_RAJAMPET,Rajampeta,,4,,4,
882,11_C_65_67,KDP_C_71_67_RAJAMPET,Hastavaram,,,,0,
883,11_C_65_67,KDP_C_71_67_RAJAMPET,Kothapalle,,,,0,
884,11_C_65_67,KDP_C_71_67_RAJAMPET,Akepadu,,,,0,
885,11_C_65_67,KDP_C_71_67_RAJAMPET,Sri Ranga Rajapuram,,,,0,
886,11_C_65_67,KDP_C_71_67_RAJAMPET,Bahirajapalle,,,,0,
887,11_C_65_67,KDP_C_71_67_RAJAMPET,Mannuru,,1,,1,
888,11_C_65_67,KDP_C_71_67_RAJAMPET,Brahmanapalli,,,,0,
889,11_C_65_67,KDP_C_71_67_RAJAMPET,Anantarajupuram,,,,0,
890,11_C_65_67,KDP_C_71_67_RAJAMPET,Utukur,,1,,1,
891,11_C_65_67,KDP_C_71_67_RAJAMPET,Mittameedapalli,,,,0,
892,11_C_65_67,KDP_C_71_67_RAJAMPET,Gopamambapuram,,,,0,
893,11_C_65_67,KDP_C_71_67_RAJAMPET,Narayana Nellore,,,,0,
894,11_C_65_67,KDP_C_71_67_RAJAMPET,Sree Rangarajuppalem,,,,0,
895,11_C_65_67,KDP_C_71_67_RAJAMPET,Thippayapalle,,,,0,
896,11_C_65_67,KDP_C_71_67_RAJAMPET,Devasamudram,,,,0,
897,11_C_65_67,KDP_C_71_67_RAJAMPET,Vathaluru,,,,0,
898,11_C_65_67,KDP_C_71_67_RAJAMPET,Anantasamudram,,,,0,
899,11_C_65_67,KDP_C_71_67_RAJAMPET,A.Channamambapuram,,,,0,
900,11_C_65_67,KDP_C_71_67_RAJAMPET,RF,,,,0,
901,11_C_65_68,KDP_C_71_68_PULLAMPET,Venkatesapuram,,,,0,
902,11_C_65_68,KDP_C_71_68_PULLAMPET,Gubbuvaripalli,,,,0,
903,11_C_65_68,KDP_C_71_68_PULLAMPET,Pedda Orampadu,,,,0,
904,11_C_65_68,KDP_C_71_68_PULLAMPET,RallaCheruvupalle,,,,0,
905,11_C_65_68,KDP_C_71_68_PULLAMPET,Mangampeta,,,,0,
906,11_C_65_68,KDP_C_71_68_PULLAMPET,Mukkavaripalle,,3,,3,
907,11_C_65_68,KDP_C_71_68_PULLAMPET,Chinna orampadu,,,,0,
908,11_C_65_68,KDP_C_71_68_PULLAMPET,JillelaMadaka,,,,0,
909,11_C_65_68,KDP_C_71_68_PULLAMPET,Korla kunta,,1,,1,
910,11_C_65_68,KDP_C_71_68_PULLAMPET,Y Kota,,,,0,
911,11_C_65_68,KDP_C_71_68_PULLAMPET,Gadela,,,,0,
912,11_C_65_68,KDP_C_71_68_PULLAMPET,Nukanapalli,,,,0,
913,11_C_65_68,KDP_C_71_68_PULLAMPET,Immanuru,,,,0,
914,11_C_65_68,KDP_C_71_68_PULLAMPET,Pullampeta,,,,0,
915,11_C_65_68,KDP_C_71_68_PULLAMPET,Puttanavaripalli,,,,0,
916,11_C_65_68,KDP_C_71_68_PULLAMPET,Anantaiahgaripalli,,,,0,
917,11_C_65_68,KDP_C_71_68_PULLAMPET,Ramasamudram,,,,0,
918,11_C_65_68,KDP_C_71_68_PULLAMPET,Utukuru Chalivendla,,,,0,
919,11_C_65_68,KDP_C_71_68_PULLAMPET,Utukuru Venkatampalle,,,,0,
920,11_C_65_68,KDP_C_71_68_PULLAMPET,Dondlopalle,,,,0,
921,11_C_65_68,KDP_C_71_68_PULLAMPET,Vallurupalli,,,,0,
922,11_C_65_68,KDP_C_71_68_PULLAMPET,Kothapalli Agraharam,,,,0,
923,11_C_65_68,KDP_C_71_68_PULLAMPET,Kommanavaripalle,,,,0,
924,11_C_65_68,KDP_C_71_68_PULLAMPET,Dalavaipalle,,,,0,
925,11_C_65_68,KDP_C_71_68_PULLAMPET,Apparajupeta,,,,0,
926,11_C_65_68,KDP_C_71_68_PULLAMPET,Garalamadugu,,,,0,
927,11_C_65_68,KDP_C_71_68_PULLAMPET,T.Rajapuram,,,,0,
928,11_C_65_68,KDP_C_71_68_PULLAMPET,Periyavaram,,,,0,
929,11_C_65_68,KDP_C_71_68_PULLAMPET,Ketha Rajupalle,,,,0,
930,11_C_65_68,KDP_C_71_68_PULLAMPET,Reddipalli,,,,0,
931,11_C_65_68,KDP_C_71_68_PULLAMPET,Rangampalle,,,,0,
932,11_C_65_68,KDP_C_71_68_PULLAMPET,RF,,,,0,
933,11_C_65_69,KDP_C_71_69_Anantharajupet,Anantaraju peta,,5,,5,
934,11_C_65_69,KDP_C_71_69_Anantharajupet,Raghava Rajapuram,,3,,3,
935,11_C_65_69,KDP_C_71_69_Anantharajupet,Ganga Raja puram,,1,,1,
936,11_C_65_69,KDP_C_71_69_Anantharajupet,RF,,,,0,
937,11_C_65_70,KDP_C_71_70_Koduru,Vasudevapuram,,,,0,
938,11_C_65_70,KDP_C_71_70_Koduru,V.V Kandrika,,,,0,
939,11_C_65_70,KDP_C_71_70_Koduru,Obanapalle,,,,0,
940,11_C_65_70,KDP_C_71_70_Koduru,K.Puram Agraharam,,,,0,
941,11_C_65_70,KDP_C_71_70_Koduru,Koduru,,7,,7,
942,11_C_65_70,KDP_C_71_70_Koduru,K.Buduguntapalle,,1,,1,
943,11_C_65_70,KDP_C_71_70_Koduru,RF,,,,0,
944,11_C_65_71,KDP_C_71_71_Settigunta,Chiyyavaram,,2,,2,
945,11_C_65_71,KDP_C_71_71_Settigunta,Upparapalle,,,,0,
946,11_C_65_71,KDP_C_71_71_Settigunta,Srinivasapuram,,,,0,
947,11_C_65_71,KDP_C_71_71_Settigunta,Settigunta,,,,0,
948,11_C_65_71,KDP_C_71_71_Settigunta,RF,,,,0,
949,11_C_65_72,KDP_C_71_72_Seshachala Forest,RF,,,,0,
950,11_C_65_73,KDP_C_71_73_PENAGALURU,Narasingarajupuram,,,,0,
951,11_C_65_73,KDP_C_71_73_PENAGALURU,Penagaluru Agraharam,,,,0,
952,11_C_65_73,KDP_C_71_73_PENAGALURU,Penagaluru,,,,0,
953,11_C_65_73,KDP_C_71_73_PENAGALURU,Siddavaram,,,,0,
954,11_C_65_73,KDP_C_71_73_PENAGALURU,Thirumalarajupeta,,,,0,
955,11_C_65_73,KDP_C_71_73_PENAGALURU,Singareddipalli,,,,0,
956,11_C_65_73,KDP_C_71_73_PENAGALURU,Kambalakunta,,,,0,
957,11_C_65_73,KDP_C_71_73_PENAGALURU,Indluru,,,,0,
958,11_C_65_73,KDP_C_71_73_PENAGALURU,Singanamala C.Samudram,,,,0,
959,11_C_65_73,KDP_C_71_73_PENAGALURU,Girijamambapuram,,,,0,
960,11_C_65_73,KDP_C_71_73_PENAGALURU,S.V.Puram,,,,0,
961,11_C_65_73,KDP_C_71_73_PENAGALURU,Singanamala,,,,0,
962,11_C_65_73,KDP_C_71_73_PENAGALURU,Obili,,,,0,
963,11_C_65_73,KDP_C_71_73_PENAGALURU,Jeltivaripalli,,,,0,
964,11_C_65_73,KDP_C_71_73_PENAGALURU,Nallapureddypalli,,,,0,
965,11_C_65_73,KDP_C_71_73_PENAGALURU,Kamantha Rajupuram,,,,0,
966,11_C_65_73,KDP_C_71_73_PENAGALURU,Pondaluru,,,,0,
967,11_C_65_73,KDP_C_71_73_PENAGALURU,Pondaluru V.Palli.,,,,0,
968,11_C_65_73,KDP_C_71_73_PENAGALURU,Kampasamudram,,,,0,
969,11_C_65_73,KDP_C_71_73_PENAGALURU,K.S.Agraharam,,,,0,
970,11_C_65_73,KDP_C_71_73_PENAGALURU,Thummakonda,,,,0,
971,11_C_65_73,KDP_C_71_73_PENAGALURU,K.V.R.R.Puram,,,,0,
972,11_C_65_73,KDP_C_71_73_PENAGALURU,Kalavavarikandrika,,,,0,
973,11_C_65_73,KDP_C_71_73_PENAGALURU,Botimeedapalle,,,,0,
974,11_C_65_73,KDP_C_71_73_PENAGALURU,Bommavaram,,,,0,
975,11_C_65_73,KDP_C_71_73_PENAGALURU,Govindampalli,,,,0,
976,11_C_65_73,KDP_C_71_73_PENAGALURU,RF,,,,0,
977,11_C_65_74,KDP_C_71_74_Chitvel,Chintalachilaka,,,,0,
978,11_C_65_74,KDP_C_71_74_Chitvel,Rajukunta,,,,0,
979,11_C_65_74,KDP_C_71_74_Chitvel,Chitvel,,1,,1,
980,11_C_65_74,KDP_C_71_74_Chitvel,Bhakarapuram,,,,0,
981,11_C_65_74,KDP_C_71_74_Chitvel,Cherlopalli,,,,0,
982,11_C_65_74,KDP_C_71_74_Chitvel,Thimmayapalem,,,,0,
983,11_C_65_74,KDP_C_71_74_Chitvel,Nagaripadu,,,,0,
984,11_C_65_74,KDP_C_71_74_Chitvel,Nethivaripalli,,,,0,
985,11_C_65_74,KDP_C_71_74_Chitvel,M.Puram & S.R.Puram,,,,0,
986,11_C_65_74,KDP_C_71_74_Chitvel,Nagavaram,,,,0,
987,11_C_65_74,KDP_C_71_74_Chitvel,RF,,,,0,
988,11_C_65_75,KDP_C_71_75_KONDURU,Thimmamambapuram,,,,0,
989,11_C_65_75,KDP_C_71_75_KONDURU,Kondur,,,,0,
990,11_C_65_75,KDP_C_71_75_KONDURU,Kondur C.Samudram,,,,0,
991,11_C_65_75,KDP_C_71_75_KONDURU,Velagacherla,,,,0,
992,11_C_65_75,KDP_C_71_75_KONDURU,V.M.Puram,,,,0,
993,11_C_65_75,KDP_C_71_75_KONDURU,Damancherla,,,,0,
994,11_C_65_75,KDP_C_71_75_KONDURU,Etimarpuram,,,,0,
995,11_C_65_75,KDP_C_71_75_KONDURU,Mallemarapuram,,,,0,
996,11_C_65_75,KDP_C_71_75_KONDURU,Mylapalli,,,,0,
997,11_C_65_75,KDP_C_71_75_KONDURU,Devamachupalle,,,,0,
998,11_C_65_75,KDP_C_71_75_KONDURU,RF,,0,,0,
999,11_C_65_76,KDP_C_71_76_NANDALURU,Chintalakunta,,,,0,
1000,11_C_65_76,KDP_C_71_76_NANDALURU,Ramamambapuram,,,,0,
1001,11_C_65_76,KDP_C_71_76_NANDALURU,Rangayapalli(SM),,,,0,
1002,11_C_65_76,KDP_C_71_76_NANDALURU,Pothapi,,,,0,
1003,11_C_65_76,KDP_C_71_76_NANDALURU,Jangalapalli,,,,0,
1004,11_C_65_76,KDP_C_71_76_NANDALURU,Nookinenipalli,,,,0,
1005,11_C_65_76,KDP_C_71_76_NANDALURU,Kunda Nellore,,,,0,
1006,11_C_65_76,KDP_C_71_76_NANDALURU,Komarunipalli,,,,0,
1007,11_C_65_76,KDP_C_71_76_NANDALURU,Tangaturu,,,,0,
1008,11_C_65_76,KDP_C_71_76_NANDALURU,Tangaturu Vengamambapuram,,,,0,
1009,11_C_65_76,KDP_C_71_76_NANDALURU,Lebaka,,,,0,
1010,11_C_65_76,KDP_C_71_76_NANDALURU,L.Mangamambapuram,,,,0,
1011,11_C_65_76,KDP_C_71_76_NANDALURU,N.Thimmayapalli,,,,0,
1012,11_C_65_76,KDP_C_71_76_NANDALURU,Y.Rajupalle,,,,0,
1013,11_C_65_76,KDP_C_71_76_NANDALURU,Adapur,,,,0,
1014,11_C_65_76,KDP_C_71_76_NANDALURU,Nandaluru,,2,,2,
1015,11_C_65_76,KDP_C_71_76_NANDALURU,Nagireddipalli,,,,0,
1016,11_C_65_76,KDP_C_71_76_NANDALURU,Paturu,,,,0,
1017,11_C_65_76,KDP_C_71_76_NANDALURU,RF,,,,0,
1018,11_C_65_77,KDP_C_71_77_SIRIVARAM,Thimma Rajupalli(SM),,,,0,
1019,11_C_65_77,KDP_C_71_77_SIRIVARAM,Sirivaram,,,,0,
1020,11_C_65_77,KDP_C_71_77_SIRIVARAM,Thirunampalli,,,,0,
1021,11_C_65_77,KDP_C_71_77_SIRIVARAM,RF,,,,0,
1022,11_C_65_65,KDP_C_71_65_Rayavaram,Rayavaram,,,,0,
1023,11_C_65_65,KDP_C_71_65_Rayavaram,RF,,,,0,
