sr.no,,,village name,No. M.I.Tanks command area,,Number of M.I.Tanks [Non command area],,"Number of M.I.Tanks PQ Area
[Poor GW Quality area]",
,Watershed code ,GW watershed name,,Number,spread ha,Number,spread ha,Number,spread ha
1,06-D-48-13,Kri-D-48-Budawada,Annavaram,0,0,0,0,,
2,06-D-48-13,Kri-D-48-Budawada,Budawada,0,0,0,0,,
3,06-D-48-13,Kri-D-48-Budawada,K.Agraharam,0,0,1,5,,
4,06-D-48-13,Kri-D-48-Budawada,Mukteswarapuram,0,0,0,0,,
5,06-D-48-02,Kri-D-48-Jaggaiahpeta,Buchavaram,1,13,0,0,,
6,06-D-48-02,Kri-D-48-Jaggaiahpeta,Gandrai,1,68,0,0,,
7,06-D-48-02,Kri-D-48-Jaggaiahpeta,Takkellapadu,0,0,0,0,,
8,06-D-48-02,Kri-D-48-Jaggaiahpeta,Garikapadu,0,0,0,0,,
9,06-D-48-02,Kri-D-48-Jaggaiahpeta,R.C.Peta,0,0,0,0,,
10,06-D-48-02,Kri-D-48-Jaggaiahpeta,Anumanchipalli,1,69,0,0,,
11,06-D-48-02,Kri-D-48-Jaggaiahpeta,Balusupadu,0,0,0,0,,
12,06-D-48-02,Kri-D-48-Jaggaiahpeta,S.M.peta,1,61,0,0,,
13,06-D-48-02,Kri-D-48-Jaggaiahpeta,Tirumalagiri,0,0,0,0,,
14,06-D-48-02,Kri-D-48-Jaggaiahpeta,Chillakallu,1,24,0,0,,
15,06-D-48-02,Kri-D-48-Jaggaiahpeta,Jaggaiahpeta,1,171,0,0,,
16,06-D-48-02,Kri-D-48-Jaggaiahpeta,Jayanthipuram,0,0,0,0,,
17,06-D-48-02,Kri-D-48-Jaggaiahpeta,Ravirala,0,0,0,0,,
18,06-D-48-02,Kri-D-48-Jaggaiahpeta,Torraguntapalem,0,0,0,0,,
19,06-D-48-02,Kri-D-48-Jaggaiahpeta,Ravikampadu,0,0,0,0,,
20,06-D-48-03,Kri-D-48-Jaggaiahpeta,Tripuravaram,0,0,0,0,,
21,06-D-48-02,Kri-D-48-Jaggaiahpeta,Dachupalem,2,9,0,0,,
22,06-D-48-02,Kri-D-48-Jaggaiahpeta,Mangollu,2,8,0,0,,
23,06-D-48-02,Kri-D-48-Jaggaiahpeta,V.B.Palem,0,0,0,0,,
24,06-D-49-01,Kri-D-49-Vatsavai,Indugupalli,1,26.6,0,0,,
25,06-D-49-01,Kri-D-49-Vatsavai,Pedamodupalli,0,0,0,0,,
26,06-D-49-01,Kri-D-49-Vatsavai,Chinmodupalli,0,0,0,0,,
27,06-D-49-01,Kri-D-49-Vatsavai,Kanneveedu,1,14.2,0,0,,
28,06-D-49-01,Kri-D-49-Vatsavai,Gopinenipalem,0,0,0,0,,
29,06-D-49-01,Kri-D-49-Vatsavai,Chityala,1,11,0,0,,
30,06-D-49-01,Kri-D-49-Vatsavai,Makkapeta,4,18,0,0,,
31,06-D-49-01,Kri-D-49-Vatsavai,Bhimavaram,2,14.7,0,0,,
32,06-D-49-01,Kri-D-49-Vatsavai,Hassanbada,0,0,0,0,,
33,06-D-49-01,Kri-D-49-Vatsavai,Malkapuram,1,23,0,0,,
34,06-D-49-01,Kri-D-49-Vatsavai,Gowravaram,1,35.6,0,0,,
35,06-D-49-01,Kri-D-49-Vatsavai,Pochampalli,1,32.3,0,0,,
36,06-D-49-01,Kri-D-49-Vatsavai,Bandipalem,0,0,0,0,,
37,06-D-49-01,Kri-D-49-Vatsavai,Penuganchiprolu,1,111.26,0,0,,
38,06-D-49-01,Kri-D-49-Vatsavai,Lingagudem,0,0,0,0,,
39,06-D-49-01,Kri-D-49-Vatsavai,Kollikulla,0,0,0,0,,
40,06-D-49-01,Kri-D-49-Vatsavai,Subbayagudem,0,0,0,0,,
41,06-D-49-01,Kri-D-49-Vatsavai,Mundlapadu,0,0,0,0,,
42,06-D-49-01,Kri-D-49-Vatsavai,Konakanchi,1,80,0,0,,
43,06-D-49-01,Kri-D-49-Vatsavai,Nawabpeta,1,60,0,0,,
44,06-D-49-01,Kri-D-49-Vatsavai,Venkatapuram,0,0,0,0,,
45,06-D-49-01,Kri-D-49-Vatsavai,Senagapadu,0,0,0,0,,
46,06-D-49-01,Kri-D-49-Vatsavai,Thotacherala,0,0,0,0,,
47,06-D-49-01,Kri-D-49-Vatsavai,Munagacherla,0,0,0,0,,
48,06-D-49-01,Kri-D-49-Vatsavai,Nandigama,0,0,0,0,,
49,06-D-49-03,Kri-D-49-Penuganchiprolu,Muchintala,0,0,0,0,,
50,06-D-49-03,Kri-D-49-Penuganchiprolu,Anigandlapadu,0,0,0,0,,
51,06-D-49-03,Kri-D-49-Penuganchiprolu,Gummadiduru,0,0,0,0,,
52,06-D-49-03,Kri-D-49-Penuganchiprolu,Allurupadu,0,0,0,0,,
53,06-D-49-03,Kri-D-49-Penuganchiprolu,Vemavaram,0,0,0,0,,
54,06-D-49-03,Kri-D-49-Penuganchiprolu,Khambhampadu,0,0,0,0,,
55,06-D-49-03,Kri-D-49-Penuganchiprolu,Rebbavaram,0,0,0,0,,
56,06-D-49-03,Kri-D-49-Penuganchiprolu,Polampalli,0,0,0,0,,
57,06-D-49-03,Kri-D-49-Penuganchiprolu,Dabbakupalli,0,0,0,0,,
58,06-D-49-03,Kri-D-49-Penuganchiprolu,Pochavaram,0,0,0,0,,
59,06-D-49-03,Kri-D-49-Penuganchiprolu,Vatsavai,0,0,0,0,,
60,06-D-49-03,Kri-D-49-Penuganchiprolu,Gangavalli,0,0,0,0,,
61,06-D-49-03,Kri-D-49-Penuganchiprolu,Lingala,0,0,0,0,,
62,06-D-49-03,Kri-D-49-Penuganchiprolu,Magallu,1,33.19,0,0,,
63,06-D-49-03,Kri-D-49-Penuganchiprolu,Pallagiri,1,22.26,0,0,,
64,06-D-49-03,Kri-D-49-Penuganchiprolu,Satyavaram,1,99.59,0,0,,
65,06-D-49-03,Kri-D-49-Penuganchiprolu,Ramireddipalli,0,0,0,0,,
66,06-D-49-03,Kri-D-49-Penuganchiprolu,Konduru,1,21,0,0,,
67,06-D-49-04,Kri-D-49-Nandigama,Takkellapadu,0,0,0,0,,
68,06-D-49-04,Kri-D-49-Nandigama,Lingalapadu,0,0,0,0,,
69,06-D-49-04,Kri-D-49-Nandigama,Latchapalem,0,0,0,0,,
70,06-D-49-04,Kri-D-49-Nandigama,Adaviravulapadu,0,0,0,0,,
71,06-D-49-04,Kri-D-49-Nandigama,K.Kandrika,0,0,0,0,,
72,06-D-49-04,Kri-D-49-Nandigama,Chandapuram,0,0,0,0,,
73,06-D-49-04,Kri-D-49-Nandigama,Ambarupeta,0,0,0,0,,
74,06-D-49-04,Kri-D-49-Nandigama,Itavaram,0,0,0,0,,
75,06-D-49-04,Kri-D-49-Nandigama,Ketaveerunipadu,0,0,0,0,,
76,06-D-49-04,Kri-D-49-Nandigama,Kanchela,0,0,0,0,,
77,06-D-49-04,Kri-D-49-Nandigama,Medipalem,0,0,0,0,,
78,06-D-49-04,Kri-D-49-Nandigama,Munagalapalli,0,0,0,0,,
79,06-D-49-04,Kri-D-49-Nandigama,Muppala,0,0,0,0,,
80,06-D-49-04,Kri-D-49-Nandigama,Thurlapadu,1,33.19,0,0,,
81,06-D-49-04,Kri-D-49-Nandigama,Thotaravulapadu,0,0,1,22,,
82,06-D-49-04,Kri-D-49-Nandigama,Chintalapadu,0,0,1,99.59,,
83,06-D-49-04,Kri-D-49-Nandigama,Eturu,0,0,0,0,,
84,06-D-49-04,Kri-D-49-Nandigama,Gandepalli,1,21,0,0,,
85,06-D-49-04,Kri-D-49-Nandigama,Keesara,0,0,0,0,,
86,06-D-49-04,Kri-D-49-Nandigama,Saidapuram,0,0,0,0,,
87,06-D-49-04,Kri-D-49-Nandigama,Pendyala,0,0,0,0,,
88,06-D-49-04,Kri-D-49-Nandigama,Vemulapalli,0,0,0,0,,
89,06-D-49-04,Kri-D-49-Nandigama,S.Amaravaram,0,0,0,0,,
90,06-D-49-04,Kri-D-49-Nandigama,Moguluru,0,0,0,0,,
91,06-D-49-04,Kri-D-49-Nandigama,Munnaluru,0,0,0,0,,
92,06-D-51-19,Kri-D-51-Chandarlapadu,Vedadri,0,0,0,0,,
93,06-D-51-19,Kri-D-51-Chandarlapadu,Peddavaram,1,41.7,0,0,,
94,06-D-51-19,Kri-D-51-Chandarlapadu,Katrenipalli,0,0,0,0,,
95,06-D-51-19,Kri-D-51-Chandarlapadu,Gudimetla,1,95.14,0,0,,
96,06-D-51-19,Kri-D-51-Chandarlapadu,Brahma botlapalem,0,0,0,0,,
97,06-D-51-19,Kri-D-51-Chandarlapadu,Konayapalem,0,0,0,0,,
98,06-D-51-19,Kri-D-51-Chandarlapadu,Gudimetlapalem,1,28.7,0,0,,
99,06-D-51-19,Kri-D-51-Chandarlapadu,Bobbillapadu,1,15.38,0,0,,
100,06-D-51-19,Kri-D-51-Chandarlapadu,Chandarlapadu ,0,0,3,36.03,,
101,06-D-51-19,Kri-D-51-Chandarlapadu,Patempadu,0,0,0,0,,
102,06-D-51-19,Kri-D-51-Chandarlapadu,Kasarabada,1,95.5,0,0,,
103,06-D-51-19,Kri-D-51-Chandarlapadu,Ustepalli,1,82.99,0,0,,
104,06-D-51-19,Kri-D-51-Chandarlapadu,Pokkunuru,0,0,0,0,,
105,06-D-51-19,Kri-D-51-Chandarlapadu,Kodavatikallu,0,0,0,0,,
106,06-D-51-19,Kri-D-51-Chandarlapadu,Veladikothapalem,0,0,0,0,,
107,06-D-51-19,Kri-D-51-Chandarlapadu,Punnavalli,0,0,0,0,,
108,06-D-51-19,Kri-D-51-Chandarlapadu,Popuru,0,0,0,0,,
109,06-D-51-19,Kri-D-51-Chandarlapadu,Vipareetalapadu,0,0,0,0,,
110,06-D-49-02,Kri-D-49-Nemali,Ummadidevarapalli,0,0,0,0,,
111,06-D-49-02,Kri-D-49-Nemali,Nemali,1,1.63,0,0,,
112,06-D-49-02,Kri-D-49-Nemali,Konijerla,2,20.46,0,0,,
113,06-D-49-04,Kri-D-49-Utukuru,Utukuru,2,80,0,0,,
114,06-D-49-04,Kri-D-49-Utukuru,Dundiralapadu,0,0,0,0,,
115,06-D-49-04,Kri-D-49-Utukuru,Penugolenu,1,52,0,0,,
116,06-D-49-04,Kri-D-49-Utukuru,Tunikipadu,0,0,0,0,,
117,06-D-49-04,Kri-D-49-Utukuru,Rajavaram,0,0,0,0,,
118,06-D-49-07,Kri-D-49-Talluru,Kakaravai,0,0,0,0,,
119,06-D-49-07,Kri-D-49-Talluru,Machinenipalem,0,0,0,0,,
120,06-D-49-07,Kri-D-49-Talluru,Talluru,0,0,0,0,,
121,06-D-49-07,Kri-D-49-Talluru,Vemulanarva,0,0,0,0,,
122,06-D-49-10,Kri-D-49--K.Atmakuru,K.Atmakuru,0,0,0,0,,
123,06-D-49-10,Kri-D-49--K.Atmakuru,Jonnalagadda,0,0,0,0,,
124,06-D-49-10,Kri-D-49--K.Atmakuru,V.Annavaram,0,0,0,0,,
125,06-D-49-05,Kri-D-49-Veerulapadu,Torragudipadu,1,10,0,0,,
126,06-D-49-05,Kri-D-49-Veerulapadu,Damuluru,0,0,0,0,,
127,06-D-49-05,Kri-D-49-Veerulapadu,Somavaram,1,60,0,0,,
128,06-D-49-05,Kri-D-49-Veerulapadu,Rudravaram,0,0,0,0,,
129,06-D-49-05,Kri-D-49-Veerulapadu,Gollamudi,0,0,0,0,,
130,06-D-49-05,Kri-D-49-Veerulapadu,Raghavapuram,0,0,0,0,,
131,06-D-49-05,Kri-D-49-Veerulapadu,Pallempalli,0,0,0,0,,
132,06-D-49-05,Kri-D-49-Veerulapadu,Konatanapalli,1,24,0,0,,
133,06-D-49-05,Kri-D-49-Veerulapadu,Choutapalli,1,23,0,0,,
134,06-D-49-05,Kri-D-49-Veerulapadu,Chattannavaram,0,0,0,0,,
135,06-D-49-05,Kri-D-49-Veerulapadu,Dachavaram,1,65,0,0,,
136,06-D-49-05,Kri-D-49-Veerulapadu,Vellanki,1,61,0,0,,
137,06-D-49-05,Kri-D-49-Veerulapadu,Tatigummi,0,0,0,0,,
138,06-D-49-05,Kri-D-49-Veerulapadu,Gokharajupalli,0,0,0,0,,
139,06-D-49-05,Kri-D-49-Veerulapadu,Nandaluru,0,0,0,0,,
140,06-D-49-05,Kri-D-49-Veerulapadu,Bodawada,0,0,0,0,,
141,06-D-49-05,Kri-D-49-Veerulapadu,Lakshmipuram,0,0,0,0,,
142,06-D-49-05,Kri-D-49-Veerulapadu,Jammavaram,0,0,0,0,,
143,06-D-49-01,Kri-D-49-Peddavaram,Akkapalem,3,55,0,0,,
144,06-D-49-01,Kri-D-49-Peddavaram,Chintalapadu,2,40,0,0,,
145,06-D-49-01,Kri-D-49-Peddavaram,Erramadu,2,6,0,0,,
146,06-D-49-01,Kri-D-49-Peddavaram,Mustikuntla,3,45,0,0,,
147,06-D-49-01,Kri-D-49-Peddavaram,Munukulla,2,59,0,0,,
148,06-D-49-01,Kri-D-49-Peddavaram,Peddavaram,3,22,0,0,,
149,06-D-49-01,Kri-D-49-Peddavaram,Vamakuntla,3,25,0,0,,
150,06-D-49-01,Kri-D-49-Peddavaram,Vavilala,4,145,0,0,,
151,06-D-49-08,Kri-D-49-Tiruvuru,Tiruvuru,9,124,0,0,,
152,06-D-49-08,Kri-D-49-Tiruvuru,Chittela,3,32,3,0,,
153,06-D-49-08,Kri-D-49-Tiruvuru,Kokilampadu,2,60.7,0,0,,
154,06-D-49-08,Kri-D-49-Tiruvuru,Anjaneyapuram,2,18,2,0,,
155,06-D-49-08,Kri-D-49-Tiruvuru,Lakshmipuram,4,16,4,0,,
156,06-D-49-08,Kri-D-49-Tiruvuru,Rolupadi,2,98,0,0,,
157,06-D-49-09,Kri-D-49-A.Konduru,Vallampatla,4,95,0,0,,
158,06-D-49-09,Kri-D-49-A.Konduru,Marepalli,2,20,0,0,,
159,06-D-49-09,Kri-D-49-A.Konduru,Polisettipadu,3,12,0,0,,
160,06-D-49-09,Kri-D-49-A.Konduru,Mallela,3,69,0,0,,
161,06-D-49-09,Kri-D-49-A.Konduru,Vemireddipalli,2,20,0,0,,
162,06-D-49-10,Kri-D-49-A.Konduru,Ramannapalem,4,12,0,0,,
163,06-D-49-11,Kri-D-49-Vissannapeta,Kambhampadu,1,14.2,0,0,,
164,06-D-49-11,Kri-D-49-Vissannapeta,Atlapragada,1,11,0,0,,
165,06-D-49-11,Kri-D-49-Vissannapeta,A.Konduru,2,35,0,0,,
166,06-D-49-11,Kri-D-49-Vissannapeta,Kummarikuntla,3,41.3,0,0,,
167,06-D-49-11,Kri-D-49-Vissannapeta,Repudi,0,0,0,0,,
168,06-D-49-11,Kri-D-49-Vissannapeta,Gollamandala,5,69.23,0,0,,
169,06-D-49-11,Kri-D-49-Vissannapeta,Koduru,1,2,0,0,,
170,06-D-49-11,Kri-D-49-Vissannapeta,Tatakuntla,19,147.72,0,0,,
171,06-D-49-11,Kri-D-49-Vissannapeta,Telladevarapalli,4,54.2,0,0,,
172,06-D-49-11,Kri-D-49-Vissannapeta,Vissannapeta,15,118.52,0,0,,
173,06-D-49-11,Kri-D-49-Vissannapeta,Chandrupatla,3,57.52,0,0,,
174,06-D-49-11,Kri-D-49-Vissannapeta,Narsapuram,10,103,0,0,,
175,06-D-49-11,Kri-D-49-Vissannapeta,Putrela,9,203,0,0,,
176,06-D-49-11,Kri-D-49-Vissannapeta,Kalagara,7,129,0,0,,
177,06-D-49-11,Kri-D-49-Vissannapeta,Korlamanda,6,59,0,0,,
178,06-D-49-11,Kri-D-49-Vissannapeta,Chanubanda,10,130,0,0,,
179,06-D-49-11,Kri-D-49-Vissannapeta,Krishnaraopalem,6,22,0,0,,
180,06-D-49-11,Kri-D-49-Vissannapeta,Kanumuru,2,130,0,0,,
181,06-D-49-11,Kri-D-49-Vissannapeta,Muchinapalli,4,66,0,0,,
182,06-D-49-11,Kri-D-49-Vissannapeta,Ganugapadu,2,8,0,0,,
183,06-D-49-07,Kri-D-49-Gampalagudem,Gampalagudem,2,164,0,0,,
184,06-D-49-07,Kri-D-49-Gampalagudem,Arlapadu,0,0,0,0,,
185,06-D-49-07,Kri-D-49-Gampalagudem,Chennavaram,1,42,0,0,,
186,06-D-49-07,Kri-D-49-Gampalagudem,Gosaveedu,1,49,0,0,,
187,06-D-49-07,Kri-D-49-Gampalagudem,Kothapalli,0,0,0,0,,
188,06-D-49-07,Kri-D-49-Gampalagudem,Lingala,0,0,0,0,,
189,06-D-49-07,Kri-D-49-Gampalagudem,Meduru,1,33,0,0,,
190,06-D-49-07,Kri-D-49-Gampalagudem,Pedakomira,1,92,0,0,,
191,06-D-49-07,Kri-D-49-Gampalagudem,Vinagadapa,3,259,0,0,,
192,06-D-49-07,Kri-D-49-Gampalagudem,Narikampadu,0,0,0,0,,
193,06-D-49-07,Kri-D-49-Gampalagudem,Anumullanka,1,33,0,0,,
194,06-D-49-07,Kri-D-49-Gampalagudem,Gullapudi,0,0,0,0,,
195,06-D-49-03,Kri-D-49-Jayanthi,Veerullapadu,0,0,0,0,,
196,06-D-49-03,Kri-D-49-Jayanthi,Jayanthi,1,190,0,0,,
197,06-D-49-03,Kri-D-49-Jayanthi,Dodda Devarapadu,0,0,0,0,,
198,06-D-49-03,Kri-D-49-Jayanthi,Ramapuram,0,0,0,0,,
199,06-D-51-18,Kri-D-51-Kanchikacherla ,Peddapuram,0,0,0,0,,
200,06-D-51-18,Kri-D-51-Kanchikacherla ,G.Madhavaram,0,0,0,0,,
201,06-D-51-18,Kri-D-51-Kanchikacherla ,Thimmapuram,0,0,0,0,,
202,06-D-51-18,Kri-D-51-Kanchikacherla ,Alluru,0,0,0,0,,
203,06-D-51-18,Kri-D-51-Kanchikacherla ,Chennaraopalem,1,101,0,0,,
204,06-D-51-18,Kri-D-51-Kanchikacherla ,Jujjuru,1,40,0,0,,
205,06-D-51-18,Kri-D-51-Kanchikacherla ,N.R.Palem,0,0,0,0,,
206,06-D-51-18,Kri-D-51-Kanchikacherla ,Jaganadhapuram,0,0,0,0,,
207,06-D-51-18,Kri-D-51-Kanchikacherla ,Ponnavaram,0,0,0,0,,
208,06-D-51-18,Kri-D-51-Kanchikacherla ,Peerakalapadu,1,24,0,0,,
209,06-D-51-18,Kri-D-51-Kanchikacherla ,Gottumukkala,0,0,0,0,,
210,06-D-51-18,Kri-D-51-Kanchikacherla ,Kanchikacherla,1,62,0,0,,
211,06-D-51-18,Kri-D-51-Kanchikacherla ,Paritala,1,358,0,0,,
212,06-D-51-18,Kri-D-51-Kanchikacherla ,Bathinapadu,0,0,0,0,,
213,06-D-51-18,Kri-D-51-Kanchikacherla ,Chevitikallu,0,0,0,0,,
214,06-D-51-18,Kri-D-51-Kanchikacherla ,Kunikanapadu,0,0,0,0,,
215,06-D-51-18,Kri-D-51-Kanchikacherla ,Ghani Atkur,0,0,0,0,,
216,06-D-51-18,Kri-D-51-Kanchikacherla ,Damuluru,0,0,0,0,,
217,06-D-51-18,Kri-D-51-Kanchikacherla ,Chilukuru,0,0,0,0,,
218,06-D-51-18,Kri-D-51-Kanchikacherla ,Ketanakonda,0,0,0,0,,
219,06-D-51-18,Kri-D-51-Kanchikacherla ,Kachavaram,1,25,0,0,,
220,06-D-51-18,Kri-D-51-Kanchikacherla ,Kotikalapudi,0,0,0,0,,
221,06-D-51-18,Kri-D-51-Kanchikacherla ,Mulapadu,0,0,0,0,,
222,06-D-51-18,Kri-D-51-Kanchikacherla ,Jupudi,0,0,0,0,,
223,06-D-51-18,Kri-D-51-Kanchikacherla ,Ibrahimpatnam,0,0,0,0,,
224,06-D-51-18,Kri-D-51-Kanchikacherla ,Z.N.Pothavaram,1,20,0,0,,
225,06-D-51-18,Kri-D-51-Kanchikacherla ,Trilochanapuram,1,8,0,0,,
226,06-D-51-18,Kri-D-51-Kanchikacherla ,Jamimachavaram,0,0,0,0,,
227,06-D-51-18,Kri-D-51-Kanchikacherla ,Navepothavaram,0,0,0,0,,
228,06-I-40-12,Kri-I-40-Chatrai,Somavaram,9,81.82,0,0,,
229,06-I-40-12,Kri-I-40-Chatrai,Kothagudem,7,49.48,0,0,,
230,06-I-40-12,Kri-I-40-Chatrai,Tummagudem,5,76.97,0,0,,
231,06-I-40-12,Kri-I-40-Chatrai,Chittapur,6,83.48,0,0,,
232,06-I-40-12,Kri-I-40-Chatrai,Arugolanupeta,3,50.5,0,0,,
233,06-I-40-12,Kri-I-40-Chatrai,Janardhanavaram,9,69.21,0,0,,
234,06-I-40-12,Kri-I-40-Chatrai,Chatrai,8,154.63,0,0,,
235,06-I-40-12,Kri-I-40-Chatrai,Polavaram,9,90.75,0,0,,
236,06-I-40-12,Kri-I-40-Chatrai,Buruggudem,0,0,2,65.24,,
237,06-I-40-12,Kri-I-40-Chatrai,Parvathapuram,0,0,7,52.07,,
238,06-I-40-12,Kri-I-40-Chatrai,Chinnampeta,0,0,11,46.91,,
239,06-I-40-12,Kri-I-40-Chatrai,Kotapadu,0,0,15,120.2,,
240,06-I-40-12,Kri-I-40-Chatrai,Mankollu,1,521.86,0,0,,
241,06-I-40-12,Kri-I-40-Chatrai,Pothanapalli,3,28.4,0,0,,
242,06-I-40-12,Kri-I-40-Chatrai,Kondaparva,0,0,7,66.26,,
243,06-I-41-14,Kri-I-41-Nuzvid,Vattigudipadu,3,70,0,0,,
244,06-I-41-14,Kri-I-41-Nuzvid,Kothapalli,0,0,3,10.8,,
245,06-I-41-14,Kri-I-41-Nuzvid,Billanapalli,0,0,3,7.6,,
246,06-I-41-14,Kri-I-41-Nuzvid,Koyyuru,0,0,1,9.1,,
247,06-I-41-14,Kri-I-41-Nuzvid,Bommuluru,0,0,2,14,,
248,06-I-41-14,Kri-I-41-Nuzvid,B.Kandrika,0,0,0,0,,
249,06-I-41-14,Kri-I-41-Nuzvid,Korlagunta,0,0,2,8.42,,
250,06-I-41-14,Kri-I-41-Nuzvid,Nuzvid,6,58.79,0,0,,
251,06-I-41-14,Kri-I-41-Nuzvid,Digavalli,0,0,6,56.12,,
252,06-I-41-14,Kri-I-41-Nuzvid,Mukkullapadu,0,0,2,35,,
253,06-I-41-14,Kri-I-41-Nuzvid,Annavaram,0,0,2,16.87,,
254,06-I-41-14,Kri-I-41-Nuzvid,H.M.Gudem,0,0,1,79.84,,
255,06-I-41-14,Kri-I-41-Nuzvid,Venkatayapalem,0,0,1,7.27,,
256,06-I-41-14,Kri-I-41-Nuzvid,Boravancha,6,48,0,0,,
257,06-I-41-14,Kri-I-41-Nuzvid,Pothureddipalli,0,0,4,31.01,,
258,06-I-41-14,Kri-I-41-Nuzvid,Jangamagudem,0,0,2,9.9,,
259,06-I-41-14,Kri-I-41-Nuzvid,Thukkuluru,0,0,1,14.16,,
260,06-I-41-14,Kri-I-41-Nuzvid,Ramannagudem,1,20.3,0,0,,
261,06-I-41-14,Kri-I-41-Nuzvid,Polasanapalli,4,34.22,0,0,,
262,06-I-41-14,Kri-I-41-Nuzvid,Morsapudi,1,7.35,0,0,,
263,06-I-41-14,Kri-I-41-Nuzvid,Devaragunta,0,0,2,30.54,,
264,06-I-41-14,Kri-I-41-Nuzvid,Vempadu,0,0,0,0,,
265,06-I-41-14,Kri-I-41-Nuzvid,Gollapalli,0,0,1,8.87,,
266,06-I-41-14,Kri-I-41-Nuzvid,Meerjapuram,0,0,1,9.6,,
267,06-I-41-14,Kri-I-41-Nuzvid,M.N.Plem,0,0,1,5.88,,
268,06-I-41-14,Kri-I-41-Nuzvid,Marribandam,0,0,0,0,,
269,06-I-41-14,Kri-I-41-Nuzvid,Seetharampuram,1,12,0,0,,
270,06-I-41-14,Kri-I-41-Nuzvid,Pallerlamudi,1,13.09,0,0,,
271,06-I-42-03,kri-I-42-Ganginenipalem,Ganginenipalem,2,31,0,0,,
272,06-I-42-03,kri-I-42-Ganginenipalem,Telladevarapadu,0,0,0,0,,
273,06-I-42-03,kri-I-42-Ganginenipalem,Sunnampadu,0,100,0,0,,
274,06-I-42-03,kri-I-42-Ganginenipalem,Munagapadu,1,135,0,0,,
275,06-I-42-03,kri-I-42-Ganginenipalem,Ch.Madhavaram,1,65,0,0,,
276,06-I-42-03,kri-I-42-Ganginenipalem,Gaddamanugu,0,0,0,0,,
277,06-I-42-03,kri-I-42-Ganginenipalem,G.Konduru,0,0,0,0,,
278,06-I-42-03,kri-I-42-Ganginenipalem,Pinapaka,1,77,0,0,,
279,06-I-42-03,kri-I-42-Ganginenipalem,Petrampadu,0,0,0,0,,
280,06-I-42-03,kri-I-42-Ganginenipalem,Loya,1,11.46,0,0,,
281,06-I-42-03,kri-I-42-Ganginenipalem,Duggiralapadu,1,46,0,0,,
282,06-I-42-03,kri-I-42-Ganginenipalem,Narsaiahgudem,0,0,0,0,,
283,06-I-42-03,kri-I-42-Ganginenipalem,Atkuru,2,93,0,0,,
284,06-I-42-06,Kri-I-42-Mylavaram,Morsumilli,2,211,0,0,,
285,06-I-42-06,Kri-I-42-Mylavaram,Mulakalapenta,0,0,0,0,,
286,06-I-42-06,Kri-I-42-Mylavaram,Pulluru,6,247,0,0,,
287,06-I-42-06,Kri-I-42-Mylavaram,Dasullapalem,0,0,1,29,,
288,06-I-42-06,Kri-I-42-Mylavaram,Jangalapalli,0,0,2,20,,
289,06-I-42-06,Kri-I-42-Mylavaram,Chandrugudem,4,416,0,0,,
290,06-I-42-06,Kri-I-42-Mylavaram,Sabjjapadu,0,0,0,0,,
291,06-I-42-06,Kri-I-42-Mylavaram,Pondugala,1.8571428571,127.8571428571,0,0,,
292,06-I-42-10,Kri-I-42-Reddigudem,Cheemalapadu,9,113,0,0,,
293,06-I-42-10,Kri-I-42-Reddigudem,Madhavaram(West),1,10,0,0,,
294,06-I-42-10,Kri-I-42-Reddigudem,Madhavaram(East),2,18,0,0,,
295,06-I-42-10,Kri-I-42-Reddigudem,Kudapa,3,72,0,0,,
296,06-I-42-10,Kri-I-42-Reddigudem,Kunaparajuparva,8,124,0,0,,
297,06-I-42-10,Kri-I-42-Reddigudem,Maddulaparva,7,98,0,0,,
298,06-I-42-10,Kri-I-42-Reddigudem,Rudravaram,5,66,0,0,,
299,06-I-42-10,Kri-I-42-Reddigudem,Reddigudem,9,140,0,0,,
300,06-I-42-10,Kri-I-42-Reddigudem,Rangapuram,9,92,0,0,,
301,06-I-42-10,Kri-I-42-Reddigudem,Narukullapadu,6,46,0,0,,
302,06-I-42-10,Kri-I-42-Reddigudem,Naguluru,4,69,0,0,,
303,06-I-42-10,Kri-I-42-Reddigudem,Patha Nagulru,3,31,0,0,,
304,06-I-42-10,Kri-I-42-Reddigudem,Anneraopeta,4,50,0,0,,
305,06-I-42-10,Kri-I-42-Reddigudem,Vedurubeedem,0,0,0,0,,
306,06-I-42-10,Kri-I-42-Reddigudem,Chandrala,4,252,0,0,,
307,06-I-42-10,Kri-I-42-Reddigudem,Keerthirayanigudem,2,8,0,0,,
308,06-I-42-10,Kri-I-42-Reddigudem,Velvadam,4,690,0,0,,
309,06-I-42-10,Kri-I-42-Reddigudem,T.Gannavaram,2,64,0,0,,
310,06-I-42-10,Kri-I-42-Reddigudem,Tolukodu,1,10,0,0,,
311,06-I-42-10,Kri-I-42-Reddigudem,Kanimerla,1,56,0,0,,
312,06-I-42-10,Kri-I-42-Reddigudem,Parvathapuram,0,0,0,0,,
313,06-I-42-10,Kri-I-42-Reddigudem,Ganapavaram,0,0,0,0,,
314,06-I-42-10,Kri-I-42-Reddigudem,Koduru,2,102,0,0,,
315,06-I-42-17,Kri-I-42-G.Konduru,Gurrajupalem,1,13,0,0,,
316,06-I-42-17,Kri-I-42-G.Konduru,Nandigama,2,210,0,0,,
317,06-I-42-17,Kri-I-42-G.Konduru,Kuntamukkala,2,234,0,0,,
318,06-I-42-17,Kri-I-42-G.Konduru,Bhimavarappadu,1,18,0,0,,
319,06-I-42-17,Kri-I-42-G.Konduru,Venkatapuram,1,61,0,0,,
320,06-I-42-17,Kri-I-42-G.Konduru,Vellaturu,2,496,0,0,,
321,06-I-42-17,Kri-I-42-G.Konduru,Chevuturu,5,112,0,0,,
322,06-I-42-17,Kri-I-42-G.Konduru,H.Mutyalampadu,2,100,0,0,,
323,06-I-42-17,Kri-I-42-G.Konduru,Kandulampadu,1,14,0,0,,
324,06-I-42-17,Kri-I-42-G.Konduru,Chegireddipadu,1,45,0,0,,
325,06-I-42-17,Kri-I-42-G.Konduru,Velagaleru,1,267,0,0,,
326,06-I-42-17,Kri-I-42-G.Konduru,Kavuluru,1,253,0,0,,
327,06-I-42-17,Kri-I-42-G.Konduru,Kadempothavaram,2,16,0,0,,
328,06-I-42-17,Kri-I-42-G.Konduru,Kondapalli,2,23,0,0,,
329,06-I-42-17,Kri-I-42-G.Konduru,Tummalapalem,0,0,0,0,,
330,06-I-42-17,Kri-I-42-G.Konduru,Ilaprolu,0,0,0,0,,
331,06-I-42-17,Kri-I-42-G.Konduru,Guntupalli,2,15,0,0,,
332,06-I-42-17,Kri-I-42-G.Konduru,Kothuru,3,12,0,0,,
333,06-I-42-17,Kri-I-42-G.Konduru,Tadepalli,5,75,0,0,,
334,06-I-42-17,Kri-I-42-G.Konduru,Paidurupadu,0,0,0,0,,
335,06-I-42-17,Kri-I-42-G.Konduru,Gollapudi,6,81,0,0,,
336,06-I-42-17,Kri-I-42-G.Konduru,Rayanapadu,0,0,0,0,,
337,06-I-42-17,Kri-I-42-G.Konduru,Shabada,0,0,0,0,,
338,06-I-42-17,Kri-I-42-G.Konduru,Vemavaram,0,0,0,0,,
339,06-I-42-17,Kri-I-42-G.Konduru,Jakkampudi,1,14.48,0,0,,
340,06-I-42-17,Kri-I-42-G.Konduru,Mylavaram,0,0,0,0,,
341,06-I-42-17,Kri-I-42-G.Konduru,Malkapuram,0,0,0,0,,
342,06-I-42-17,Kri-I-42-G.Konduru,Gudurupadu,0,0,0,0,,
343,06-I-42-23,Kri-I-42-Gannavaram,Kanasanapalli,8,146,0,0,,
344,06-I-42-23,Kri-I-42-Gannavaram,Adavinekkalam,1,16.2,0,0,,
345,06-I-42-23,Kri-I-42-Gannavaram,Pothavarappadu,2,101,0,0,,
346,06-I-42-23,Kri-I-42-Gannavaram,Pinnamareddipalli,3,61.5,0,0,,
347,06-I-42-23,Kri-I-42-Gannavaram,Gollanapalli,11,261,0,0,,
348,06-I-42-23,Kri-I-42-Gannavaram,Gopavarapugudem,11,243.1,0,0,,
349,06-I-42-23,Kri-I-42-Gannavaram,Purushottamapatnam,2,34,0,0,,
350,06-I-42-23,Kri-I-42-Gannavaram,Kondapavuluru,1,45.3,0,0,,
351,06-I-42-23,Kri-I-42-Gannavaram,Vedurupavuluru,4,490.5,0,0,,
352,06-I-42-23,Kri-I-42-Gannavaram,Surampalli,2,55.5,0,0,,
353,06-I-42-23,Kri-I-42-Gannavaram,Savarigudem,5,22.47,0,0,,
354,06-I-42-23,Kri-I-42-Gannavaram,Jakkulanekkalam,4,28.8,0,0,,
355,06-I-42-23,Kri-I-42-Gannavaram,Ramachandrapuram,3,30,0,0,,
356,06-I-42-23,Kri-I-42-Gannavaram,Veerapanenigudem,0,0,0,0,,
357,06-I-42-23,Kri-I-42-Gannavaram,Nunna,1,85,0,0,,
358,06-I-42-23,Kri-I-42-Gannavaram,K.V.Khandrika,2,36,0,0,,
359,06-I-42-23,Kri-I-42-Gannavaram,Pathapadu,2,122,0,0,,
360,06-I-42-23,Kri-I-42-Gannavaram,Nainavaram,0,0,0,0,,
361,06-I-42-23,Kri-I-42-Gannavaram,Ambapuram,1,1.22,0,0,,
362,06-I-42-23,Kri-I-42-Gannavaram,Ramavarappadu,0,0,0,0,,
363,06-I-42-23,Kri-I-42-Gannavaram,Prasadampadu,0,0,0,0,,
364,06-I-42-23,Kri-I-42-Gannavaram,Enikepadu,0,0,0,0,,
365,06-I-42-23,Kri-I-42-Gannavaram,Nidamanuru,0,0,0,0,,
366,06-I-42-23,Kri-I-42-Gannavaram,Dane Atkuru,0,0,0,0,,
367,06-I-42-23,Kri-I-42-Gannavaram,Gudavalli,0,0,0,0,,
368,06-I-42-23,Kri-I-42-Gannavaram,Gunadala,1,14.8,0,0,,
369,06-I-42-23,Kri-I-42-Gannavaram,Payakapuram,1,14,0,0,,
370,06-I-42-24,Kri-I-42-Gannavaram,Vijayawada town,0,0,0,0,,
371,06-I-42-25,Kri-I-42-Gannavaram,Bhavanipuram,0,0,0,0,,
372,06-I-42-26,Kri-I-42-Gannavaram,Patamata,0,0,0,0,,
373,0,0,0,0,0,0,0,,
374,0,0,0,0,0,0,0,,
375,0,0,0,0,0,0,0,,
376,0,0,0,0,0,0,0,,
377,0,0,0,0,0,0,0,,
378,06-I-42-16,Kri-I-42-Agiripalli,Agiripalli,8,146,0,0,,
379,06-I-42-16,Kri-I-42-Agiripalli,Thotapalli,1,16.2,0,0,,
380,06-I-42-16,Kri-I-42-Agiripalli,Nugondapalli,2,101,0,0,,
381,06-I-42-16,Kri-I-42-Agiripalli,Malliboinapalli,3,61.5,0,0,,
382,06-I-42-16,Kri-I-42-Agiripalli,Eadara,11,261,0,0,,
383,06-I-42-16,Kri-I-42-Agiripalli,Baddanapalli,11,243.1,0,0,,
384,06-I-42-16,Kri-I-42-Agiripalli,Tadepalli,2,34,0,0,,
385,06-I-42-16,Kri-I-42-Agiripalli,Vadlamanu,1,45.3,0,0,,
386,06-I-42-16,Kri-I-42-Agiripalli,Chopparametla,4,490.5,0,0,,
387,06-I-42-16,Kri-I-42-Agiripalli,Narasigapalem,2,55.5,0,0,,
388,06-I-42-16,Kri-I-42-Agiripalli,Sunkollu,5,22.47,0,0,,
389,06-I-42-16,Kri-I-42-Agiripalli,Bathulavarigudem,4,28.8,0,0,,
390,06-I-42-16,Kri-I-42-Agiripalli,Eanamadala,3,30,0,0,,
391,06-I-42-16,Kri-I-42-Agiripalli,Narsupeta,0,0,0,0,,
392,06-I-42-16,Kri-I-42-Agiripalli,Metlapalli,1,85,0,0,,
393,06-I-42-16,Kri-I-42-Agiripalli,Tempalli,2,36,0,0,,
394,06-I-42-16,Kri-I-42-Agiripalli,Chikkavaram,2,122,0,0,,
395,06-I-42-16,Kri-I-42-Agiripalli,Buthumillipadu,0,0,0,0,,
396,06-I-42-16,Kri-I-42-Agiripalli,B.B.Gudem,1,1.22,0,0,,
397,06-I-42-16,Kri-I-42-Agiripalli,Gannavaram,1,14.8,0,0,,
398,06-I-42-16,Kri-I-42-Agiripalli,Chinnaoutapalli,1,14,0,0,,
399,06-I-42-16,Kri-I-42-Agiripalli,Kesarapalli,0,0,0,0,,
400,06-I-42-16,Kri-I-42-Agiripalli,Allapuram,0,0,0,0,,
401,06-I-42-16,Kri-I-42-Agiripalli,Buddavaram,0,0,0,0,,
402,06-I-42-16,Kri-I-42-Agiripalli,Ajjempudi,0,0,0,0,,
403,06-I-42-16,Kri-I-42-Agiripalli,V.N.Puram,2,3,0,0,,
404,06-I-42-16,Kri-I-42-Agiripalli,Balliparru,1,22,0,0,,
405,06-I-42-16,Kri-I-42-Agiripalli,Pedaoutapalli,1,1.2,0,0,,
406,06-I-42-16,Kri-I-42-Agiripalli,Atkuru,0,0,0,0,,
407,06-I-42-15,Kri-I-42-Bapulapadu,Anathasagaram,1,21,1,21,,
408,06-I-42-15,Kri-I-42-Bapulapadu,Eadulagudem,3,97,3,97,,
409,06-I-42-15,Kri-I-42-Bapulapadu,Kalaturu,6,107,6,107,,
410,06-I-42-15,Kri-I-42-Bapulapadu,Krishnavaram,1,21,1,21,,
411,06-I-42-15,Kri-I-42-Bapulapadu,Suravaram,1,61,1,61,,
412,06-I-42-15,Kri-I-42-Bapulapadu,Sagguru,1,59.5,1,59.5,,
413,06-I-42-15,Kri-I-42-Bapulapadu,Ravicherla,2,34,2,34,,
414,06-I-42-15,Kri-I-42-Bapulapadu,Bapulapadu,2,8.3,0,0,,
415,06-I-42-15,Kri-I-42-Bapulapadu,Mallavalli,0,0,0,0,,
416,06-I-42-15,Kri-I-42-Bapulapadu,Remella,4,51,0,0,,
417,06-I-42-15,Kri-I-42-Bapulapadu,Singannagudem,0,0,0,0,,
418,06-I-42-15,Kri-I-42-Bapulapadu,Rangannagudem,0,0,2,26,,
419,06-I-42-15,Kri-I-42-Bapulapadu,Shobanadripuram,0,0,3,16,,
420,06-I-42-15,Kri-I-42-Bapulapadu,Veeravalli,0,0,0,0,,
421,06-I-42-15,Kri-I-42-Bapulapadu,Kodurupadu,7,138,0,0,,
422,06-I-42-15,Kri-I-42-Bapulapadu,Ampapuram,0,0,0,0,,
423,06-I-42-15,Kri-I-42-Bapulapadu,Veleru,9,104,0,0,,
424,06-I-42-15,Kri-I-42-Bapulapadu,Seri Narasannapalem,1,10,0,0,,
425,06-I-42-15,Kri-I-42-Bapulapadu,Bandarugudem,2,13,0,0,,
426,06-I-42-15,Kri-I-42-Bapulapadu,Sagguru Amani,1,5,0,0,,
427,06-I-40-13,Kri-I-40-Musunuru,Ramanakkapeta,,,2,34.61,,
428,06-I-40-13,Kri-I-40-Musunuru,Surepalli,,,2,61.55,,
429,06-I-40-13,Kri-I-40-Musunuru,Lopudi,,,10,152.46,,
430,06-I-40-13,Kri-I-40-Musunuru,Gullapudi,,,7,350,,
431,06-I-40-13,Kri-I-40-Musunuru,Chekkapalli,,,8,221.25,,
432,06-I-40-13,Kri-I-40-Musunuru,Akkireddigudem,,,6,67,,
433,06-I-40-13,Kri-I-40-Musunuru,Chintalavalli,,,3,77.15,,
434,06-I-40-13,Kri-I-40-Musunuru,Musunuru,,,5,115,,
435,06-I-40-13,Kri-I-40-Musunuru,Yallapurm,,,2,52.9,,
436,06-I-40-13,Kri-I-40-Musunuru,Gopavaram,,,11,80.97,,
437,06-I-40-13,Kri-I-40-Musunuru,Katrenipadu,,,8,80.85,,
438,06-I-40-13,Kri-I-40-Musunuru,Tallavalli,,,0,0,,
439,06-I-40-16,Kri-I-42-Chillaboinapalli,Balive,,,2,16.19,,
440,06-I-40-16,Kri-I-42-Chillaboinapalli,Velupucherla,,,6,56.62,,
441,06-I-40-16,Kri-I-42-Chillaboinapalli,Chillaboinapalli,,,3,14.4,,
442,06-I-40-16,Kri-I-42-Chillaboinapalli,Madicherla,,,2,72.87,,
443,06-I-42-24,Kri-I-42-Unguturu,Thelaprolu,0,0,0,0,,
444,06-I-42-24,Kri-I-42-Unguturu,Pottipadu,0,0,0,0,,
445,06-I-42-24,Kri-I-42-Unguturu,Tharigoppulakandrika,0,0,0,0,,
446,06-I-42-24,Kri-I-42-Unguturu,Velinuthala,0,0,0,0,,
447,06-I-42-24,Kri-I-42-Unguturu,Thuttagunta,0,0,0,0,,
448,06-I-42-24,Kri-I-42-Unguturu,Ponukumadu,0,0,0,0,,
449,06-I-42-24,Kri-I-42-Unguturu,Garapadu,0,0,0,0,,
450,06-I-42-24,Kri-I-42-Unguturu,Dibbanapudi,0,0,0,0,,
451,06-I-42-24,Kri-I-42-Unguturu,Amudalapalli,0,0,0,0,,
452,06-I-42-24,Kri-I-42-Unguturu,Unguturu,0,0,0,0,,
453,06-I-42-24,Kri-I-42-Unguturu,Nagavarappadu,0,0,0,0,,
454,06-I-42-24,Kri-I-42-Unguturu,Veldipadu,0,0,0,0,,
455,06-I-42-24,Kri-I-42-Unguturu,Tharigoppula,0,0,0,0,,
456,06-I-42-24,Kri-I-42-Unguturu,Vempadu,0,0,0,0,,
457,06-I-42-24,Kri-I-42-Unguturu,Bokinala,0,0,0,0,,
458,06-I-42-24,Kri-I-42-Unguturu,Manikonda,0,0,0,0,,
459,06-I-42-24,Kri-I-42-Unguturu,Chikinala,0,0,0,0,,
460,06-I-42-24,Kri-I-42-Unguturu,Chagantipadu,0,0,0,0,,
461,06-I-42-24,Kri-I-42-Unguturu,Veldipadu kandrika,0,0,0,0,,
462,06-I-42-24,Kri-I-42-Unguturu,Ondrampadu,0,0,0,0,,
463,06-I-42-24,Kri-I-42-Unguturu,Elukapadu,0,0,0,0,,
464,06-I-42-24,Kri-I-42-Unguturu,Lankapalliagraharam,0,0,0,0,,
465,06-I-42-24,Kri-I-42-Unguturu,Mukkapadu,0,0,0,0,,
466,06-I-42-24,Kri-I-42-Unguturu,Koyyagurapadu,0,0,0,0,,
467,06-I-42-24,Kri-I-42-Unguturu,Nandamuru,0,0,0,0,,
468,06-I-42-24,Kri-I-42-Unguturu,Madhirapadu,0,0,0,0,,
469,06-I-42-24,Kri-I-42-Unguturu,Indupalli,0,0,0,0,,
470,06-I-42-24,Kri-I-42-Unguturu,Vemanda,0,0,0,0,,
471,06-I-42-15,Kri-I-42-Bapulapadu delta,Venkatarajugudem,0,0,0,0,,
472,06-I-42-15,Kri-I-42-Bapulapadu delta,Tippanagunta,0,0,0,0,,
473,06-I-42-15,Kri-I-42-Bapulapadu delta,Kanumolu,0,0,0,0,,
474,06-I-42-15,Kri-I-42-Bapulapadu delta,Dantagunta,0,0,0,0,,
475,06-I-42-15,Kri-I-42-Bapulapadu delta,Kakulapadu,0,0,0,0,,
476,06-I-42-15,Kri-I-42-Bapulapadu delta,Ramannagudem,0,0,0,0,,
477,06-I-42-15,Kri-I-42-Bapulapadu delta,Ogirala,0,0,0,0,,
478,06-I-42-15,Kri-I-42-Bapulapadu delta,Kuripirala,0,0,0,0,,
479,06-I-42-15,Kri-I-42-Bapulapadu delta,Arugolanu,0,0,0,0,,
480,06-I-42-15,Kri-I-42-Bapulapadu delta,Chirivada,0,0,0,0,,
481,06-I-42-15,Kri-I-42-Bapulapadu delta,Venkatapuram,0,0,0,0,,
482,06-I-52-35,Kri-I-52-Penamaluru,Kanuru,0,0,0,0,,
483,06-I-52-35,Kri-I-52-Penamaluru,Poranki,0,0,0,0,,
484,06-I-52-35,Kri-I-52-Penamaluru,Pedapulipaka,0,0,0,0,,
485,06-I-52-35,Kri-I-52-Penamaluru,Penamaluru,0,0,0,0,,
486,06-I-52-35,Kri-I-52-Penamaluru,Ganguru,0,0,0,0,,
487,06-I-52-35,Kri-I-52-Penamaluru,Chodavaram,0,0,0,0,,
488,06-I-52-35,Kri-I-52-Penamaluru,Yanamalakuduru,0,0,0,0,,
489,06-I-52-35,Kri-I-52-Penamaluru,Tadigadapa,0,0,0,0,,
490,06-I-52-35,Kri-I-52-Penamaluru,Gosala,0,0,0,0,,
491,06-I-52-35,Kri-I-52-Penamaluru,Vanukuru,0,0,0,0,,
492,06-I-52-34,Kri-I-52-Kankipadu,Uppuluru,0,0,0,0,,
493,06-I-52-34,Kri-I-52-Kankipadu,Kunderu,0,0,0,0,,
494,06-I-52-34,Kri-I-52-Kankipadu,Kandulampadu,0,0,0,0,,
495,06-I-52-34,Kri-I-52-Kankipadu,Neppalli,0,0,0,0,,
496,06-I-52-34,Kri-I-52-Kankipadu,Kolavennu,0,0,0,0,,
497,06-I-52-34,Kri-I-52-Kankipadu,Punadipadu,0,0,0,0,,
498,06-I-52-34,Kri-I-52-Kankipadu,Tenneru,0,0,0,0,,
499,06-I-52-34,Kri-I-52-Kankipadu,Maredumaka,0,0,0,0,,
500,06-I-52-34,Kri-I-52-Kankipadu,Kankipadu,0,0,0,0,,
501,06-I-52-34,Kri-I-52-Kankipadu,Konathanapadu,0,0,0,0,,
502,06-I-52-34,Kri-I-52-Kankipadu,Prodduturu,0,0,0,0,,
503,06-I-52-34,Kri-I-52-Kankipadu,Godavarru,0,0,0,0,,
504,06-I-52-34,Kri-I-52-Kankipadu,Edupugallu,0,0,0,0,,
505,06-I-52-34,Kri-I-52-Kankipadu,Madduru,0,0,0,0,,
506,06-I-52-34,Kri-I-52-Kankipadu,Jagannathapuram,0,0,0,0,,
507,06-I-52-34,Kri-I-52-Kankipadu,Davuluru,0,0,0,0,,
508,06-I-52-34,Kri-I-52-Kankipadu,Chalivendrapalem,0,0,0,0,,
509,06-I-52-34,Kri-I-52-Kankipadu,Mantena,0,0,0,0,,
510,06-I-52-34,Kri-I-52-Kankipadu,Velpuru,0,0,0,0,,
511,06-I-52-38,Kri-I-52-Vuyyuru,Vuyyuru(Rural),0,0,0,0,,
512,06-I-52-38,Kri-I-52-Vuyyuru,Ramachandrapuram,0,0,0,0,,
513,06-I-52-38,Kri-I-52-Vuyyuru,Kadavatikollu,0,0,0,0,,
514,06-I-52-38,Kri-I-52-Vuyyuru,Veeravalli mukasa,0,0,0,0,,
515,06-I-52-38,Kri-I-52-Vuyyuru,Katuru,0,0,0,0,,
516,06-I-52-38,Kri-I-52-Vuyyuru,Kaluvapamula,0,0,0,0,,
517,06-I-52-38,Kri-I-52-Vuyyuru,Bollapadu,0,0,0,0,,
518,06-I-52-38,Kri-I-52-Vuyyuru,Jabbarlapudi,0,0,0,0,,
519,06-I-52-38,Kri-I-52-Vuyyuru,Saipuram,0,0,0,0,,
520,06-I-52-38,Kri-I-52-Vuyyuru,Mudunuru,0,0,0,0,,
521,06-I-52-38,Kri-I-52-Vuyyuru,Pedavogirala,0,0,0,0,,
522,06-I-52-38,Kri-I-52-Vuyyuru,Akunuru,0,0,0,0,,
523,06-I-52-38,Kri-I-52-Vuyyuru,Chinavogirala,0,0,0,0,,
524,06-I-52-33,Kri-I-52-Pedaparupudi,Yelamarru,0,0,0,0,,
525,06-I-52-33,Kri-I-52-Pedaparupudi,Chinaparapudi,0,0,0,0,,
526,06-I-52-33,Kri-I-52-Pedaparupudi,Edulamaddali,0,0,0,0,,
527,06-I-52-33,Kri-I-52-Pedaparupudi,Pedaparapudi,0,0,0,0,,
528,06-I-52-33,Kri-I-52-Pedaparupudi,Juvvanapudi,0,0,0,0,,
529,06-I-52-33,Kri-I-52-Pedaparupudi,Appikatla,0,0,0,0,,
530,06-I-52-33,Kri-I-52-Pedaparupudi,Vanapamula,0,0,0,0,,
531,06-I-52-33,Kri-I-52-Pedaparupudi,Kornipadu,0,0,0,0,,
532,06-I-52-33,Kri-I-52-Pedaparupudi,Ravulapadu,0,0,0,0,,
533,06-I-52-33,Kri-I-52-Pedaparupudi,Gurivindagunta,0,0,0,0,,
534,06-I-52-33,Kri-I-52-Pedaparupudi,Maheswarapuram,0,0,0,0,,
535,06-I-52-33,Kri-I-52-Pedaparupudi,Pamulapadu,0,0,0,0,,
536,06-I-52-33,Kri-I-52-Pedaparupudi,Ventrapragada,0,0,0,0,,
537,06-I-52-33,Kri-I-52-Pedaparupudi,Somavarappadu,0,0,0,0,,
538,06-I-52-33,Kri-I-52-Pedaparupudi,Moparru,0,0,0,0,,
539,06-I-52-33,Kri-I-52-Pedaparupudi,Jamidintakorru,0,0,0,0,,
540,06-I-52-33,Kri-I-52-Pedaparupudi,Vinjarampadu,0,0,0,0,,
541,06-I-52-33,Kri-I-52-Pedaparupudi,Bhushanagulla,0,0,0,0,,
542,06-I-52-32,Kri-I-52-Gudivada,Lingavaram,0,0,0,0,,
543,06-I-52-32,Kri-I-52-Gudivada,Merakagudem,0,0,0,0,,
544,06-I-52-32,Kri-I-52-Gudivada,Serigolvepalli,0,0,0,0,,
545,06-I-52-32,Kri-I-52-Gudivada,Guntakoduru,0,0,0,0,,
546,06-I-52-32,Kri-I-52-Gudivada,Moturu,0,0,0,0,,
547,06-I-52-32,Kri-I-52-Gudivada,Saidepudi,0,0,0,0,,
548,06-I-52-32,Kri-I-52-Gudivada,Dondapadu,0,0,0,0,,
549,06-I-52-32,Kri-I-52-Gudivada,Chilakamudi,0,0,0,0,,
550,06-I-52-32,Kri-I-52-Gudivada,Valivarthipadu,0,0,0,0,,
551,06-I-52-32,Kri-I-52-Gudivada,Nagavarappadu (Gudivada (M),0,0,0,0,,
552,06-I-52-32,Kri-I-52-Gudivada,Bethavolu,0,0,0,0,,
553,06-I-52-32,Kri-I-52-Gudivada,Pedayerukapadu,0,0,0,0,,
554,06-I-52-32,Kri-I-52-Gudivada,Mandapadu,0,0,0,0,,
555,06-I-52-32,Kri-I-52-Gudivada,Billapadu,0,0,0,0,,
556,06-I-52-32,Kri-I-52-Gudivada,Chinayerukapadu,0,0,0,0,,
557,06-I-52-32,Kri-I-52-Gudivada,Bommuluru,0,0,0,0,,
558,06-I-52-32,Kri-I-52-Gudivada,Gangadharapuram,0,0,0,0,,
559,06-I-52-32,Kri-I-52-Gudivada,Gudivada,0,0,0,0,,
560,06-I-52-32,Kri-I-52-Gudivada,Chowtapalli,0,0,0,0,,
561,06-I-52-32,Kri-I-52-Gudivada,Kalvapudiagraharam,0,0,0,0,,
562,06-I-52-32,Kri-I-52-Gudivada,Seridintikurru,0,0,0,0,,
563,06-I-52-32,Kri-I-52-Gudivada,Siddantham,0,0,0,0,,
564,06-I-52-32,Kri-I-52-Gudivada,Ramachanrapuram,0,0,0,0,,
565,06-I-52-32,Kri-I-52-Gudivada,Serivelpuru,0,0,0,0,,
566,06-I-52-32,Kri-I-52-Gudivada,Seepudi,0,0,0,0,,
567,06-I-52-32,Kri-I-52-Gudivada,Kasipudi,0,0,0,0,,
568,06-I-52-32,Kri-I-52-Gudivada,Allidoddi,0,0,0,0,,
569,06-I-52-32,Kri-I-52-Gudivada,Tattivarru,0,0,0,0,,
570,06-I-52-32,Kri-I-52-Gudivada,Ramanapudi,0,0,0,0,,
571,06-I-52-32,Kri-I-52-Gudivada,Chirichintala,0,0,0,0,,
572,06-I-52-36,Kri-I-52-Thotlavalluru,North valluru,0,0,0,0,,
573,06-I-52-36,Kri-I-52-Thotlavalluru,South valluru,0,0,0,0,,
574,06-I-52-36,Kri-I-52-Thotlavalluru,Royyuru,0,0,0,0,,
575,06-I-52-36,Kri-I-52-Thotlavalluru,Chagantipadu,0,0,0,0,,
576,06-I-52-36,Kri-I-52-Thotlavalluru,Devarapalli,0,0,0,0,,
577,06-I-52-36,Kri-I-52-Thotlavalluru,Penamakuru,0,0,0,0,,
578,06-I-52-36,Kri-I-52-Thotlavalluru,Garikaparru,0,0,0,0,,
579,06-I-52-36,Kri-I-52-Thotlavalluru,Boddapadu,0,0,0,0,,
580,06-I-52-36,Kri-I-52-Thotlavalluru,Chinapulipaka,0,0,0,0,,
581,06-I-52-36,Kri-I-52-Thotlavalluru,Kummamuru,0,0,0,0,,
582,06-I-52-36,Kri-I-52-Thotlavalluru,Kanakavalli,0,0,0,0,,
583,06-I-52-36,Kri-I-52-Thotlavalluru,Yekamuru,0,0,0,0,,
584,06-I-52-36,Kri-I-52-Thotlavalluru,Gurivindapalli,0,0,0,0,,
585,06-I-52-36,Kri-I-52-Thotlavalluru,Madhurapuram,0,0,0,0,,
586,06-I-52-36,Kri-I-52-Thotlavalluru,Molakalapalli,0,0,0,0,,
587,06-I-52-36,Kri-I-52-Thotlavalluru,Iluru,0,0,0,0,,
588,06-I-52-37,Kri-I-52-Pamidimukkala,Kapileswarapuram,0,0,0,0,,
589,06-I-52-37,Kri-I-52-Pamidimukkala,Hanumanthapuram,0,0,0,0,,
590,06-I-52-37,Kri-I-52-Pamidimukkala,Mullapudi,0,0,0,0,,
591,06-I-52-37,Kri-I-52-Pamidimukkala,Velpuru,0,0,0,0,,
592,06-I-52-37,Kri-I-52-Pamidimukkala,Gurralanka,0,0,0,0,,
593,06-I-52-37,Kri-I-52-Pamidimukkala,Pamidimukkala,0,0,0,0,,
594,06-I-52-37,Kri-I-52-Pamidimukkala,Agniparru,0,0,0,0,,
595,06-I-52-37,Kri-I-52-Pamidimukkala,Mamillapalli,0,0,0,0,,
596,06-I-52-37,Kri-I-52-Pamidimukkala,Penumatcha,0,0,0,0,,
597,06-I-52-37,Kri-I-52-Pamidimukkala,Krishnapuram,0,0,0,0,,
598,06-I-52-37,Kri-I-52-Pamidimukkala,Choragudi,0,0,0,0,,
599,06-I-52-37,Kri-I-52-Pamidimukkala,Srirangapuram,0,0,0,0,,
600,06-I-52-37,Kri-I-52-Pamidimukkala,Meduru,0,0,0,0,,
601,06-I-52-37,Kri-I-52-Pamidimukkala,Chennuripalem,0,0,0,0,,
602,06-I-52-37,Kri-I-52-Pamidimukkala,Paidikondalavaripalem,0,0,0,0,,
603,06-I-52-37,Kri-I-52-Pamidimukkala,Veeranki,0,0,0,0,,
604,06-I-52-37,Kri-I-52-Pamidimukkala,Ameenapuram,0,0,0,0,,
605,06-I-52-37,Kri-I-52-Pamidimukkala,Kuderu,0,0,0,0,,
606,06-I-52-37,Kri-I-52-Pamidimukkala,Lankapalli,0,0,0,0,,
607,06-I-52-37,Kri-I-52-Pamidimukkala,Lankapallilanka,0,0,0,0,,
608,06-I-52-37,Kri-I-52-Pamidimukkala,Phatelanka,0,0,0,0,,
609,06-I-52-37,Kri-I-52-Pamidimukkala,Inapuru,0,0,0,0,,
610,06-I-52-37,Kri-I-52-Pamidimukkala,Mantada,0,0,0,0,,
611,06-I-52-37,Kri-I-52-Pamidimukkala,Tadanki,0,0,0,0,,
612,06-I-52-37,Kri-I-52-Pamidimukkala,Inampudi,0,0,0,0,,
613,06-I-52-37,Kri-I-52-Pamidimukkala,Gurajada,0,0,0,0,,
614,06-I-52-37,Kri-I-52-Pamidimukkala,Gopuvanipalem,0,0,0,0,,
615,06-I-52-37,Kri-I-52-Pamidimukkala,Marrivada,0,0,0,0,,
616,06-I-52-39,Kri-I-52-Pamarru,Pamarru,0,0,0,0,,
617,06-I-52-39,Kri-I-52-Pamarru,Kanumuru,0,0,0,0,,
618,06-I-52-39,Kri-I-52-Pamarru,Kurumaddali,0,0,0,0,,
619,06-I-52-39,Kri-I-52-Pamarru,Uruturu,0,0,0,0,,
620,06-I-52-39,Kri-I-52-Pamarru,Balliparru,0,0,0,0,,
621,06-I-52-39,Kri-I-52-Pamarru,Raparla,0,0,0,0,,
622,06-I-52-39,Kri-I-52-Pamarru,Jamidaggumilli,0,0,0,0,,
623,06-I-52-39,Kri-I-52-Pamarru,Polavaram,0,0,0,0,,
624,06-I-52-39,Kri-I-52-Pamarru,Undrapudi,0,0,0,0,,
625,06-I-52-39,Kri-I-52-Pamarru,Jujjavaram,0,0,0,0,,
626,06-I-52-39,Kri-I-52-Pamarru,Pasumarru,0,0,0,0,,
627,06-I-52-39,Kri-I-52-Pamarru,Kapavaram,0,0,0,0,,
628,06-I-52-39,Kri-I-52-Pamarru,Nimmakuru,0,0,0,0,,
629,06-I-52-39,Kri-I-52-Pamarru,Nibhanupudi,0,0,0,0,,
630,06-I-52-39,Kri-I-52-Pamarru,Nimmaluru,0,0,0,0,,
631,06-I-52-39,Kri-I-52-Pamarru,Parakarala,0,0,0,0,,
632,06-I-52-39,Kri-I-52-Pamarru,Yelakuru,0,0,0,0,,
633,06-I-52-39,Kri-I-52-Pamarru,Kondiparru,0,0,0,0,,
634,06-I-52-39,Kri-I-52-Pamarru,Remmanapudi,0,0,0,0,,
635,06-I-52-39,Kri-I-52-Pamarru,Pedamaddali,0,0,0,0,,
636,06-I-52-39,Kri-I-52-Pamarru,Addada,0,0,0,0,,
637,06-I-52-39,Kri-I-52-Pamarru,Inampudi,0,0,0,0,,
638,06-I-52-39,Kri-I-52-Pamarru,Jamigolvepalli,0,0,0,0,,
639,06-I-52-39,Kri-I-52-Pamarru,Komaravolu,0,0,0,0,,
640,06-I-52-39,Kri-I-52-Pamarru,Mallavaram,0,0,0,0,,
641,06-I-52-39,Kri-I-52-Pamarru,Mir-imam-palem,0,0,0,0,,
642,06-I-52-17,Kri-I-52-Movva,Movva,0,0,0,0,,
643,06-I-52-17,Kri-I-52-Movva,Kuchipudi,0,0,0,0,,
644,06-I-52-17,Kri-I-52-Movva,Pedapudi,0,0,0,0,,
645,06-I-52-17,Kri-I-52-Movva,Batlapenumarru,0,0,0,0,,
646,06-I-52-17,Kri-I-52-Movva,Pedasanagallu,0,0,0,0,,
647,06-I-52-17,Kri-I-52-Movva,Barlapudi,0,0,0,0,,
648,06-I-52-17,Kri-I-52-Movva,Yeddanapudi,0,0,0,0,,
649,06-I-52-17,Kri-I-52-Movva,Avurupudi,0,0,0,0,,
650,06-I-52-17,Kri-I-52-Movva,Ayyanki,0,0,0,0,,
651,06-I-52-17,Kri-I-52-Movva,Gudapadu,0,0,0,0,,
652,06-I-52-17,Kri-I-52-Movva,Nidumolu,0,0,0,0,,
653,06-I-52-17,Kri-I-52-Movva,Palankipadu,0,0,0,0,,
654,06-I-52-17,Kri-I-52-Movva,Kosuru,0,0,0,0,,
655,06-I-52-17,Kri-I-52-Movva,Pedamuttevi,0,0,0,0,,
656,06-I-52-17,Kri-I-52-Movva,Vemulamada,0,0,0,0,,
657,06-I-52-17,Kri-I-52-Movva,Chinamuttevi,0,0,0,0,,
658,06-I-52-17,Kri-I-52-Movva,Kaza,0,0,0,0,,
659,06-I-52-44,Kri-I-52-Ghantasala,Gantasala,0,0,0,0,,
660,06-I-52-44,Kri-I-52-Ghantasala,Kothapalli,0,0,0,0,,
661,06-I-52-44,Kri-I-52-Ghantasala,Tadepalli,0,0,0,0,,
662,06-I-52-44,Kri-I-52-Ghantasala,Teluguravupalem,0,0,0,0,,
663,06-I-52-44,Kri-I-52-Ghantasala,Kodali,0,0,0,0,,
664,06-I-52-44,Kri-I-52-Ghantasala,Srikakulam,0,0,0,0,,
665,06-I-52-44,Kri-I-52-Ghantasala,Chinakallepalli,0,0,0,0,,
666,06-I-52-44,Kri-I-52-Ghantasala,Vemulapalli,0,0,0,0,,
667,06-I-52-44,Kri-I-52-Ghantasala,Devarakota,0,0,0,0,,
668,06-I-52-44,Kri-I-52-Ghantasala,Birudagadda,0,0,0,0,,
669,06-I-52-44,Kri-I-52-Ghantasala,Yelakalakuduru,0,0,0,0,,
670,06-I-52-44,Kri-I-52-Ghantasala,Bollapadu,0,0,0,0,,
671,06-I-52-44,Kri-I-52-Ghantasala,Chitturu,0,0,0,0,,
672,06-I-52-44,Kri-I-52-Ghantasala,Pooshadam,0,0,0,0,,
673,06-I-52-44,Kri-I-52-Ghantasala,Lankapalli,0,0,0,0,,
674,06-I-52-44,Kri-I-52-Ghantasala,Yendakuduru,0,0,0,0,,
675,06-I-52-44,Kri-I-52-Ghantasala,Chilakalapudi,0,0,0,0,,
676,06-I-52-44,Kri-I-52-Ghantasala,V.Rudravaram,0,0,0,0,,
677,06-I-52-44,Kri-I-52-Ghantasala,Mallampalli,0,0,0,0,,
678,06-I-52-44,Kri-I-52-Ghantasala,Daliparru,0,0,0,0,,
679,06-I-52-44,Kri-I-52-Ghantasala,Chitturpu,0,0,0,0,,
680,06-I-52-46,Kri-I-52-Challapalli,Challapalli,0,0,0,0,,
681,06-I-52-46,Kri-I-52-Challapalli,Nadakuduru,0,0,0,0,,
682,06-I-52-46,Kri-I-52-Challapalli,Puritigadda,0,0,0,0,,
683,06-I-52-46,Kri-I-52-Challapalli,Yarlagadda,0,0,0,0,,
684,06-I-52-46,Kri-I-52-Challapalli,Nimmagadda,0,0,0,0,,
685,06-I-52-46,Kri-I-52-Challapalli,Chidepudi,0,0,0,0,,
686,06-I-52-46,Kri-I-52-Challapalli,Velivolu,0,0,0,0,,
687,06-I-52-46,Kri-I-52-Challapalli,Pagolu,0,0,0,0,,
688,06-I-52-46,Kri-I-52-Challapalli,Lakshmipuram,0,0,0,0,,
689,06-I-52-46,Kri-I-52-Challapalli,Mangalapuram,0,0,0,0,,
690,06-I-52-46,Kri-I-52-Challapalli,Vakkalagadda,0,0,0,0,,
691,06-I-52-46,Kri-I-52-Challapalli,Majeru,0,0,0,0,,
692,06-I-52-47,Kri-I-52-Mopidevi,Kokkiligadda,0,0,0,0,,
693,06-I-52-47,Kri-I-52-Mopidevi,Pedaprolu,0,0,0,0,,
694,06-I-52-47,Kri-I-52-Mopidevi,Kaptanupalem,0,0,0,0,,
695,06-I-52-47,Kri-I-52-Mopidevi,Mopidevi,0,0,0,0,,
696,06-I-52-47,Kri-I-52-Mopidevi,Pedakallepalli,0,0,0,0,,
697,06-I-52-47,Kri-I-52-Mopidevi,Tekupalli,0,0,0,0,,
698,06-I-52-47,Kri-I-52-Mopidevi,Merakanapalli,0,0,0,0,,
699,06-I-52-47,Kri-I-52-Mopidevi,Melamarti lanka,0,0,0,0,,
700,06-I-52-47,Kri-I-52-Mopidevi,North chiruvolulanka,0,0,0,0,,
701,06-I-52-47,Kri-I-52-Mopidevi,Mopidevi lanka,0,0,0,0,,
702,06-I-52-47,Kri-I-52-Mopidevi,Venkatapuram,0,0,0,0,,
703,06-I-52-47,Kri-I-52-Mopidevi,Annavaram,0,0,0,0,,
704,06-I-52-47,Kri-I-52-Mopidevi,Ayodya,0,0,0,0,,
705,06-I-52-47,Kri-I-52-Mopidevi,Mellamarru,0,0,0,0,,
706,06-I-52-47,Kri-I-52-Mopidevi,Chiruvolu,0,0,0,0,,
707,06-I-52-47,Kri-I-52-Mopidevi,Nagayathippa,0,0,0,0,,
708,06-I-52-47,Kri-I-52-Mopidevi,Bobbarlanka,0,0,0,0,,
709,06-I-52-48,Avanigadda,Puligadda,,,,,,
710,06-I-52-48,Avanigadda,Modumudi,,,,,,
711,06-I-52-48,Avanigadda,Avanigadda,,,,,,
712,06-I-52-48,Avanigadda,Edlalanka,,,,,,
713,06-I-52-48,Avanigadda,Vekanuru,,,,,,
714,06-I-52-48,Avanigadda,Aswaraopalem,,,,,,
715,06-I-52-48,Avanigadda,South Chiruvolulanka,,,,,,
716,06-I-52-25,Kri-I-52-Nandiwada,Oddulameraka,0,0,0,0,,
717,06-I-52-25,Kri-I-52-Nandiwada,Aripirala,0,0,0,0,,
718,06-I-52-25,Kri-I-52-Nandiwada,Ramapuram,0,0,0,0,,
719,06-I-52-25,Kri-I-52-Nandiwada,Kudaravalli,0,0,0,0,,
720,06-I-52-25,Kri-I-52-Nandiwada,Pedaverivada,0,0,0,0,,
721,06-I-52-25,Kri-I-52-Nandiwada,Thummalapalli,0,0,0,0,,
722,06-I-52-25,Kri-I-52-Nandiwada,Nandivada,0,0,0,0,,
723,06-I-52-25,Kri-I-52-Nandiwada,Vennanapudi,0,0,0,0,,
724,06-I-52-25,Kri-I-52-Nandiwada,Srinivasapuram,0,0,0,0,,
725,06-I-52-25,Kri-I-52-Nandiwada,Nuthalapadu,0,0,0,0,,
726,06-I-52-25,Kri-I-52-Nandiwada,Janardhanapuram,0,0,0,0,,
727,06-I-52-25,Kri-I-52-Nandiwada,Thamirisa,0,0,0,0,,
728,06-I-52-25,Kri-I-52-Nandiwada,Dandiganapudi,0,0,0,0,,
729,06-I-52-25,Kri-I-52-Nandiwada,Gandepudi,0,0,0,0,,
730,06-I-52-25,Kri-I-52-Nandiwada,Amanapudi,0,0,0,0,,
731,06-I-52-25,Kri-I-52-Nandiwada,Ilaparru,0,0,0,0,,
732,06-I-52-25,Kri-I-52-Nandiwada,Polukonda,0,0,0,0,,
733,06-I-52-25,Kri-I-52-Nandiwada,Rudrapaka,0,0,0,0,,
734,06-I-52-25,Kri-I-52-Nandiwada,Chadurtipadu,0,0,0,0,,
735,06-I-52-25,Kri-I-52-Nandiwada,Pedalingala,0,0,0,0,,
736,06-I-52-25,Kri-I-52-Nandiwada,Chinalingala,0,0,0,0,,
737,06-I-52-25,Kri-I-52-Nandiwada,Puttagunta,0,0,0,0,,
738,06-I-52-26,Kri-I-52-Mandavalli,Mandavalli,0,0,0,0,,
739,06-I-52-26,Kri-I-52-Mandavalli,Appapuram,0,0,0,0,,
740,06-I-52-26,Kri-I-52-Mandavalli,Sobhanadripuram,0,0,0,0,,
741,06-I-52-26,Kri-I-52-Mandavalli,Bhairavapatnam,0,0,0,0,,
742,06-I-52-26,Kri-I-52-Mandavalli,Lokamudi,0,0,0,0,,
743,06-I-52-26,Kri-I-52-Mandavalli,Chavalipadu,0,0,0,0,,
744,06-I-52-26,Kri-I-52-Mandavalli,Ayyavarirudravaram,0,0,0,0,,
745,06-I-52-26,Kri-I-52-Mandavalli,Chintapadu,0,0,0,0,,
746,06-I-52-26,Kri-I-52-Mandavalli,Dayyampadu,0,0,0,0,,
747,06-I-52-26,Kri-I-52-Mandavalli,Pillipadu,0,0,0,0,,
748,06-I-52-26,Kri-I-52-Mandavalli,Pulaparru,0,0,0,0,,
749,06-I-52-26,Kri-I-52-Mandavalli,Kovvadalanka,0,0,0,0,,
750,06-I-52-26,Kri-I-52-Mandavalli,Munuguru,0,0,0,0,,
751,06-I-52-26,Kri-I-52-Mandavalli,Nutchimilli,0,0,0,0,,
752,06-I-52-26,Kri-I-52-Mandavalli,Ingilipakalanka,0,0,0,0,,
753,06-I-52-26,Kri-I-52-Mandavalli,Nandigamalanka,0,0,0,0,,
754,06-I-52-26,Kri-I-52-Mandavalli,Penumakalanka,0,0,0,0,,
755,06-I-52-26,Kri-I-52-Mandavalli,Mokasakalavapudi,0,0,0,0,,
756,06-I-52-26,Kri-I-52-Mandavalli,Gannavaram,0,0,0,0,,
757,06-I-52-26,Kri-I-52-Mandavalli,Mudutallapadu,0,0,0,0,,
758,06-I-52-26,Kri-I-52-Mandavalli,Takkellapadu,0,0,0,0,,
759,06-I-52-26,Kri-I-52-Mandavalli,Prathipadu,0,0,0,0,,
760,06-I-52-26,Kri-I-52-Mandavalli,Singanapudi,0,0,0,0,,
761,06-I-52-26,Kri-I-52-Mandavalli,Unikili,0,0,0,0,,
762,06-I-52-27,Kri-I-52-Kaikaluru,Kolletikota,0,0,0,0,,
763,06-I-52-27,Kri-I-52-Kaikaluru,Kottada,0,0,0,0,,
764,06-I-52-27,Kri-I-52-Kaikaluru,Penchikalamarru,0,0,0,0,,
765,06-I-52-27,Kri-I-52-Kaikaluru,Pallevada,0,0,0,0,,
766,06-I-52-27,Kri-I-52-Kaikaluru,Bhujabalapatnam,0,0,0,0,,
767,06-I-52-27,Kri-I-52-Kaikaluru,Singapuram,0,0,0,0,,
768,06-I-52-27,Kri-I-52-Kaikaluru,Gonepadu,0,0,0,0,,
769,06-I-52-27,Kri-I-52-Kaikaluru,Atapaka,0,0,0,0,,
770,06-I-52-27,Kri-I-52-Kaikaluru,Kaikaluru,0,0,0,0,,
771,06-I-52-27,Kri-I-52-Kaikaluru,Achavaram,0,0,0,0,,
772,06-I-52-27,Kri-I-52-Kaikaluru,Vinjaram,0,0,0,0,,
773,06-I-52-27,Kri-I-52-Kaikaluru,Syamalambhapuram,0,0,0,0,,
774,06-I-52-27,Kri-I-52-Kaikaluru,Thamarakollu,0,0,0,0,,
775,06-I-52-27,Kri-I-52-Kaikaluru,Gopavaram,0,0,0,0,,
776,06-I-52-27,Kri-I-52-Kaikaluru,Rachapatnam,0,0,0,0,,
777,06-I-52-27,Kri-I-52-Kaikaluru,Varahapatnam,0,0,0,0,,
778,06-I-52-27,Kri-I-52-Kaikaluru,Vadarlapadu,0,0,0,0,,
779,06-I-52-27,Kri-I-52-Kaikaluru,Seethanapalli,0,0,0,0,,
780,06-I-52-27,Kri-I-52-Kaikaluru,Doddipatla,0,0,0,0,,
781,06-I-52-27,Kri-I-52-Kaikaluru,Ramavaram,0,0,0,0,,
782,06-I-52-27,Kri-I-52-Kaikaluru,Alapadu,0,0,0,0,,
783,06-I-52-27,Kri-I-52-Kaikaluru,Someswaram,0,0,0,0,,
784,06-I-52-27,Kri-I-52-Kaikaluru,Vemavarappadu,0,0,0,0,,
785,06-I-52-28,Kri-I-52-Kalidindi,Kalidindi,23,0,0,0,,
786,06-I-52-28,Kri-I-52-Kalidindi,Tadinada,7,0,0,0,,
787,06-I-52-28,Kri-I-52-Kalidindi,Konduru,3,0,0,0,,
788,06-I-52-28,Kri-I-52-Kalidindi,Kollapalem,7,0,0,0,,
789,06-I-52-28,Kri-I-52-Kalidindi,Pothumarru,9,0,0,0,,
790,06-I-52-28,Kri-I-52-Kalidindi,Venkatapuram,5,0,0,0,,
791,06-I-52-28,Kri-I-52-Kalidindi,Amaravathi,4,0,0,0,,
792,06-I-52-28,Kri-I-52-Kalidindi,Kondangi,6,0,0,0,,
793,06-I-52-28,Kri-I-52-Kalidindi,Mattagunta,4,0,0,0,,
794,06-I-52-28,Kri-I-52-Kalidindi,Pedalanka,18,0,0,0,,
795,06-I-52-28,Kri-I-52-Kalidindi,Sanarudravaram,9,0,0,0,,
796,06-I-52-28,Kri-I-52-Kalidindi,Avakuru,3,0,0,0,,
797,06-I-52-28,Kri-I-52-Kalidindi,Korukollu,5,0,0,0,,
798,06-I-52-28,Kri-I-52-Kalidindi,Kocherla,2,0,0,0,,
799,06-I-52-2,Kri-I-52-Kalidindi,Resseve forest area,,,,,,
800,06-I-52-29,Kri-I-52-Kruthivennu,Kruthivennu,8,0,0,0,,
801,06-I-52-29,Kri-I-52-Kruthivennu,Komallapudi,4,0,0,0,,
802,06-I-52-29,Kri-I-52-Kruthivennu,Endepalli,2,0,0,0,,
803,06-I-52-29,Kri-I-52-Kruthivennu,Cherukumilli,2,0,0,0,,
804,06-I-52-29,Kri-I-52-Kruthivennu,Neelipudi,2,0,0,0,,
805,06-I-52-29,Kri-I-52-Kruthivennu,Munipeda,4,0,0,0,,
806,06-I-52-29,Kri-I-52-Kruthivennu,Matlam,2,0,0,0,,
807,06-I-52-29,Kri-I-52-Kruthivennu,Garsapudi,3,0,0,0,,
808,06-I-52-29,Kri-I-52-Kruthivennu,Chandala,3,0,0,0,,
809,06-I-52-29,Kri-I-52-Kruthivennu,Tadivennu,2,0,0,0,,
810,06-I-52-29,Kri-I-52-Kruthivennu,Lakshmipuram,8,0,0,0,,
811,06-I-52-29,Kri-I-52-Kruthivennu,Chinagollapalem,3,0,0,0,,
812,06-I-52-29,Kri-I-52-Kruthivennu,Nidamarru,3,0,0,0,,
813,06-I-52-29,Kri-I-52-Kruthivennu,Entheru,3,0,0,0,,
814,06-I-52-29,Kri-I-52-Kruthivennu,Chinapandrika,9,0,0,0,,
815,06-I-52-29,Kri-I-52-Kruthivennu,Reserve forest area,,,,,,
816,06-I-52-30,Kri-I-52-Bantumilli,Pedathumidi,22,0,0,0,,
817,06-I-52-30,Kri-I-52-Bantumilli,Kanchadam,5,0,0,0,,
818,06-I-52-30,Kri-I-52-Bantumilli,Arthamuru,7,0,0,0,,
819,06-I-52-30,Kri-I-52-Bantumilli,Satuluru,6,0,0,0,,
820,06-I-52-30,Kri-I-52-Bantumilli,Barripadu,2,0,0,0,,
821,06-I-52-30,Kri-I-52-Bantumilli,Munjuluru,7,0,0,0,,
822,06-I-52-30,Kri-I-52-Bantumilli,Chinathumidi,4,0,0,0,,
823,06-I-52-30,Kri-I-52-Bantumilli,Amudalapalli,4,0,0,0,,
824,06-I-52-30,Kri-I-52-Bantumilli,Maddetipalli,3,0,0,0,,
825,06-I-52-30,Kri-I-52-Bantumilli,Ramavarapumudi,0,0,0,0,,
826,06-I-52-30,Kri-I-52-Bantumilli,Mulaparru,15,0,0,0,,
827,06-I-52-30,Kri-I-52-Bantumilli,Chorampudi,10,0,0,0,,
828,06-I-52-30,Kri-I-52-Bantumilli,Bantumilli,5,0,0,0,,
829,06-I-52-30,Kri-I-52-Bantumilli,Manimeswaram,6,0,0,0,,
830,06-I-52-30,Kri-I-52-Bantumilli,Korlapadu,4,0,0,0,,
831,06-I-52-30,Kri-I-52-Bantumilli,Malleswaram,8,0,0,0,,
832,06-I-52-30,Kri-I-52-Bantumilli,Narayanapuram,1,0,0,0,,
833,06-I-52-30,Kri-I-52-Bantumilli,Pedapandraka,0,0,0,0,,
834,06-I-52-30,Kri-I-52-Bantumilli,Penduru,8,0,0,0,,
835,06-I-52-31,Kri-I-52-Mudinepalli,Mudinepalli,0,0,0,0,,
836,06-I-52-31,Kri-I-52-Mudinepalli,Guraja,0,0,0,0,,
837,06-I-52-31,Kri-I-52-Mudinepalli,Chevuru,0,0,0,0,,
838,06-I-52-31,Kri-I-52-Mudinepalli,Kakaravada,0,0,0,0,,
839,06-I-52-31,Kri-I-52-Mudinepalli,Vadali,0,0,0,0,,
840,06-I-52-31,Kri-I-52-Mudinepalli,Komarru,0,0,0,0,,
841,06-I-52-31,Kri-I-52-Mudinepalli,Pedakamanapudi,0,0,0,0,,
842,06-I-52-31,Kri-I-52-Mudinepalli,Chinakamanapudi,0,0,0,0,,
843,06-I-52-31,Kri-I-52-Mudinepalli,Dakaram,0,0,0,0,,
844,06-I-52-31,Kri-I-52-Mudinepalli,Peyyeru,0,0,0,0,,
845,06-I-52-31,Kri-I-52-Mudinepalli,Peruru,0,0,0,0,,
846,06-I-52-31,Kri-I-52-Mudinepalli,Koduru,0,0,0,0,,
847,06-I-52-31,Kri-I-52-Mudinepalli,Chinapalaparru,0,0,0,0,,
848,06-I-52-31,Kri-I-52-Mudinepalli,Devaram,0,0,0,0,,
849,06-I-52-31,Kri-I-52-Mudinepalli,Madhavaram,0,0,0,0,,
850,06-I-52-31,Kri-I-52-Mudinepalli,Singarayapalem,0,0,0,0,,
851,06-I-52-31,Kri-I-52-Mudinepalli,Pedagonnuru,0,0,0,0,,
852,06-I-52-31,Kri-I-52-Mudinepalli,Gokinampadu,0,0,0,0,,
853,06-I-52-31,Kri-I-52-Mudinepalli,Devarapudi,0,0,0,0,,
854,06-I-52-31,Kri-I-52-Mudinepalli,Prodduvaka,0,0,0,0,,
855,06-I-52-31,Kri-I-52-Mudinepalli,Korraguntapalem,0,0,0,0,,
856,06-I-52-31,Kri-I-52-Mudinepalli,Edapalli,0,0,0,0,,
857,06-I-52-31,Kri-I-52-Mudinepalli,Alluru,0,0,0,0,,
858,06-I-52-31,Kri-I-52-Mudinepalli,Mulakapalli,0,0,0,0,,
859,06-I-52-31,Kri-I-52-Mudinepalli,Bommanampadu,0,0,0,0,,
860,06-I-52-31,Kri-I-52-Mudinepalli,Vadavalli,0,0,0,0,,
861,06-I-52-31,Kri-I-52-Mudinepalli,Vanuduru,0,0,0,0,,
862,06-I-52-31,Kri-I-52-Mudinepalli,Vutukuru,0,0,0,0,,
863,06-I-52-31,Kri-I-52-Mudinepalli,Vyavaka,0,0,0,0,,
864,06-I-52-31,Kri-I-52-Mudinepalli,Senkarshanapuram,0,0,0,0,,
865,06-I-52-31,Kri-I-52-Mudinepalli,Penumalli,0,0,0,0,,
866,06-I-52-31,Kri-I-52-Mudinepalli,Chigurukota,0,0,0,0,,
867,06-I-52-40,Kri-I-52-Gudlavalleru,Serikalvapudi,10,0,0,0,,
868,06-I-52-40,Kri-I-52-Gudlavalleru,Angaluru,6,0,0,0,,
869,06-I-52-40,Kri-I-52-Gudlavalleru,Cheruvupalli,0,0,0,0,,
870,06-I-52-40,Kri-I-52-Gudlavalleru,Vinnakota,18,0,0,0,,
871,06-I-52-40,Kri-I-52-Gudlavalleru,Puritipadu,5,0,0,0,,
872,06-I-52-40,Kri-I-52-Gudlavalleru,Chinnagonnuru,2,0,0,0,,
873,06-I-52-40,Kri-I-52-Gudlavalleru,Seridaggumilli,9,0,0,0,,
874,06-I-52-40,Kri-I-52-Gudlavalleru,Koorada,1,0,0,0,,
875,06-I-52-40,Kri-I-52-Gudlavalleru,Chandrala,5,0,0,0,,
876,06-I-52-40,Kri-I-52-Gudlavalleru,Gudlavalleru,11,0,0,0,,
877,06-I-52-40,Kri-I-52-Gudlavalleru,Vemugunta,0,0,0,0,,
878,06-I-52-40,Kri-I-52-Gudlavalleru,Penjendra,6,0,0,0,,
879,06-I-52-40,Kri-I-52-Gudlavalleru,Chitram,4,0,0,0,,
880,06-I-52-40,Kri-I-52-Gudlavalleru,Mamidikoolla,1,0,0,0,,
881,06-I-52-40,Kri-I-52-Gudlavalleru,Dokiparru,15,0,0,0,,
882,06-I-52-40,Kri-I-52-Gudlavalleru,Pesaramilli,2,0,0,0,,
883,06-I-52-40,Kri-I-52-Gudlavalleru,Kowtharam,15,0,0,0,,
884,06-I-52-40,Kri-I-52-Gudlavalleru,Vemavarappalem,2,0,0,0,,
885,06-I-52-40,Kri-I-52-Gudlavalleru,Vemavaram,3,0,0,0,,
886,06-I-52-40,Kri-I-52-Gudlavalleru,Venuthurumilli,5,0,0,0,,
887,06-I-52-40,Kri-I-52-Gudlavalleru,Nagavaram,2,0,0,0,,
888,06-I-52-40,Kri-I-52-Gudlavalleru,Vulavalapudi,5,0,0,0,,
889,06-I-52-40,Kri-I-52-Gudlavalleru,Vadlamannadu,13,0,0,0,,
890,06-I-52-40,Kri-I-52-Gudlavalleru,Gadepudi,0,0,0,0,,
891,06-I-52-41,Kri-I-52-Pedana,Pedana,0,0,0,0,,
892,06-I-52-41,Kri-I-52-Pedana,Singarayapalem,0,0,0,0,,
893,06-I-52-41,Kri-I-52-Pedana,Madaka,0,0,0,0,,
894,06-I-52-41,Kri-I-52-Pedana,Balliparru,0,0,0,0,,
895,06-I-52-41,Kri-I-52-Pedana,Kakarlamudi,0,0,0,0,,
896,06-I-52-41,Kri-I-52-Pedana,Nandamuru,0,0,0,0,,
897,06-I-52-41,Kri-I-52-Pedana,Jinjeru,0,0,0,0,,
898,06-I-52-41,Kri-I-52-Pedana,Chevendra,0,0,0,0,,
899,06-I-52-41,Kri-I-52-Pedana,Koppalli,0,0,0,0,,
900,06-I-52-41,Kri-I-52-Pedana,Mutcherla,0,0,0,0,,
901,06-I-52-41,Kri-I-52-Pedana,Mutchiligunta,0,0,0,0,,
902,06-I-52-41,Kri-I-52-Pedana,Guruvindagunta,0,0,0,0,,
903,06-I-52-41,Kri-I-52-Pedana,Kummaragunta,0,0,0,0,,
904,06-I-52-41,Kri-I-52-Pedana,Kongamcherla,0,0,0,0,,
905,06-I-52-41,Kri-I-52-Pedana,Kavipuram,0,0,0,0,,
906,06-I-52-41,Kri-I-52-Pedana,Serivatharlapalli,0,0,0,0,,
907,06-I-52-41,Kri-I-52-Pedana,Nandigama,0,0,0,0,,
908,06-I-52-41,Kri-I-52-Pedana,Konkepudi,0,0,0,0,,
909,06-I-52-41,Kri-I-52-Pedana,Kuduru,0,0,0,0,,
910,06-I-52-41,Kri-I-52-Pedana,Dhirisavalli,0,0,0,0,,
911,06-I-52-41,Kri-I-52-Pedana,Nadupuru,0,0,0,0,,
912,06-I-52-41,Kri-I-52-Pedana,Chennuru,0,0,0,0,,
913,06-I-52-41,Kri-I-52-Pedana,Vurivi,0,0,0,0,,
914,06-I-52-41,Kri-I-52-Pedana,Lankalakalavagunta,0,0,0,0,,
915,06-I-52-41,Kri-I-52-Pedana,Kamalapuram,0,0,0,0,,
916,06-I-52-41,Kri-I-52-Pedana,Pullapadu,0,0,0,0,,
917,06-I-52-41,Kri-I-52-Pedana,Chodavaram,0,0,0,0,,
918,06-I-52-41,Kri-I-52-Pedana,Nelakondapalli,0,0,0,0,,
919,06-I-52-41,Kri-I-52-Pedana,Penumilli,0,0,0,0,,
920,06-I-52-41,Kri-I-52-Pedana,Bahussenpalem,0,0,0,0,,
921,06-I-52-41,Kri-I-52-Pedana,Devarapalli,0,0,0,0,,
922,06-I-52-42,Kri-I-52-Guduru,Maddipatla,0,0,0,0,,
923,06-I-52-42,Kri-I-52-Guduru,Ramannapeta,0,0,0,0,,
924,06-I-52-42,Kri-I-52-Guduru,Mukkollu,0,0,0,0,,
925,06-I-52-42,Kri-I-52-Guduru,Jakamcharla,0,0,0,0,,
926,06-I-52-42,Kri-I-52-Guduru,Kalpatam,0,0,0,0,,
927,06-I-52-42,Kri-I-52-Guduru,Gurijepalli,0,0,0,0,,
928,06-I-52-42,Kri-I-52-Guduru,Gandram,0,0,0,0,,
929,06-I-52-42,Kri-I-52-Guduru,Lellagaruvu,0,0,0,0,,
930,06-I-52-42,Kri-I-52-Guduru,Ramanujavarthanapalli,0,0,0,0,,
931,06-I-52-42,Kri-I-52-Guduru,Kappaladoddi,0,0,0,0,,
932,06-I-52-42,Kri-I-52-Guduru,Akulamannadu,0,0,0,0,,
933,06-I-52-42,Kri-I-52-Guduru,Kankatava,0,0,0,0,,
934,06-I-52-42,Kri-I-52-Guduru,Pinagudurulanka,0,0,0,0,,
935,06-I-52-42,Kri-I-52-Guduru,Tarakaturu,0,0,0,0,,
936,06-I-52-42,Kri-I-52-Guduru,Kanchakoduru,0,0,0,0,,
937,06-I-52-42,Kri-I-52-Guduru,Chittiguduru,0,0,0,0,,
938,06-I-52-42,Kri-I-52-Guduru,Guduru,0,0,0,0,,
939,06-I-52-42,Kri-I-52-Guduru,Narikedalapalem,0,0,0,0,,
940,06-I-52-42,Kri-I-52-Guduru,Kokanarayanapalem,0,0,0,0,,
941,06-I-52-42,Kri-I-52-Guduru,Ramarajupalem,0,0,0,0,,
942,06-I-52-42,Kri-I-52-Guduru,Rayavaram,0,0,0,0,,
943,06-I-52-42,Kri-I-52-Guduru,Polavaram,0,0,0,0,,
944,06-I-52-42,Kri-I-52-Guduru,Idugullapalli,0,0,0,0,,
945,06-I-52-42,Kri-I-52-Guduru,Mallavolu,0,0,0,0,,
946,06-I-52-45,Kri-I-52-Machilipatnam,Machilipatnam,0,0,0,0,,
947,06-I-52-45,Kri-I-52-Machilipatnam,Chilakalapudi,0,0,0,0,,
948,06-I-52-45,Kri-I-52-Machilipatnam,Machavaram,0,0,0,0,,
949,06-I-52-45,Kri-I-52-Machilipatnam,S.N.Gollapalem,0,0,0,0,,
950,06-I-52-45,Kri-I-52-Machilipatnam,Bhogireddypalli,0,0,0,0,,
951,06-I-52-45,Kri-I-52-Machilipatnam,Pedayadara,0,0,0,0,,
952,06-I-52-45,Kri-I-52-Machilipatnam,Gokavaram,0,0,0,0,,
953,06-I-52-45,Kri-I-52-Machilipatnam,Thallapalem,0,0,0,0,,
954,06-I-52-45,Kri-I-52-Machilipatnam,Chinnapuram,0,0,0,0,,
955,06-I-52-45,Kri-I-52-Machilipatnam,Nelakurru,0,0,0,0,,
956,06-I-52-45,Kri-I-52-Machilipatnam,Pallethummalapalem,0,0,0,0,,
957,06-I-52-45,Kri-I-52-Machilipatnam,Kona,0,0,0,0,,
958,06-I-52-45,Kri-I-52-Machilipatnam,Polatithippa,0,0,0,0,,
959,06-I-52-45,Kri-I-52-Machilipatnam,Rudravaram,0,0,0,0,,
960,06-I-52-45,Kri-I-52-Machilipatnam,Gundupalem,0,0,0,0,,
961,06-I-52-45,Kri-I-52-Machilipatnam,Karagraharam,0,0,0,0,,
962,06-I-52-45,Kri-I-52-Machilipatnam,Pothepalli,0,0,0,0,,
963,06-I-52-45,Kri-I-52-Machilipatnam,Kothapudi,0,0,0,0,,
964,06-I-52-45,Kri-I-52-Machilipatnam,Potlapalem,0,0,0,0,,
965,06-I-52-45,Kri-I-52-Machilipatnam,Manginapudi,0,0,0,0,,
966,06-I-52-45,Kri-I-52-Machilipatnam,Thavisapudi,0,0,0,0,,
967,06-I-52-45,Kri-I-52-Machilipatnam,Gopuvanipalem,0,0,0,0,,
968,06-I-52-45,Kri-I-52-Machilipatnam,Arisepalli,0,0,0,0,,
969,06-I-52-45,Kri-I-52-Machilipatnam,Hussenpalem,0,0,0,0,,
970,06-I-52-45,Kri-I-52-Machilipatnam,Bhuddalapalem,0,0,0,0,,
971,06-I-52-45,Kri-I-52-Machilipatnam,Borrapothupalem,0,0,0,0,,
972,06-I-52-45,Kri-I-52-Machilipatnam,Kanuru,0,0,0,0,,
973,06-I-52-45,Kri-I-52-Machilipatnam,Pedapatnam,0,0,0,0,,
974,06-I-52-45,Kri-I-52-Machilipatnam,Reserve forest area,,,,,,
975,06-I-52-50,Kri-I-52-Koduru,Machavaram,0,0,0,0,,
976,06-I-52-50,Kri-I-52-Koduru,Viswanadhapalli,0,0,0,0,,
977,06-I-52-50,Kri-I-52-Koduru,Pittalanka,0,0,0,0,,
978,06-I-52-50,Kri-I-52-Koduru,Salempalem,0,0,0,0,,
979,06-I-52-50,Kri-I-52-Koduru,Vullipalem,0,0,0,0,,
980,06-I-52-50,Kri-I-52-Koduru,Koduru,0,0,0,0,,
981,06-I-52-50,Kri-I-52-Koduru,Lingareddypalem,0,0,0,0,,
982,06-I-52-50,Kri-I-52-Koduru,Mandapakala,0,0,0,0,,
983,06-I-52-50,Kri-I-52-Koduru,Ramakrishnapuram,0,0,0,0,,
984,06-I-52-49,Kri-I-52-Nagayalanka,Bhavadevarapalli,0,0,0,0,,
985,06-I-52-49,Kri-I-52-Nagayalanka,Chodavaram,0,0,0,0,,
986,06-I-52-49,Kri-I-52-Nagayalanka,Edurumondi,0,0,0,0,,
987,06-I-52-49,Kri-I-52-Nagayalanka,Ganapeswaram,0,0,0,0,,
988,06-I-52-49,Kri-I-52-Nagayalanka,Kamanamolu,0,0,0,0,,
989,06-I-52-49,Kri-I-52-Nagayalanka,Nagayalanka,0,0,0,0,,
990,06-I-52-49,Kri-I-52-Nagayalanka,T.Kothapalem,0,0,0,0,,
991,06-I-52-49,Kri-I-52-Nagayalanka,Parachivara,0,0,0,0,,
992,06-I-52-49,Kri-I-52-Nagayalanka,Talagadadeevi,0,0,0,0,,
993,06-I-52-49,Kri-I-52-Nagayalanka,Etimoga,0,0,0,0,,
994,06-I-52-49,Kri-I-52-Nagayalanka,Nangegadda,0,0,0,0,,
995,06-I-52-49,Kri-I-52-Nagayalanka,Reserve forest area,,,,,,
996,1,1,1,1,1,1,1,1,1
