Sr.No,watershed code,gw watershed name,Village code,village name,Population [command area],Population [non command area],total Population,LPCD,,
1,06-D-48-13,Kri-D-48-Budawada,01984600,Annavaram,1757,0,1757,96635,,
2,06-D-48-13,Kri-D-48-Budawada,01984700,Budawada,4805,0,4805,264275,,
3,06-D-48-13,Kri-D-48-Budawada,01985400,K.Agraharam,0,2759,2759,151745,,
4,06-D-48-13,Kri-D-48-Budawada,01985500,Mukteswarapuram,0,2742,2742,150810,,
5,06-D-48-02,Kri-D-48-Jaggaiahpeta,01983800,Buchavaram,836,0,836,45980,,
6,06-D-48-02,Kri-D-48-Jaggaiahpeta,01983700,Gandrai,5734,0,5734,315370,,
7,06-D-48-02,Kri-D-48-Jaggaiahpeta,01983500,Takkellapadu,1852,0,1852,101860,,
8,06-D-48-02,Kri-D-48-Jaggaiahpeta,01984400,Garikapadu,332,0,332,18260,,
9,06-D-48-02,Kri-D-48-Jaggaiahpeta,01983600,R.C.Peta,764,0,764,42020,,
10,06-D-48-02,Kri-D-48-Jaggaiahpeta,01984300,Anumanchipalli,3583,0,3583,197065,,
11,06-D-48-02,Kri-D-48-Jaggaiahpeta,01984500,Balusupadu,2205,0,2205,121275,,
12,06-D-48-02,Kri-D-48-Jaggaiahpeta,01984200,S.M.peta,5996,0,5996,329780,,
13,06-D-48-02,Kri-D-48-Jaggaiahpeta,01984000,Tirumalagiri,1478,0,1478,81290,,
14,06-D-48-02,Kri-D-48-Jaggaiahpeta,01985000,Chillakallu,11734,0,11734,645370,,
15,06-D-48-02,Kri-D-48-Jaggaiahpeta,41601000,Jaggaiahpeta,40373,0,40373,2220515,,
16,06-D-48-02,Kri-D-48-Jaggaiahpeta,01985300,Jayanthipuram,2348,0,2348,129140,,
17,06-D-48-02,Kri-D-48-Jaggaiahpeta,01985600,Ravirala,3295,0,3295,181225,,
18,06-D-48-02,Kri-D-48-Jaggaiahpeta,01984900,Torraguntapalem,2227,0,2227,122485,,
19,06-D-48-02,Kri-D-48-Jaggaiahpeta,01984100,Ravikampadu,16,0,16,880,,
20,06-D-48-03,Kri-D-48-Jaggaiahpeta,01984800,Tripuravaram,128,0,128,7040,,
21,06-D-48-02,Kri-D-48-Jaggaiahpeta,01982000,Dachupalem,1125,0,1125,61875,,
22,06-D-48-02,Kri-D-48-Jaggaiahpeta,01981800,Mangollu,4392,0,4392,241560,,
23,06-D-48-02,Kri-D-48-Jaggaiahpeta,01982100,V.B.Palem,0,0,0,0,,
24,06-D-49-01,Kri-D-49-Vatsavai,01981500,Indugupalli,2311,0,2311,127105,,
25,06-D-49-01,Kri-D-49-Vatsavai,01981600,Pedamodupalli,1150,0,1150,63250,,
26,06-D-49-01,Kri-D-49-Vatsavai,01981700,Chinmodupalli,978,0,978,53790,,
27,06-D-49-01,Kri-D-49-Vatsavai,01981400,Kanneveedu,2182,0,2182,120010,,
28,06-D-49-01,Kri-D-49-Vatsavai,01981800,Gopinenipalem,2752,0,2752,151360,,
29,06-D-49-01,Kri-D-49-Vatsavai,01982500,Chityala,3175,0,3175,174625,,
30,06-D-49-01,Kri-D-49-Vatsavai,01982300,Makkapeta,4306,0,4306,236830,,
31,06-D-49-01,Kri-D-49-Vatsavai,01982200,Bhimavaram,5543,0,5543,304865,,
32,06-D-49-01,Kri-D-49-Vatsavai,01982400,Hassanbada,0,0,0,0,,
33,06-D-49-01,Kri-D-49-Vatsavai,01983900,Malkapuram,2798,0,2798,153890,,
34,06-D-49-01,Kri-D-49-Vatsavai,01985100,Gowravaram,4781,0,4781,262955,,
35,06-D-49-01,Kri-D-49-Vatsavai,01985200,Pochampalli,3798,0,3798,208890,,
36,06-D-49-01,Kri-D-49-Vatsavai,01985800,Bandipalem,4568,0,4568,251240,,
37,06-D-49-01,Kri-D-49-Vatsavai,01986000,Penuganchiprolu,14374,0,14374,790570,,
38,06-D-49-01,Kri-D-49-Vatsavai,01985900,Lingagudem,1847,0,1847,101585,,
39,06-D-49-01,Kri-D-49-Vatsavai,01986500,Kollikulla,1392,0,1392,76560,,
40,06-D-49-01,Kri-D-49-Vatsavai,01986000,Subbayagudem,1713,0,1713,94215,,
41,06-D-49-01,Kri-D-49-Vatsavai,01986600,Mundlapadu,3254,0,3254,178970,,
42,06-D-49-01,Kri-D-49-Vatsavai,01986800,Konakanchi,3372,0,3372,185460,,
43,06-D-49-01,Kri-D-49-Vatsavai,01986900,Nawabpeta,4826,0,4826,265430,,
44,06-D-49-01,Kri-D-49-Vatsavai,01986400,Venkatapuram,1318,0,1318,72490,,
45,06-D-49-01,Kri-D-49-Vatsavai,01987100,Senagapadu,3916,0,3916,215380,,
46,06-D-49-01,Kri-D-49-Vatsavai,01987000,Thotacherala,2028,0,2028,111540,,
47,06-D-49-01,Kri-D-49-Vatsavai,01987400,Munagacherla,1296,0,1296,71280,,
48,06-D-49-01,Kri-D-49-Vatsavai,01988400,Nandigama,44359,0,44359,2439745,,
49,06-D-49-03,Kri-D-49-Penuganchiprolu,01986100,Muchintala,1662,0,1662,91410,,
50,06-D-49-03,Kri-D-49-Penuganchiprolu,01986200,Anigandlapadu,1907,0,1907,104885,,
51,06-D-49-03,Kri-D-49-Penuganchiprolu,01986300,Gummadiduru,295,0,295,16225,,
52,06-D-49-03,Kri-D-49-Penuganchiprolu,01982700,Allurupadu,1916,0,1916,105380,,
53,06-D-49-03,Kri-D-49-Penuganchiprolu,01982600,Vemavaram,0,0,0,0,,
54,06-D-49-03,Kri-D-49-Penuganchiprolu,01983300,Khambhampadu,1700,0,1700,93500,,
55,06-D-49-03,Kri-D-49-Penuganchiprolu,01983400,Rebbavaram,1941,0,1941,106755,,
56,06-D-49-03,Kri-D-49-Penuganchiprolu,01980900,Polampalli,2157,0,2157,118635,,
57,06-D-49-03,Kri-D-49-Penuganchiprolu,01981000,Dabbakupalli,1931,0,1931,106205,,
58,06-D-49-03,Kri-D-49-Penuganchiprolu,01981300,Pochavaram,2769,0,2769,152295,,
59,06-D-49-03,Kri-D-49-Penuganchiprolu,01982800,Vatsavai,0,0,0,0,,
60,06-D-49-03,Kri-D-49-Penuganchiprolu,01981200,Gangavalli,1272,0,1272,69960,,
61,06-D-49-03,Kri-D-49-Penuganchiprolu,01981100,Lingala,5741,0,5741,315755,,
62,06-D-49-03,Kri-D-49-Penuganchiprolu,01988700,Magallu,4413,0,4413,242715,,
63,06-D-49-03,Kri-D-49-Penuganchiprolu,01988600,Pallagiri,0,0,0,0,,
64,06-D-49-03,Kri-D-49-Penuganchiprolu,01988500,Satyavaram,0,0,0,0,,
65,06-D-49-03,Kri-D-49-Penuganchiprolu,01988900,Ramireddipalli,0,0,0,0,,
66,06-D-49-03,Kri-D-49-Penuganchiprolu,01988800,Konduru,3499,0,3499,192445,,
67,06-D-49-04,Kri-D-49-Nandigama,01987300,Takkellapadu,1662,0,1662,91410,,
68,06-D-49-04,Kri-D-49-Nandigama,01987600,Lingalapadu,1907,0,1907,104885,,
69,06-D-49-04,Kri-D-49-Nandigama,01987500,Latchapalem,295,0,295,16225,,
70,06-D-49-04,Kri-D-49-Nandigama,01987700,Adaviravulapadu,1916,0,1916,105380,,
71,06-D-49-04,Kri-D-49-Nandigama,01987800,K.Kandrika,0,0,0,0,,
72,06-D-49-04,Kri-D-49-Nandigama,01987900,Chandapuram,0,1700,1700,93500,,
73,06-D-49-04,Kri-D-49-Nandigama,01988300,Ambarupeta,0,1941,1941,106755,,
74,06-D-49-04,Kri-D-49-Nandigama,01988200,Itavaram,0,2157,2157,118635,,
75,06-D-49-04,Kri-D-49-Nandigama,01988000,Ketaveerunipadu,1931,0,1931,106205,,
76,06-D-49-04,Kri-D-49-Nandigama,01988100,Kanchela,2769,0,2769,152295,,
77,06-D-49-04,Kri-D-49-Nandigama,02017200,Medipalem,0,0,0,0,,
78,06-D-49-04,Kri-D-49-Nandigama,02017300,Munagalapalli,0,1272,1272,69960,,
79,06-D-49-04,Kri-D-49-Nandigama,02017400,Muppala,5741,0,5741,315755,,
80,06-D-49-04,Kri-D-49-Nandigama,02017900,Thurlapadu,4413,0,4413,242715,,
81,06-D-49-04,Kri-D-49-Nandigama,02018000,Thotaravulapadu,0,3244,3244,178420,,
82,06-D-49-04,Kri-D-49-Nandigama,02018100,Chintalapadu,0,4489,4489,246895,,
83,06-D-49-04,Kri-D-49-Nandigama,02019000,Eturu,2813,0,2813,154715,,
84,06-D-49-04,Kri-D-49-Nandigama,02015300,Gandepalli,3499,0,3499,192445,,
85,06-D-49-04,Kri-D-49-Nandigama,02015200,Keesara,3211,0,3211,176605,,
86,06-D-49-04,Kri-D-49-Nandigama,02015700,Saidapuram,0,0,0,0,,
87,06-D-49-04,Kri-D-49-Nandigama,02015800,Pendyala,6586,0,6586,362230,,
88,06-D-49-04,Kri-D-49-Nandigama,02015900,Vemulapalli,2371,0,2371,130405,,
89,06-D-49-04,Kri-D-49-Nandigama,02016000,S.Amaravaram,1080,0,1080,59400,,
90,06-D-49-04,Kri-D-49-Nandigama,02016100,Moguluru,5758,0,5758,316690,,
91,06-D-49-04,Kri-D-49-Nandigama,02016200,Munnaluru,1101,0,1101,60555,,
92,06-D-51-19,Kri-D-51-Chandarlapadu,01985700,Vedadri,0,2243,2243,123365,,
93,06-D-51-19,Kri-D-51-Chandarlapadu,01987200,Peddavaram,4486,0,4486,246730,,
94,06-D-51-19,Kri-D-51-Chandarlapadu,02016800,Katrenipalli,0,0,0,0,,
95,06-D-51-19,Kri-D-51-Chandarlapadu,02016900,Gudimetla,3858,0,3858,212190,,
96,06-D-51-19,Kri-D-51-Chandarlapadu,02017000,Brahma botlapalem,0,432,432,23760,,
97,06-D-51-19,Kri-D-51-Chandarlapadu,02017100,Konayapalem,0,6082,6082,334510,,
98,06-D-51-19,Kri-D-51-Chandarlapadu,02017600,Gudimetlapalem,0,0,0,0,,
99,06-D-51-19,Kri-D-51-Chandarlapadu,02017500,Bobbillapadu,1261,0,1261,69355,,
100,06-D-51-19,Kri-D-51-Chandarlapadu,02017800,Chandarlapadu ,0,10068,10068,553740,,
101,06-D-51-19,Kri-D-51-Chandarlapadu,02018200,Patempadu,0,387,387,21285,,
102,06-D-51-19,Kri-D-51-Chandarlapadu,02018400,Kasarabada,1135,0,1135,62425,,
103,06-D-51-19,Kri-D-51-Chandarlapadu,02017700,Ustepalli,631,0,631,34705,,
104,06-D-51-19,Kri-D-51-Chandarlapadu,02018500,Pokkunuru,1948,0,1948,107140,,
105,06-D-51-19,Kri-D-51-Chandarlapadu,02018300,Kodavatikallu,3640,0,3640,200200,,
106,06-D-51-19,Kri-D-51-Chandarlapadu,02018700,Veladikothapalem,2687,0,2687,147785,,
107,06-D-51-19,Kri-D-51-Chandarlapadu,02018600,Punnavalli,787,0,787,43285,,
108,06-D-51-19,Kri-D-51-Chandarlapadu,02018800,Popuru,619,0,619,34045,,
109,06-D-51-19,Kri-D-51-Chandarlapadu,02018900,Vipareetalapadu,0,1345,1345,73975,,
110,06-D-49-02,Kri-D-49-Nemali,01994200,Ummadidevarapalli,860,0,860,47300,,
111,06-D-49-02,Kri-D-49-Nemali,01994300,Nemali,2926,0,2926,160930,,
112,06-D-49-02,Kri-D-49-Nemali,01994400,Konijerla,3843,0,3843,211365,,
113,06-D-49-04,Kri-D-49-Utukuru,01994500,Utukuru,7286,0,7286,400730,,
114,06-D-49-04,Kri-D-49-Utukuru,01994600,Dundiralapadu,2970,0,2970,163350,,
115,06-D-49-04,Kri-D-49-Utukuru,01994900,Penugolenu,6665,0,6665,366575,,
116,06-D-49-04,Kri-D-49-Utukuru,01994700,Tunikipadu,3199,0,3199,175945,,
117,06-D-49-04,Kri-D-49-Utukuru,01994800,Rajavaram,955,0,955,52525,,
118,06-D-49-07,Kri-D-49-Talluru,01994800,Kakaravai,1867,0,1867,102685,,
119,06-D-49-07,Kri-D-49-Talluru,01983000,Machinenipalem,1641,0,1641,90255,,
120,06-D-49-07,Kri-D-49-Talluru,01983200,Talluru,1150,0,1150,63250,,
121,06-D-49-07,Kri-D-49-Talluru,01982900,Vemulanarva,1615,0,1615,88825,,
122,06-D-49-10,Kri-D-49--K.Atmakuru,01989200,K.Atmakuru,1704,0,1704,93720,,
123,06-D-49-10,Kri-D-49--K.Atmakuru,01989000,Jonnalagadda,1994,0,1994,109670,,
124,06-D-49-10,Kri-D-49--K.Atmakuru,01989800,V.Annavaram,1285,0,1285,70675,,
125,06-D-49-05,Kri-D-49-Veerulapadu,01989200,Torragudipadu,0,0,0,0,,
126,06-D-49-05,Kri-D-49-Veerulapadu,01989300,Damuluru,1791,0,1791,98505,,
127,06-D-49-05,Kri-D-49-Veerulapadu,01989400,Somavaram,1506,0,1506,82830,,
128,06-D-49-05,Kri-D-49-Veerulapadu,01989500,Rudravaram,1878,0,1878,103290,,
129,06-D-49-05,Kri-D-49-Veerulapadu,01989600,Gollamudi,2127,0,2127,116985,,
130,06-D-49-05,Kri-D-49-Veerulapadu,01989700,Raghavapuram,4074,0,4074,224070,,
131,06-D-49-05,Kri-D-49-Veerulapadu,01990600,Pallempalli,251,0,251,13805,,
132,06-D-49-05,Kri-D-49-Veerulapadu,01990700,Konatanapalli,2554,0,2554,140470,,
133,06-D-49-05,Kri-D-49-Veerulapadu,01990300,Choutapalli,2156,0,2156,118580,,
134,06-D-49-05,Kri-D-49-Veerulapadu,01990900,Chattannavaram,1092,0,1092,60060,,
135,06-D-49-05,Kri-D-49-Veerulapadu,01990800,Dachavaram,976,0,976,53680,,
136,06-D-49-05,Kri-D-49-Veerulapadu,01991500,Vellanki,3075,0,3075,169125,,
137,06-D-49-05,Kri-D-49-Veerulapadu,01991600,Tatigummi,955,0,955,52525,,
138,06-D-49-05,Kri-D-49-Veerulapadu,01991900,Gokharajupalli,736,0,736,40480,,
139,06-D-49-05,Kri-D-49-Veerulapadu,01991700,Nandaluru,844,0,844,46420,,
140,06-D-49-05,Kri-D-49-Veerulapadu,01991800,Bodawada,1239,0,1239,68145,,
141,06-D-49-05,Kri-D-49-Veerulapadu,01991400,Lakshmipuram,0,0,0,0,,
142,06-D-49-05,Kri-D-49-Veerulapadu,01992000,Jammavaram,1263,0,1263,69465,,
143,06-D-49-01,Kri-D-49-Peddavaram,01996600,Akkapalem,1361,0,1361,74855,,
144,06-D-49-01,Kri-D-49-Peddavaram,01997400,Chintalapadu,2830,0,2830,155650,,
145,06-D-49-01,Kri-D-49-Peddavaram,01997300,Erramadu,1700,0,1700,93500,,
146,06-D-49-01,Kri-D-49-Peddavaram,01997200,Mustikuntla,3898,0,3898,214390,,
147,06-D-49-01,Kri-D-49-Peddavaram,01996500,Munukulla,3578,0,3578,196790,,
148,06-D-49-01,Kri-D-49-Peddavaram,01996300,Peddavaram,1170,0,1170,64350,,
149,06-D-49-01,Kri-D-49-Peddavaram,01997100,Vamakuntla,1958,0,1958,107690,,
150,06-D-49-01,Kri-D-49-Peddavaram,01996400,Vavilala,3786,0,3786,208230,,
151,06-D-49-08,Kri-D-49-Tiruvuru,01997000,Tiruvuru,22976,0,22976,1263680,,
152,06-D-49-08,Kri-D-49-Tiruvuru,01997700,Chittela,1278,0,1278,70290,,
153,06-D-49-08,Kri-D-49-Tiruvuru,01996800,Kokilampadu,2229,0,2229,122595,,
154,06-D-49-08,Kri-D-49-Tiruvuru,01997800,Anjaneyapuram,1317,0,1317,72435,,
155,06-D-49-08,Kri-D-49-Tiruvuru,01997900,Lakshmipuram,1970,0,1970,108350,,
156,06-D-49-08,Kri-D-49-Tiruvuru,01997500,Rolupadi,2774,0,2774,152570,,
157,06-D-49-09,Kri-D-49-A.Konduru,01998400,Vallampatla,2487,0,2487,136785,,
158,06-D-49-09,Kri-D-49-A.Konduru,01998200,Marepalli,1580,0,1580,86900,,
159,06-D-49-09,Kri-D-49-A.Konduru,01998300,Polisettipadu,3376,0,3376,185680,,
160,06-D-49-09,Kri-D-49-A.Konduru,01998100,Mallela,3055,0,3055,168025,,
161,06-D-49-09,Kri-D-49-A.Konduru,02000600,Vemireddipalli,4573,0,4573,251515,,
162,06-D-49-10,Kri-D-49-A.Konduru,01998000,Ramannapalem,1622,0,1622,89210,,
163,06-D-49-11,Kri-D-49-Vissannapeta,01998600,Kambhampadu,5330,0,5330,293150,,
164,06-D-49-11,Kri-D-49-Vissannapeta,01998800,Atlapragada,1002,0,1002,55110,,
165,06-D-49-11,Kri-D-49-Vissannapeta,01998900,A.Konduru,5597,0,5597,307835,,
166,06-D-49-11,Kri-D-49-Vissannapeta,01999100,Kummarikuntla,1371,0,1371,75405,,
167,06-D-49-11,Kri-D-49-Vissannapeta,01999000,Repudi,4704,0,4704,258720,,
168,06-D-49-11,Kri-D-49-Vissannapeta,01998500,Gollamandala,3191,0,3191,175505,,
169,06-D-49-11,Kri-D-49-Vissannapeta,01998700,Koduru,3054,0,3054,167970,,
170,06-D-49-11,Kri-D-49-Vissannapeta,02001300,Tatakuntla,4193,0,4193,230615,,
171,06-D-49-11,Kri-D-49-Vissannapeta,02001000,Telladevarapalli,3191,0,3191,175505,,
172,06-D-49-11,Kri-D-49-Vissannapeta,02001400,Vissannapeta,16693,0,16693,918115,,
173,06-D-49-11,Kri-D-49-Vissannapeta,02001100,Chandrupatla,2838,0,2838,156090,,
174,06-D-49-11,Kri-D-49-Vissannapeta,02001200,Narsapuram,5036,0,5036,276980,,
175,06-D-49-11,Kri-D-49-Vissannapeta,02000900,Putrela,9073,0,9073,499015,,
176,06-D-49-11,Kri-D-49-Vissannapeta,02000800,Kalagara,4955,0,4955,272525,,
177,06-D-49-11,Kri-D-49-Vissannapeta,02000700,Korlamanda,3157,0,3157,173635,,
178,06-D-49-11,Kri-D-49-Vissannapeta,02001700,Chanubanda,8900,0,8900,489500,,
179,06-D-49-11,Kri-D-49-Vissannapeta,02001600,Krishnaraopalem,1074,0,1074,59070,,
180,06-D-49-11,Kri-D-49-Vissannapeta,01995800,Kanumuru,3353,0,3353,184415,,
181,06-D-49-11,Kri-D-49-Vissannapeta,01999500,Muchinapalli,4241,0,4241,233255,,
182,06-D-49-11,Kri-D-49-Vissannapeta,01997600,Ganugapadu,6046,0,6046,332530,,
183,06-D-49-07,Kri-D-49-Gampalagudem,01995700,Gampalagudem,8025,0,8025,441375,,
184,06-D-49-07,Kri-D-49-Gampalagudem,01995400,Arlapadu,2839,0,2839,156145,,
185,06-D-49-07,Kri-D-49-Gampalagudem,01995200,Chennavaram,588,0,588,32340,,
186,06-D-49-07,Kri-D-49-Gampalagudem,01995000,Gosaveedu,2742,0,2742,150810,,
187,06-D-49-07,Kri-D-49-Gampalagudem,01996000,Kothapalli,4364,0,4364,240020,,
188,06-D-49-07,Kri-D-49-Gampalagudem,01995600,Lingala,2810,0,2810,154550,,
189,06-D-49-07,Kri-D-49-Gampalagudem,01995300,Meduru,4856,0,4856,267080,,
190,06-D-49-07,Kri-D-49-Gampalagudem,01995100,Pedakomira,2403,0,2403,132165,,
191,06-D-49-07,Kri-D-49-Gampalagudem,01996100,Vinagadapa,2962,0,2962,162910,,
192,06-D-49-07,Kri-D-49-Gampalagudem,01996200,Narikampadu,248,0,248,13640,,
193,06-D-49-07,Kri-D-49-Gampalagudem,01995900,Anumullanka,2075,0,2075,114125,,
194,06-D-49-07,Kri-D-49-Gampalagudem,01995500,Gullapudi,1273.2,0,1273.2,70026,,
195,06-D-49-03,Kri-D-49-Jayanthi,01990400,Veerullapadu,2924,0,2924,160820,,
196,06-D-49-03,Kri-D-49-Jayanthi,01990000,Jayanthi,4484,0,4484,246620,,
197,06-D-49-03,Kri-D-49-Jayanthi,01989900,Dodda Devarapadu,2957,0,2957,162635,,
198,06-D-49-03,Kri-D-49-Jayanthi,01990500,Ramapuram,0,0,0,0,,
199,06-D-51-18,Kri-D-51-Kanchikacherla ,01990200,Peddapuram,3723,0,3723,204765,,
200,06-D-51-18,Kri-D-51-Kanchikacherla ,01990100,G.Madhavaram,1660,0,1660,91300,,
201,06-D-51-18,Kri-D-51-Kanchikacherla ,01991100,Thimmapuram,205,0,205,11275,,
202,06-D-51-18,Kri-D-51-Kanchikacherla ,01991000,Alluru,5464,0,5464,300520,,
203,06-D-51-18,Kri-D-51-Kanchikacherla ,01991200,Chennaraopalem,1366,0,1366,75130,,
204,06-D-51-18,Kri-D-51-Kanchikacherla ,01991300,Jujjuru,6639,0,6639,365145,,
205,06-D-51-18,Kri-D-51-Kanchikacherla ,01992300,N.R.Palem,1619,0,1619,89045,,
206,06-D-51-18,Kri-D-51-Kanchikacherla ,01992200,Jaganadhapuram,816,0,816,44880,,
207,06-D-51-18,Kri-D-51-Kanchikacherla ,01992100,Ponnavaram,2209,0,2209,121495,,
208,06-D-51-18,Kri-D-51-Kanchikacherla ,02015400,Peerakalapadu,1396,0,1396,76780,,
209,06-D-51-18,Kri-D-51-Kanchikacherla ,02015500,Gottumukkala,4236,0,4236,232980,,
210,06-D-51-18,Kri-D-51-Kanchikacherla ,02015600,Kanchikacherla,19973,0,19973,1098515,,
211,06-D-51-18,Kri-D-51-Kanchikacherla ,02016700,Paritala,9455,0,9455,520025,,
212,06-D-51-18,Kri-D-51-Kanchikacherla ,02016500,Bathinapadu,788,0,788,43340,,
213,06-D-51-18,Kri-D-51-Kanchikacherla ,02016400,Chevitikallu,2526,0,2526,138930,,
214,06-D-51-18,Kri-D-51-Kanchikacherla ,02016300,Kunikanapadu,995,0,995,54725,,
215,06-D-51-18,Kri-D-51-Kanchikacherla ,02016600,Ghani Atkur,4523,0,4523,248765,,
216,06-D-51-18,Kri-D-51-Kanchikacherla ,02019800,Damuluru,0,0,0,0,,
217,06-D-51-18,Kri-D-51-Kanchikacherla ,02019700,Chilukuru,0,0,0,0,,
218,06-D-51-18,Kri-D-51-Kanchikacherla ,02019500,Ketanakonda,0,0,0,0,,
219,06-D-51-18,Kri-D-51-Kanchikacherla ,02019600,Kachavaram,0,0,0,0,,
220,06-D-51-18,Kri-D-51-Kanchikacherla ,02019900,Kotikalapudi,0,0,0,0,,
221,06-D-51-18,Kri-D-51-Kanchikacherla ,02020000,Mulapadu,4071,0,4071,223905,,
222,06-D-51-18,Kri-D-51-Kanchikacherla ,02020100,Jupudi,4239,0,4239,233145,,
223,06-D-51-18,Kri-D-51-Kanchikacherla ,02020200,Ibrahimpatnam,22014,0,22014,1210770,,
224,06-D-51-18,Kri-D-51-Kanchikacherla ,02019100,Z.N.Pothavaram,0,0,0,0,,
225,06-D-51-18,Kri-D-51-Kanchikacherla ,02019300,Trilochanapuram,1029,0,1029,56595,,
226,06-D-51-18,Kri-D-51-Kanchikacherla ,02019400,Jamimachavaram,100,0,100,5500,,
227,06-D-51-18,Kri-D-51-Kanchikacherla ,02019200,Navepothavaram,0,0,0,0,,
228,06-I-40-12,Kri-I-40-Chatrai,02003000,Somavaram,4323,0,4323,237765,,
229,06-I-40-12,Kri-I-40-Chatrai,02003100,Kothagudem,1807,0,1807,99385,,
230,06-I-40-12,Kri-I-40-Chatrai,02002700,Tummagudem,3918,0,3918,215490,,
231,06-I-40-12,Kri-I-40-Chatrai,02002600,Chittapur,3777,0,3777,207735,,
232,06-I-40-12,Kri-I-40-Chatrai,02002500,Arugolanupeta,1607,0,1607,88385,,
233,06-I-40-12,Kri-I-40-Chatrai,02002800,Janardhanavaram,2452,0,2452,134860,,
234,06-I-40-12,Kri-I-40-Chatrai,02002400,Chatrai,4515,0,4515,248325,,
235,06-I-40-12,Kri-I-40-Chatrai,02002900,Polavaram,4638,0,4638,255090,,
236,06-I-40-12,Kri-I-40-Chatrai,02002300,Buruggudem,0,1787,1787,98285,,
237,06-I-40-12,Kri-I-40-Chatrai,02001800,Parvathapuram,0,1039,1039,57145,,
238,06-I-40-12,Kri-I-40-Chatrai,02001900,Chinnampeta,0,3337,3337,183535,,
239,06-I-40-12,Kri-I-40-Chatrai,02002000,Kotapadu,0,5325,5325,292875,,
240,06-I-40-12,Kri-I-40-Chatrai,02002100,Mankollu,577,0,577,31735,,
241,06-I-40-12,Kri-I-40-Chatrai,02002200,Pothanapalli,2492,0,2492,137060,,
242,06-I-40-12,Kri-I-40-Chatrai,02001500,Kondaparva,0,3000,3000,165000,,
243,06-I-41-14,Kri-I-41-Nuzvid,02010700,Vattigudipadu,3962,0,3962,217910,,
244,06-I-41-14,Kri-I-41-Nuzvid,02007400,Kothapalli,0,2415,2415,132825,,
245,06-I-41-14,Kri-I-41-Nuzvid,02007500,Billanapalli,0,2433,2433,133815,,
246,06-I-41-14,Kri-I-41-Nuzvid,02007700,Koyyuru,0,1618,1618,88990,,
247,06-I-41-14,Kri-I-41-Nuzvid,02007800,Bommuluru,0,2716,2716,149380,,
248,06-I-41-14,Kri-I-41-Nuzvid,02007900,B.Kandrika,0,249,249,13695,,
249,06-I-41-14,Kri-I-41-Nuzvid,02003900,Korlagunta,0,1736,1736,95480,,
250,06-I-41-14,Kri-I-41-Nuzvid,41602000,Nuzvid,50354,0,50354,2769470,,
251,06-I-41-14,Kri-I-41-Nuzvid,02004900,Digavalli,0,5906,5906,324830,,
252,06-I-41-14,Kri-I-41-Nuzvid,02005000,Mukkullapadu,0,2239,2239,123145,,
253,06-I-41-14,Kri-I-41-Nuzvid,02005100,Annavaram,0,4190,4190,230450,,
254,06-I-41-14,Kri-I-41-Nuzvid,02005200,H.M.Gudem,0,1584,1584,87120,,
255,06-I-41-14,Kri-I-41-Nuzvid,02005300,Venkatayapalem,0,1885,1885,103675,,
256,06-I-41-14,Kri-I-41-Nuzvid,02005800,Boravancha,8444,0,8444,464420,,
257,06-I-41-14,Kri-I-41-Nuzvid,02005900,Pothureddipalli,0,4097,4097,225335,,
258,06-I-41-14,Kri-I-41-Nuzvid,02006000,Jangamagudem,0,2164,2164,119020,,
259,06-I-41-14,Kri-I-41-Nuzvid,02006100,Thukkuluru,0,2644,2644,145420,,
260,06-I-41-14,Kri-I-41-Nuzvid,02006200,Ramannagudem,1121,0,1121,61655,,
261,06-I-41-14,Kri-I-41-Nuzvid,02006300,Polasanapalli,2360,0,2360,129800,,
262,06-I-41-14,Kri-I-41-Nuzvid,02006400,Morsapudi,1644,0,1644,90420,,
263,06-I-41-14,Kri-I-41-Nuzvid,02006500,Devaragunta,0,2181,2181,119955,,
264,06-I-41-14,Kri-I-41-Nuzvid,02006600,Vempadu,0,471,471,25905,,
265,06-I-41-14,Kri-I-41-Nuzvid,02006700,Gollapalli,0,4994,4994,274670,,
266,06-I-41-14,Kri-I-41-Nuzvid,02006800,Meerjapuram,0,4848,4848,266640,,
267,06-I-41-14,Kri-I-41-Nuzvid,02006900,M.N.Plem,0,1799,1799,98945,,
268,06-I-41-14,Kri-I-41-Nuzvid,02007000,Marribandam,2102,0,2102,115610,,
269,06-I-41-14,Kri-I-41-Nuzvid,02007100,Seetharampuram,1498,0,1498,82390,,
270,06-I-41-14,Kri-I-41-Nuzvid,02007200,Pallerlamudi,4244,0,4244,233420,,
271,06-I-42-03,kri-I-42-Ganginenipalem,02012700,Ganginenipalem,2566,0,2566,141130,,
272,06-I-42-03,kri-I-42-Ganginenipalem,02012800,Telladevarapadu,549,0,549,30195,,
273,06-I-42-03,kri-I-42-Ganginenipalem,02012900,Sunnampadu,754,0,754,41470,,
274,06-I-42-03,kri-I-42-Ganginenipalem,02013000,Munagapadu,1390,0,1390,76450,,
275,06-I-42-03,kri-I-42-Ganginenipalem,02013100,Ch.Madhavaram,1725,0,1725,94875,,
276,06-I-42-03,kri-I-42-Ganginenipalem,02013200,Gaddamanugu,1780,0,1780,97900,,
277,06-I-42-03,kri-I-42-Ganginenipalem,02013300,G.Konduru,6483,0,6483,356565,,
278,06-I-42-03,kri-I-42-Ganginenipalem,02014300,Pinapaka,1413,0,1413,77715,,
279,06-I-42-03,kri-I-42-Ganginenipalem,02012600,Petrampadu,0,0,0,0,,
280,06-I-42-03,kri-I-42-Ganginenipalem,02014400,Loya,0,0,0,0,,
281,06-I-42-03,kri-I-42-Ganginenipalem,02012500,Duggiralapadu,1072,0,1072,58960,,
282,06-I-42-03,kri-I-42-Ganginenipalem,02014700,Narsaiahgudem,1236,0,1236,67980,,
283,06-I-42-03,kri-I-42-Ganginenipalem,02014200,Atkuru,1385,0,1385,76175,,
284,06-I-42-06,Kri-I-42-Mylavaram,01992400,Morsumilli,3816,0,3816,209880,,
285,06-I-42-06,Kri-I-42-Mylavaram,01992900,Mulakalapenta,0,101,101,5555,,
286,06-I-42-06,Kri-I-42-Mylavaram,01992500,Pulluru,7330,0,7330,403150,,
287,06-I-42-06,Kri-I-42-Mylavaram,01992800,Dasullapalem,0,1037,1037,57035,,
288,06-I-42-06,Kri-I-42-Mylavaram,01992700,Jangalapalli,0,635,635,34925,,
289,06-I-42-06,Kri-I-42-Mylavaram,01993000,Chandrugudem,4651,0,4651,255805,,
290,06-I-42-06,Kri-I-42-Mylavaram,01993300,Sabjjapadu,0,708,708,38940,,
291,06-I-42-06,Kri-I-42-Mylavaram,01993100,Pondugala,3901,0,3901,214555,,
292,06-I-42-10,Kri-I-42-Reddigudem,01999200,Cheemalapadu,10134,0,10134,557370,,
293,06-I-42-10,Kri-I-42-Reddigudem,01999300,Madhavaram(West),1437,0,1437,79035,,
294,06-I-42-10,Kri-I-42-Reddigudem,01999400,Madhavaram(East),1153,0,1153,63415,,
295,06-I-42-10,Kri-I-42-Reddigudem,02000000,Kudapa,2719,0,2719,149545,,
296,06-I-42-10,Kri-I-42-Reddigudem,01999700,Kunaparajuparva,5138,0,5138,282590,,
297,06-I-42-10,Kri-I-42-Reddigudem,01999600,Maddulaparva,3916,0,3916,215380,,
298,06-I-42-10,Kri-I-42-Reddigudem,02000100,Rudravaram,2881,0,2881,158455,,
299,06-I-42-10,Kri-I-42-Reddigudem,01999900,Reddigudem,9507,0,9507,522885,,
300,06-I-42-10,Kri-I-42-Reddigudem,02000300,Rangapuram,5728,0,5728,315040,,
301,06-I-42-10,Kri-I-42-Reddigudem,02000200,Narukullapadu,1878,0,1878,103290,,
302,06-I-42-10,Kri-I-42-Reddigudem,02000400,Naguluru,3147,0,3147,173085,,
303,06-I-42-10,Kri-I-42-Reddigudem,02000500,Patha Nagulru,1093,0,1093,60115,,
304,06-I-42-10,Kri-I-42-Reddigudem,01999800,Anneraopeta,2550,0,2550,140250,,
305,06-I-42-10,Kri-I-42-Reddigudem,01993600,Vedurubeedem,1076,0,1076,59180,,
306,06-I-42-10,Kri-I-42-Reddigudem,01994000,Chandrala,4084,0,4084,224620,,
307,06-I-42-10,Kri-I-42-Reddigudem,01993500,Keerthirayanigudem,988,0,988,54340,,
308,06-I-42-10,Kri-I-42-Reddigudem,01993400,Velvadam,6388,0,6388,351340,,
309,06-I-42-10,Kri-I-42-Reddigudem,01993900,T.Gannavaram,738,0,738,40590,,
310,06-I-42-10,Kri-I-42-Reddigudem,01992600,Tolukodu,2221,0,2221,122155,,
311,06-I-42-10,Kri-I-42-Reddigudem,01993700,Kanimerla,1422,0,1422,78210,,
312,06-I-42-10,Kri-I-42-Reddigudem,01993800,Parvathapuram,0,0,0,0,,
313,06-I-42-10,Kri-I-42-Reddigudem,01994100,Ganapavaram,3453,0,3453,189915,,
314,06-I-42-10,Kri-I-42-Reddigudem,02013900,Koduru,3682,0,3682,202510,,
315,06-I-42-17,Kri-I-42-G.Konduru,02013600,Gurrajupalem,863,0,863,47465,,
316,06-I-42-17,Kri-I-42-G.Konduru,02013800,Nandigama,1252,0,1252,68860,,
317,06-I-42-17,Kri-I-42-G.Konduru,02013700,Kuntamukkala,3462,0,3462,190410,,
318,06-I-42-17,Kri-I-42-G.Konduru,02014000,Bhimavarappadu,837,0,837,46035,,
319,06-I-42-17,Kri-I-42-G.Konduru,02013500,Venkatapuram,1440,0,1440,79200,,
320,06-I-42-17,Kri-I-42-G.Konduru,02014100,Vellaturu,4455,0,4455,245025,,
321,06-I-42-17,Kri-I-42-G.Konduru,02013400,Chevuturu,2829,0,2829,155595,,
322,06-I-42-17,Kri-I-42-G.Konduru,02014900,H.Mutyalampadu,1381,0,1381,75955,,
323,06-I-42-17,Kri-I-42-G.Konduru,02015000,Kandulampadu,1047,0,1047,57585,,
324,06-I-42-17,Kri-I-42-G.Konduru,02015100,Chegireddipadu,556,0,556,30580,,
325,06-I-42-17,Kri-I-42-G.Konduru,02014800,Velagaleru,4975,0,4975,273625,,
326,06-I-42-17,Kri-I-42-G.Konduru,02014600,Kavuluru,7155,0,7155,393525,,
327,06-I-42-17,Kri-I-42-G.Konduru,02014500,Kadempothavaram,0,0,0,0,,
328,06-I-42-17,Kri-I-42-G.Konduru,02020500,Kondapalli,29857,0,29857,1642135,,
329,06-I-42-17,Kri-I-42-G.Konduru,02020700,Tummalapalem,2410,0,2410,132550,,
330,06-I-42-17,Kri-I-42-G.Konduru,02020600,Ilaprolu,1949,0,1949,107195,,
331,06-I-42-17,Kri-I-42-G.Konduru,02020800,Guntupalli,12008,0,12008,660440,,
332,06-I-42-17,Kri-I-42-G.Konduru,02020900,Kothuru,1068,0,1068,58740,,
333,06-I-42-17,Kri-I-42-G.Konduru,02020900,Tadepalli,4103,0,4103,225665,,
334,06-I-42-17,Kri-I-42-G.Konduru,02021300,Paidurupadu,2105,0,2105,115775,,
335,06-I-42-17,Kri-I-42-G.Konduru,02021500,Gollapudi,17845,0,17845,981475,,
336,06-I-42-17,Kri-I-42-G.Konduru,02021400,Rayanapadu,3428,0,3428,188540,,
337,06-I-42-17,Kri-I-42-G.Konduru,02021200,Shabada,752,0,752,41360,,
338,06-I-42-17,Kri-I-42-G.Konduru,02021100,Vemavaram,82,0,82,4510,,
339,06-I-42-17,Kri-I-42-G.Konduru,02021600,Jakkampudi,944,0,944,51920,,
340,06-I-42-17,Kri-I-42-G.Konduru,01993200,Mylavaram,18876,0,18876,1038180,,
341,06-I-42-17,Kri-I-42-G.Konduru,02020300,Malkapuram,800,0,800,44000,,
342,06-I-42-17,Kri-I-42-G.Konduru,02020400,Gudurupadu,0,0,0,0,,
343,06-I-42-23,Kri-I-42-Gannavaram,02011900,Kanasanapalli,1916,0.001,1916.001,105380.055,,
344,06-I-42-23,Kri-I-42-Gannavaram,02011800,Adavinekkalam,1826,0,1826,100430,,
345,06-I-42-23,Kri-I-42-Gannavaram,02011700,Pothavarappadu,474,0,474,26070,,
346,06-I-42-23,Kri-I-42-Gannavaram,02011400,Pinnamareddipalli,405,0,405,22275,,
347,06-I-42-23,Kri-I-42-Gannavaram,02022900,Gollanapalli,2754,0,2754,151470,,
348,06-I-42-23,Kri-I-42-Gannavaram,02022800,Gopavarapugudem,1070,0,1070,58850,,
349,06-I-42-23,Kri-I-42-Gannavaram,02023700,Purushottamapatnam,2065,0,2065,113575,,
350,06-I-42-23,Kri-I-42-Gannavaram,02022700,Kondapavuluru,2540,0,2540,139700,,
351,06-I-42-23,Kri-I-42-Gannavaram,02023800,Vedurupavuluru,7545,0,7545,414975,,
352,06-I-42-23,Kri-I-42-Gannavaram,02022600,Surampalli,7257,0,7257,399135,,
353,06-I-42-23,Kri-I-42-Gannavaram,02023900,Savarigudem,1147,0,1147,63085,,
354,06-I-42-23,Kri-I-42-Gannavaram,02024000,Jakkulanekkalam,798,0,798,43890,,
355,06-I-42-23,Kri-I-42-Gannavaram,02022500,Ramachandrapuram,500,0,500,27500,,
356,06-I-42-23,Kri-I-42-Gannavaram,02023500,Veerapanenigudem,4257,0,4257,234135,,
357,06-I-42-23,Kri-I-42-Gannavaram,02022000,Nunna,12390,0,12390,681450,,
358,06-I-42-23,Kri-I-42-Gannavaram,41603000,K.V.Khandrika,1231,0,1231,67705,,
359,06-I-42-23,Kri-I-42-Gannavaram,02021900,Pathapadu,2980,0,2980,163900,,
360,06-I-42-23,Kri-I-42-Gannavaram,02021800,Nainavaram,2475,0,2475,136125,,
361,06-I-42-23,Kri-I-42-Gannavaram,02024700,Ambapuram,1689,0,1689,92895,,
362,06-I-42-23,Kri-I-42-Gannavaram,41603000,Ramavarappadu,12802,0,12802,704110,,
363,06-I-42-23,Kri-I-42-Gannavaram,41603000,Prasadampadu,10501,0,10501,577555,,
364,06-I-42-23,Kri-I-42-Gannavaram,02022100,Enikepadu,8797,0,8797,483835,,
365,06-I-42-23,Kri-I-42-Gannavaram,02022200,Nidamanuru,8210,0,8210,451550,,
366,06-I-42-23,Kri-I-42-Gannavaram,02022300,Dane Atkuru,399,0,399,21945,,
367,06-I-42-23,Kri-I-42-Gannavaram,02022400,Gudavalli,4798,0,4798,263890,,
368,06-I-42-23,Kri-I-42-Gannavaram,41603000,Gunadala,5170,0,5170,284350,,
369,06-I-42-23,Kri-I-42-Gannavaram,41603000,Payakapuram,1189,0,1189,65395,,
370,06-I-42-24,Kri-I-42-Gannavaram,41603000,Vijayawada town,532539,0,532539,29289645,,
371,06-I-42-25,Kri-I-42-Gannavaram,41603000,Bhavanipuram,70630,0,70630,3884650,,
372,06-I-42-26,Kri-I-42-Gannavaram,41603000,Patamata,90993,0,90993,5004615,,
373,06-I-42-16,Kri-I-42-Agiripalli,02011200,Agiripalli,8242,0,8242,453310,,
374,06-I-42-16,Kri-I-42-Agiripalli,02012000,Thotapalli,1612,0,1612,88660,,
375,06-I-42-16,Kri-I-42-Agiripalli,02011300,Nugondapalli,1274,0,1274,70070,,
376,06-I-42-16,Kri-I-42-Agiripalli,02010300,Malliboinapalli,369,0,369,20295,,
377,06-I-42-16,Kri-I-42-Agiripalli,02010200,Eadara,5740,0,5740,315700,,
378,06-I-42-16,Kri-I-42-Agiripalli,02011600,Baddanapalli,343,0,343,18865,,
379,06-I-42-16,Kri-I-42-Agiripalli,02010600,Tadepalli,416,0,416,22880,,
380,06-I-42-16,Kri-I-42-Agiripalli,02010500,Vadlamanu,1750,0,1750,96250,,
381,06-I-42-16,Kri-I-42-Agiripalli,02011100,Chopparametla,1495,0,1495,82225,,
382,06-I-42-16,Kri-I-42-Agiripalli,02012100,Narasigapalem,1629,0,1629,89595,,
383,06-I-42-16,Kri-I-42-Agiripalli,02005400,Sunkollu,2689,0,2689,147895,,
384,06-I-42-16,Kri-I-42-Agiripalli,02005600,Bathulavarigudem,1906,0,1906,104830,,
385,06-I-42-16,Kri-I-42-Agiripalli,02005500,Eanamadala,2274,0,2274,125070,,
386,06-I-42-16,Kri-I-42-Agiripalli,02004800,Narsupeta,1480,0,1480,81400,,
387,06-I-42-16,Kri-I-42-Agiripalli,02023100,Metlapalli,553,0,553,30415,,
388,06-I-42-16,Kri-I-42-Agiripalli,02023400,Tempalli,2274,0,2274,125070,,
389,06-I-42-16,Kri-I-42-Agiripalli,02023000,Chikkavaram,1671,0,1671,91905,,
390,06-I-42-16,Kri-I-42-Agiripalli,02024900,Buthumillipadu,197,0,197,10835,,
391,06-I-42-16,Kri-I-42-Agiripalli,02023600,B.B.Gudem,1839,0,1839,101145,,
392,06-I-42-16,Kri-I-42-Agiripalli,02024400,Gannavaram,20444,0,20444,1124420,,
393,06-I-42-16,Kri-I-42-Agiripalli,02024500,Chinnaoutapalli,1554,0,1554,85470,,
394,06-I-42-16,Kri-I-42-Agiripalli,02024100,Kesarapalli,8675,0,8675,477125,,
395,06-I-42-16,Kri-I-42-Agiripalli,02024600,Allapuram,2015,0,2015,110825,,
396,06-I-42-16,Kri-I-42-Agiripalli,02024700,Buddavaram,8761,0,8761,481855,,
397,06-I-42-16,Kri-I-42-Agiripalli,02024800,Ajjempudi,1700,0,1700,93500,,
398,06-I-42-16,Kri-I-42-Agiripalli,02024300,V.N.Puram,602,0,602,33110,,
399,06-I-42-16,Kri-I-42-Agiripalli,02023300,Balliparru,705,0,705,38775,,
400,06-I-42-16,Kri-I-42-Agiripalli,02025000,Pedaoutapalli,4189,0,4189,230395,,
401,06-I-42-16,Kri-I-42-Agiripalli,02025100,Atkuru,5097,0,5097,280335,,
402,06-I-42-15,Kri-I-42-Bapulapadu,02010800,Anathasagaram,406,0,406,22330,,
403,06-I-42-15,Kri-I-42-Bapulapadu,02010900,Eadulagudem,2782,0,2782,153010,,
404,06-I-42-15,Kri-I-42-Bapulapadu,02011000,Kalaturu,1434,0,1434,78870,,
405,06-I-42-15,Kri-I-42-Bapulapadu,02012300,Krishnavaram,1679,0,1679,92345,,
406,06-I-42-15,Kri-I-42-Bapulapadu,02012400,Suravaram,444,0,444,24420,,
407,06-I-42-15,Kri-I-42-Bapulapadu,02012200,Sagguru,1315,0,1315,72325,,
408,06-I-42-15,Kri-I-42-Bapulapadu,02005700,Ravicherla,3416,0,3416,187880,,
409,06-I-42-15,Kri-I-42-Bapulapadu,02008000,Bapulapadu,13621,0,13621,749155,,
410,06-I-42-15,Kri-I-42-Bapulapadu,02007300,Mallavalli,3969,0,3969,218295,,
411,06-I-42-15,Kri-I-42-Bapulapadu,02008200,Remella,3423,0,3423,188265,,
412,06-I-42-15,Kri-I-42-Bapulapadu,02008300,Singannagudem,0,1083,1083,59565,,
413,06-I-42-15,Kri-I-42-Bapulapadu,02008400,Rangannagudem,0,934,934,51370,,
414,06-I-42-15,Kri-I-42-Bapulapadu,02008500,Shobanadripuram,0,995,995,54725,,
415,06-I-42-15,Kri-I-42-Bapulapadu,02008900,Veeravalli,6233,0,6233,342815,,
416,06-I-42-15,Kri-I-42-Bapulapadu,02008800,Kodurupadu,4123,0,4123,226765,,
417,06-I-42-15,Kri-I-42-Bapulapadu,02008700,Ampapuram,4044,0,4044,222420,,
418,06-I-42-15,Kri-I-42-Bapulapadu,02008100,Veleru,4579,0,4579,251845,,
419,06-I-42-15,Kri-I-42-Bapulapadu,02009000,Seri Narasannapalem,1131,0,1131,62205,,
420,06-I-42-15,Kri-I-42-Bapulapadu,02008600,Bandarugudem,2801,0,2801,154055,,
421,06-I-42-15,Kri-I-42-Bapulapadu,02023200,Sagguru Amani,0,0,0,0,,
422,06-I-40-13,Kri-I-40-Musunuru,02003200,Ramanakkapeta,,4475,4475,246125,,
423,06-I-40-13,Kri-I-40-Musunuru,02003300,Surepalli,,2063,2063,113465,,
424,06-I-40-13,Kri-I-40-Musunuru,02003400,Lopudi,,3035,3035,166925,,
425,06-I-40-13,Kri-I-40-Musunuru,02003500,Gullapudi,,5337,5337,293535,,
426,06-I-40-13,Kri-I-40-Musunuru,02003600,Chekkapalli,,5336,5336,293480,,
427,06-I-40-13,Kri-I-40-Musunuru,02003700,Akkireddigudem,,2912,2912,160160,,
428,06-I-40-13,Kri-I-40-Musunuru,02003800,Chintalavalli,,4420,4420,243100,,
429,06-I-40-13,Kri-I-40-Musunuru,02004100,Musunuru,,5912,5912,325160,,
430,06-I-40-13,Kri-I-40-Musunuru,02004200,Yallapurm,,1131,1131,62205,,
431,06-I-40-13,Kri-I-40-Musunuru,02004400,Gopavaram,,6134,6134,337370,,
432,06-I-40-13,Kri-I-40-Musunuru,02004300,Katrenipadu,,5174,5174,284570,,
433,06-I-40-13,Kri-I-40-Musunuru,02004000,Tallavalli,,102,102,5610,,
434,06-I-40-16,Kri-I-42-Chillaboinapalli,02004500,Balive,,1682,1682,92510,,
435,06-I-40-16,Kri-I-42-Chillaboinapalli,02004700,Velupucherla,,4039,4039,222145,,
436,06-I-40-16,Kri-I-42-Chillaboinapalli,02004600,Chillaboinapalli,,1548,1548,85140,,
437,06-I-40-16,Kri-I-42-Chillaboinapalli,02007600,Madicherla,,3967,3967,218185,,
,1,1,1,1,1,1,1,1,1,1
