S.No,Watershed code,Watershed Name, Village Name,Artificial recharge structure [comand area],,,,,,,,,,Artificial recharge structure [Non-comand area],,,,,,,,,,Artificial recharge structure [Poor-comand area],,,,,,,,,
,,,,Number PTs,"Storage 
ha-m",Number mini PTs,"Storage 
ha-m",Number CDs,"Storage 
ha-m",Number dop/ farm ponds,"Storage 
ha-m",other structures,Storage [ha.m],Number PTs,"Storage 
ha-m",Number mini PTs,"Storage 
ha-m",Number CDs,"Storage 
ha-m",Number dop/ farm ponds,"Storage 
ha-m",other structures,Storage [ha.m],Number PTs,"Storage 
ha-m",Number mini PTs,"Storage 
ha-m",Number CDs,"Storage 
ha-m",Number dop/ form ponds,"Storage 
ha-m",other structures,Storage [ha.m]
1,06-D-48-13,Kri-D-48-Budawada,Annavaram,0,0,0,0,0,0,0,0,0,0,0,0,0,0,0,0,0,0,0,0,,,,,,,,,,
2,06-D-48-13,Kri-D-48-Budawada,Budawada,0,0,0,0,0,0,3,0.17,0,0,0,0,0,0,0,0,0,0,0,0,,,,,,,,,,
3,06-D-48-13,Kri-D-48-Budawada,K.Agraharam,0,0,0,0,0,0,0,0,0,0,0,0,0,0,0,0,0,0,0,0,,,,,,,,,,
4,06-D-48-13,Kri-D-48-Budawada,Mukteswarapuram,0,0,0,0,0,0,0,0,0,0,0,0,0,0,0,0,0,0,0,0,,,,,,,,,,
5,06-D-48-02,Kri-D-48-Jaggaiahpeta,Buchavaram,0,0,0,0,0,0,0,0,0,0,,,,,,,,,,,,,,,,,,,,
6,06-D-48-02,Kri-D-48-Jaggaiahpeta,Gandrai,0,0,0,0,0,0,0,0,5,0.1,,,,,,,,,,,,,,,,,,,,
7,06-D-48-02,Kri-D-48-Jaggaiahpeta,Takkellapadu,0,0,0,0,0,0,0,0,0,0,,,,,,,,,,,,,,,,,,,,
8,06-D-48-02,Kri-D-48-Jaggaiahpeta,Garikapadu,0,0,0,0,0,0,0,0,0,0,,,,,,,,,,,,,,,,,,,,
9,06-D-48-02,Kri-D-48-Jaggaiahpeta,R.C.Peta,0,0,0,0,0,0,0,0,40,0.8,,,,,,,,,,,,,,,,,,,,
10,06-D-48-02,Kri-D-48-Jaggaiahpeta,Anumanchipalli,0,0,0,0,0,0,0,0,0,0,,,,,,,,,,,,,,,,,,,,
11,06-D-48-02,Kri-D-48-Jaggaiahpeta,Balusupadu,0,0,0,0,0,0,0,0,0,0,,,,,,,,,,,,,,,,,,,,
12,06-D-48-02,Kri-D-48-Jaggaiahpeta,S.M.peta,0,0,0,0,0,0,0,0,0,0,,,,,,,,,,,,,,,,,,,,
13,06-D-48-02,Kri-D-48-Jaggaiahpeta,Tirumalagiri,0,0,0,0,0,0,0,0,0,0,,,,,,,,,,,,,,,,,,,,
14,06-D-48-02,Kri-D-48-Jaggaiahpeta,Chillakallu,0,0,0,0,0,0,0,0,0,0,,,,,,,,,,,,,,,,,,,,
15,06-D-48-02,Kri-D-48-Jaggaiahpeta,Jaggaiahpeta,0,0,0,0,0,0,0,0,0,0,,,,,,,,,,,,,,,,,,,,
16,06-D-48-02,Kri-D-48-Jaggaiahpeta,Jayanthipuram,0,0,0,0,0,0,0,0,0,0,,,,,,,,,,,,,,,,,,,,
17,06-D-48-02,Kri-D-48-Jaggaiahpeta,Ravirala,0,0,0,0,0,0,0,0,0,0,,,,,,,,,,,,,,,,,,,,
18,06-D-48-02,Kri-D-48-Jaggaiahpeta,Torraguntapalem,0,0,0,0,0,0,0,0,0,0,,,,,,,,,,,,,,,,,,,,
19,06-D-48-02,Kri-D-48-Jaggaiahpeta,Ravikampadu,0,0,0,0,0,0,0,0,0,0,,,,,,,,,,,,,,,,,,,,
20,06-D-48-03,Kri-D-48-Jaggaiahpeta,Tripuravaram,0,0,0,0,0,0,0,0,0,0,,,,,,,,,,,,,,,,,,,,
21,06-D-48-02,Kri-D-48-Jaggaiahpeta,Dachupalem,0,0,0,0,0,0,0,0,0,0,,,,,,,,,,,,,,,,,,,,
22,06-D-48-02,Kri-D-48-Jaggaiahpeta,Mangollu,0,0,0,0,0,0,0,0,0,0,,,,,,,,,,,,,,,,,,,,
23,06-D-48-02,Kri-D-48-Jaggaiahpeta,V.B.Palem,0,0,0,0,0,0,0,0,,,,,,,,,,,,,,,,,,,,,,
24,06-D-49-01,Kri-D-49-Vatsavai,Indugupalli,0,0,0,0,0,0,0,0,0,0,0,0,0,0,0,0,0,0,0,0,,,,,,,,,,
25,06-D-49-01,Kri-D-49-Vatsavai,Pedamodupalli,0,0,0,0,0,0,0,0,0,0,0,0,0,0,0,0,0,0,0,0,,,,,,,,,,
26,06-D-49-01,Kri-D-49-Vatsavai,Chinmodupalli,0,0,0,0,0,0,0,0,0,0,0,0,0,0,0,0,0,0,0,0,,,,,,,,,,
27,06-D-49-01,Kri-D-49-Vatsavai,Kanneveedu,0,0,0,0,0,0,0,0,0,0,0,0,0,0,0,0,0,0,0,0,,,,,,,,,,
28,06-D-49-01,Kri-D-49-Vatsavai,Gopinenipalem,0,0,0,0,0,0,0,0,0,0,0,0,0,0,0,0,0,0,0,0,,,,,,,,,,
29,06-D-49-01,Kri-D-49-Vatsavai,Chityala,0,0,0,0,0,0,0,0,0,0,0,0,0,0,0,0,0,0,0,0,,,,,,,,,,
30,06-D-49-01,Kri-D-49-Vatsavai,Makkapeta,0,0,0,0,0,0,0,0,0,0,0,0,0,0,0,0,0,0,0,0,,,,,,,,,,
31,06-D-49-01,Kri-D-49-Vatsavai,Bhimavaram,0,0,0,0,0,0,0,0,0,0,0,0,0,0,0,0,0,0,0,0,,,,,,,,,,
32,06-D-49-01,Kri-D-49-Vatsavai,Hassanbada,0,0,0,0,0,0,0,0,0,0,0,0,0,0,0,0,0,0,0,0,,,,,,,,,,
33,06-D-49-01,Kri-D-49-Vatsavai,Malkapuram,0,0,0,0,0,0,0,0,0,0,0,0,0,0,0,0,0,0,0,0,,,,,,,,,,
34,06-D-49-01,Kri-D-49-Vatsavai,Gowravaram,0,0,0,0,0,0,0,0,0,0,0,0,0,0,0,0,0,0,0,0,,,,,,,,,,
35,06-D-49-01,Kri-D-49-Vatsavai,Pochampalli,0,0,0,0,0,0,0,0,0,0,0,0,0,0,0,0,0,0,0,0,,,,,,,,,,
36,06-D-49-01,Kri-D-49-Vatsavai,Bandipalem,0,0,0,0,0,0,0,0,0,0,0,0,0,0,0,0,0,0,0,0,,,,,,,,,,
37,06-D-49-01,Kri-D-49-Vatsavai,Penuganchiprolu,0,0,0,0,0,0,0,0,0,0,0,0,0,0,0,0,0,0,0,0,,,,,,,,,,
38,06-D-49-01,Kri-D-49-Vatsavai,Lingagudem,0,0,0,0,0,0,0,0,0,0,0,0,0,0,0,0,0,0,0,0,,,,,,,,,,
39,06-D-49-01,Kri-D-49-Vatsavai,Kollikulla,0,0,0,0,0,0,0,0,0,0,0,0,0,0,0,0,0,0,0,0,,,,,,,,,,
40,06-D-49-01,Kri-D-49-Vatsavai,Subbayagudem,0,0,0,0,0,0,0,0,0,0,0,0,0,0,0,0,0,0,0,0,,,,,,,,,,
41,06-D-49-01,Kri-D-49-Vatsavai,Mundlapadu,0,0,0,0,0,0,0,0,0,0,0,0,0,0,0,0,0,0,0,0,,,,,,,,,,
42,06-D-49-01,Kri-D-49-Vatsavai,Konakanchi,0,0,0,0,0,0,0,0,0,0,0,0,0,0,0,0,0,0,0,0,,,,,,,,,,
43,06-D-49-01,Kri-D-49-Vatsavai,Nawabpeta,0,0,0,0,0,0,0,0,0,0,0,0,0,0,0,0,0,0,0,0,,,,,,,,,,
44,06-D-49-01,Kri-D-49-Vatsavai,Venkatapuram,0,0,0,0,0,0,0,0,0,0,0,0,0,0,0,0,0,0,0,0,,,,,,,,,,
45,06-D-49-01,Kri-D-49-Vatsavai,Senagapadu,0,0,0,0,0,0,0,0,0,0,0,0,0,0,0,0,0,0,0,0,,,,,,,,,,
46,06-D-49-01,Kri-D-49-Vatsavai,Thotacherala,0,0,0,0,0,0,0,0,0,0,0,0,0,0,0,0,0,0,0,0,,,,,,,,,,
47,06-D-49-01,Kri-D-49-Vatsavai,Munagacherla,0,0,0,0,0,0,0,0,0,0,0,0,0,0,0,0,0,0,0,0,,,,,,,,,,
48,06-D-49-01,Kri-D-49-Vatsavai,Nandigama,0,0,0,0,0,0,0,0,0,0,0,0,0,0,0,0,0,0,0,0,,,,,,,,,,
49,06-D-49-03,Kri-D-49-Penuganchiprolu,Muchintala,,,,,,,,,,,,,,,,,,,,,,,,,,,,,,
50,06-D-49-03,Kri-D-49-Penuganchiprolu,Anigandlapadu,,,,,,,,,,,,,,,,,,,,,,,,,,,,,,
51,06-D-49-03,Kri-D-49-Penuganchiprolu,Gummadiduru,,,,,,,,,,,,,,,,,,,,,,,,,,,,,,
52,06-D-49-03,Kri-D-49-Penuganchiprolu,Allurupadu,,,,,,,,,,,,,,,,,,,,,,,,,,,,,,
53,06-D-49-03,Kri-D-49-Penuganchiprolu,Vemavaram,,,,,,,,,,,,,,,,,,,,,,,,,,,,,,
54,06-D-49-03,Kri-D-49-Penuganchiprolu,Khambhampadu,,,,,,,,,,,,,,,,,,,,,,,,,,,,,,
55,06-D-49-03,Kri-D-49-Penuganchiprolu,Rebbavaram,,,,,,,,,,,,,,,,,,,,,,,,,,,,,,
56,06-D-49-03,Kri-D-49-Penuganchiprolu,Polampalli,,,,,,,,,,,,,,,,,,,,,,,,,,,,,,
57,06-D-49-03,Kri-D-49-Penuganchiprolu,Dabbakupalli,,,,,,,,,,,,,,,,,,,2,0.04,,,,,,,,,,
58,06-D-49-03,Kri-D-49-Penuganchiprolu,Pochavaram,,,,,,,,,,,,,,,,,,,,,,,,,,,,,,
59,06-D-49-03,Kri-D-49-Penuganchiprolu,Vatsavai,,,,,,,,,,,,,,,,,,,,,,,,,,,,,,
60,06-D-49-03,Kri-D-49-Penuganchiprolu,Gangavalli,,,,,,,,,,,,,,,,,,,,,,,,,,,,,,
61,06-D-49-03,Kri-D-49-Penuganchiprolu,Lingala,,,,,,,,,,,,,,,,,,,,,,,,,,,,,,
62,06-D-49-03,Kri-D-49-Penuganchiprolu,Magallu,,,,,,,,,,,,,,,,,,,,,,,,,,,,,,
63,06-D-49-03,Kri-D-49-Penuganchiprolu,Pallagiri,,,,,,,,,,,,,,,,,,,,,,,,,,,,,,
64,06-D-49-03,Kri-D-49-Penuganchiprolu,Satyavaram,,,,,,,,,,,,,,,,,,,,,,,,,,,,,,
65,06-D-49-03,Kri-D-49-Penuganchiprolu,Ramireddipalli,,,,,,,,,,,,,,,,,,,,,,,,,,,,,,
66,06-D-49-03,Kri-D-49-Penuganchiprolu,Konduru,,,,,,,,,,,,,,,,,,,,,,,,,,,,,,
67,06-D-49-04,Kri-D-49-Nandigama,Takkellapadu,0,0,0,0,0,0,0,0,0,0,,,,,,,,,,,,,,,,,,,,
68,06-D-49-04,Kri-D-49-Nandigama,Lingalapadu,0,0,0,0,0,0,0,0,0,0,,,,,,,,,,,,,,,,,,,,
69,06-D-49-04,Kri-D-49-Nandigama,Latchapalem,0,0,0,0,0,0,0,0,0,0,,,,,,,,,,,,,,,,,,,,
70,06-D-49-04,Kri-D-49-Nandigama,Adaviravulapadu,0,0,0,0,0,0,0,0,0,0,,,,,,,,,,,,,,,,,,,,
71,06-D-49-04,Kri-D-49-Nandigama,K.Kandrika,0,0,0,0,0,0,0,0,0,0,,,,,,,,,,,,,,,,,,,,
72,06-D-49-04,Kri-D-49-Nandigama,Chandapuram,0,0,0,0,0,0,0,0,0,0,,,,,,,,,,,,,,,,,,,,
73,06-D-49-04,Kri-D-49-Nandigama,Ambarupeta,0,0,0,0,0,0,0,0,0,0,,,,,,,,,,,,,,,,,,,,
74,06-D-49-04,Kri-D-49-Nandigama,Itavaram,0,0,0,0,0,0,0,0,0,0,,,,,,,,,,,,,,,,,,,,
75,06-D-49-04,Kri-D-49-Nandigama,Ketaveerunipadu,0,0,0,0,0,0,0,0,0,0,,,,,,,,,,,,,,,,,,,,
76,06-D-49-04,Kri-D-49-Nandigama,Kanchela,0,0,0,0,0,0,0,0,0,0,,,,,,,,,,,,,,,,,,,,
77,06-D-49-04,Kri-D-49-Nandigama,Medipalem,0,0,0,0,0,0,0,0,0,0,,,,,,,,,,,,,,,,,,,,
78,06-D-49-04,Kri-D-49-Nandigama,Munagalapalli,0,0,0,0,0,0,0,0,0,0,,,,,,,,,,,,,,,,,,,,
79,06-D-49-04,Kri-D-49-Nandigama,Muppala,0,0,0,0,0,0,0,0,0,0,,,,,,,,,,,,,,,,,,,,
80,06-D-49-04,Kri-D-49-Nandigama,Thurlapadu,0,0,0,0,0,0,0,0,0,0,,,,,,,,,,,,,,,,,,,,
81,06-D-49-04,Kri-D-49-Nandigama,Thotaravulapadu,0,0,0,0,0,0,0,0,0,0,,,,,,,,,,,,,,,,,,,,
82,06-D-49-04,Kri-D-49-Nandigama,Chintalapadu,0,0,0,0,0,0,0,0,0,0,,,,,,,,,,,,,,,,,,,,
83,06-D-49-04,Kri-D-49-Nandigama,Eturu,0,0,0,0,0,0,0,0,0,0,,,,,,,,,,,,,,,,,,,,
84,06-D-49-04,Kri-D-49-Nandigama,Gandepalli,0,0,0,0,0,0,0,0,0,0,,,,,,,,,,,,,,,,,,,,
85,06-D-49-04,Kri-D-49-Nandigama,Keesara,0,0,0,0,0,0,0,0,0,0,,,,,,,,,,,,,,,,,,,,
86,06-D-49-04,Kri-D-49-Nandigama,Saidapuram,0,0,0,0,0,0,0,0,0,0,,,,,,,,,,,,,,,,,,,,
87,06-D-49-04,Kri-D-49-Nandigama,Pendyala,0,0,0,0,0,0,0,0,0,0,,,,,,,,,,,,,,,,,,,,
88,06-D-49-04,Kri-D-49-Nandigama,Vemulapalli,0,0,0,0,0,0,0,0,0,0,,,,,,,,,,,,,,,,,,,,
89,06-D-49-04,Kri-D-49-Nandigama,S.Amaravaram,0,0,0,0,0,0,0,0,0,0,,,,,,,,,,,,,,,,,,,,
90,06-D-49-04,Kri-D-49-Nandigama,Moguluru,0,0,0,0,0,0,0,0,0,0,,,,,,,,,,,,,,,,,,,,
91,06-D-49-04,Kri-D-49-Nandigama,Munnaluru,0,0,0,0,1,0.048,0,0,0,0,,,,,,,,,,,,,,,,,,,,
92,06-D-51-19,Kri-D-51-Chandarlapadu,Vedadri,0,0,0,0,0,0,0,0,0,0,0,0,0,0,0,0,0,0,0,0,,,,,,,,,,
93,06-D-51-19,Kri-D-51-Chandarlapadu,Peddavaram,0,0,0,0,0,0,0,0,0,0,0,0,0,0,0,0,0,0,0,0,,,,,,,,,,
94,06-D-51-19,Kri-D-51-Chandarlapadu,Katrenipalli,0,0,0,0,0,0,0,0,0,0,0,0,0,0,0,0,0,0,0,0,,,,,,,,,,
95,06-D-51-19,Kri-D-51-Chandarlapadu,Gudimetla,0,0,0,0,0,0,0,0,0,0,0,0,0,0,0,0,0,0,0,0,,,,,,,,,,
96,06-D-51-19,Kri-D-51-Chandarlapadu,Brahma botlapalem,0,0,0,0,0,0,0,0,0,0,0,0,0,0,0,0,0,0,0,0,,,,,,,,,,
97,06-D-51-19,Kri-D-51-Chandarlapadu,Konayapalem,0,0,0,0,1,0.048,0,0,0,0,0,0,0,0,0,0,0,0,0,0,,,,,,,,,,
98,06-D-51-19,Kri-D-51-Chandarlapadu,Gudimetlapalem,0,0,0,0,0,0,0,0,0,0,0,0,0,0,0,0,0,0,0,0,,,,,,,,,,
99,06-D-51-19,Kri-D-51-Chandarlapadu,Bobbillapadu,0,0,0,0,0,0,0,0,0,0,0,0,0,0,0,0,0,0,0,0,,,,,,,,,,
100,06-D-51-19,Kri-D-51-Chandarlapadu,Chandarlapadu ,0,0,0,0,0,0,0,0,0,0,0,0,0,0,0,0,0,0,0,0,,,,,,,,,,
101,06-D-51-19,Kri-D-51-Chandarlapadu,Patempadu,0,0,0,0,0,0,0,0,0,0,0,0,0,0,0,0,0,0,0,0,,,,,,,,,,
102,06-D-51-19,Kri-D-51-Chandarlapadu,Kasarabada,0,0,0,0,0,0,3,0.17,0,0,0,0,0,0,0,0,0,0,0,0,,,,,,,,,,
103,06-D-51-19,Kri-D-51-Chandarlapadu,Ustepalli,0,0,0,0,0,0,0,0,0,0,0,0,0,0,0,0,0,0,0,0,,,,,,,,,,
104,06-D-51-19,Kri-D-51-Chandarlapadu,Pokkunuru,0,0,0,0,0,0,0,0,0,0,0,0,0,0,0,0,0,0,0,0,,,,,,,,,,
105,06-D-51-19,Kri-D-51-Chandarlapadu,Kodavatikallu,0,0,0,0,0,0,0,0,0,0,0,0,0,0,0,0,0,0,0,0,,,,,,,,,,
106,06-D-51-19,Kri-D-51-Chandarlapadu,Veladikothapalem,0,0,0,0,0,0,0,0,0,0,0,0,0,0,0,0,0,0,0,0,,,,,,,,,,
107,06-D-51-19,Kri-D-51-Chandarlapadu,Punnavalli,0,0,0,0,0,0,0,0,0,0,0,0,0,0,0,0,0,0,0,0,,,,,,,,,,
108,06-D-51-19,Kri-D-51-Chandarlapadu,Popuru,0,0,0,0,0,0,0,0,0,0,0,0,0,0,0,0,0,0,0,0,,,,,,,,,,
109,06-D-51-19,Kri-D-51-Chandarlapadu,Vipareetalapadu,0,0,0,0,0,0,0,0,0,0,0,0,0,0,0,0,0,0,0,0,,,,,,,,,,
110,06-D-49-02,Kri-D-49-Nemali,Ummadidevarapalli,0,0,1,0.75,0,0,0,0,0,0,,,,,,,,,,,,,,,,,,,,
111,06-D-49-02,Kri-D-49-Nemali,Nemali,0,0,4,0.3,0,0,0,0,0,0,,,,,,,,,,,,,,,,,,,,
112,06-D-49-02,Kri-D-49-Nemali,Konijerla,0,0,0,0,0,0,0,0,0,0,,,,,,,,,,,,,,,,,,,,
113,06-D-49-04,Kri-D-49-Utukuru,Utukuru,0,0,0,0,1,0.048,0,0,0,0,,,,,,,,,,,,,,,,,,,,
114,06-D-49-04,Kri-D-49-Utukuru,Dundiralapadu,0,0,0,0,0,0,0,0,0,0,,,,,,,,,,,,,,,,,,,,
115,06-D-49-04,Kri-D-49-Utukuru,Penugolenu,0,0,0,0,5,0.24,0,0,0,0,,,,,,,,,,,,,,,,,,,,
116,06-D-49-04,Kri-D-49-Utukuru,Tunikipadu,0,0,0,0,0,0,0,0,0,0,,,,,,,,,,,,,,,,,,,,
117,06-D-49-04,Kri-D-49-Utukuru,Rajavaram,0,0,1,0.075,0,0,0,0,0,0,,,,,,,,,,,,,,,,,,,,
118,06-D-49-07,Kri-D-49-Talluru,Kakaravai,0,0,0,0,0,0,0,0,0,0,,,,,,,,,,,,,,,,,,,,
119,06-D-49-07,Kri-D-49-Talluru,Machinenipalem,0,0,0,0,0,0,0,0,0,0,,,,,,,,,,,,,,,,,,,,
120,06-D-49-07,Kri-D-49-Talluru,Talluru,0,0,0,0,0,0,0,0,0,0,,,,,,,,,,,,,,,,,,,,
121,06-D-49-07,Kri-D-49-Talluru,Vemulanarva,0,0,0,0,0,0,0,0,0,0,,,,,,,,,,,,,,,,,,,,
122,06-D-49-10,Kri-D-49--K.Atmakuru,K.Atmakuru,,,,,,,,,,,,,,,,,,,,,,,,,,,,,,
123,06-D-49-10,Kri-D-49--K.Atmakuru,Jonnalagadda,,,,,,,,,,,,,,,,,,,,,,,,,,,,,,
124,06-D-49-10,Kri-D-49--K.Atmakuru,V.Annavaram,,,,,,,,,,,,,,,,,,,,,,,,,,,,,,
125,06-D-49-05,Kri-D-49-Veerulapadu,Torragudipadu,0,0,0,0,0,0,0,0,0,0,,,,,,,,,,,,,,,,,,,,
126,06-D-49-05,Kri-D-49-Veerulapadu,Damuluru,0,0,0,0,0,0,0,0,0,0,,,,,,,,,,,,,,,,,,,,
127,06-D-49-05,Kri-D-49-Veerulapadu,Somavaram,0,0,0,0,0,0,0,0,0,0,,,,,,,,,,,,,,,,,,,,
128,06-D-49-05,Kri-D-49-Veerulapadu,Rudravaram,0,0,0,0,0,0,0,0,0,0,,,,,,,,,,,,,,,,,,,,
129,06-D-49-05,Kri-D-49-Veerulapadu,Gollamudi,0,0,0,0,0,0,0,0,0,0,,,,,,,,,,,,,,,,,,,,
130,06-D-49-05,Kri-D-49-Veerulapadu,Raghavapuram,0,0,0,0,0,0,0,0,0,0,,,,,,,,,,,,,,,,,,,,
131,06-D-49-05,Kri-D-49-Veerulapadu,Pallempalli,0,0,0,0,0,0,0,0,0,0,,,,,,,,,,,,,,,,,,,,
132,06-D-49-05,Kri-D-49-Veerulapadu,Konatanapalli,0,0,0,0,0,0,0,0,0,0,,,,,,,,,,,,,,,,,,,,
133,06-D-49-05,Kri-D-49-Veerulapadu,Choutapalli,0,0,0,0,0,0,0,0,0,0,,,,,,,,,,,,,,,,,,,,
134,06-D-49-05,Kri-D-49-Veerulapadu,Chattannavaram,0,0,0,0,0,0,0,0,0,0,,,,,,,,,,,,,,,,,,,,
135,06-D-49-05,Kri-D-49-Veerulapadu,Dachavaram,0,0,0,0,0,0,0,0,0,0,,,,,,,,,,,,,,,,,,,,
136,06-D-49-05,Kri-D-49-Veerulapadu,Vellanki,0,0,0,0,0,0,0,0,0,0,,,,,,,,,,,,,,,,,,,,
137,06-D-49-05,Kri-D-49-Veerulapadu,Tatigummi,0,0,0,0,0,0,0,0,0,0,,,,,,,,,,,,,,,,,,,,
138,06-D-49-05,Kri-D-49-Veerulapadu,Gokharajupalli,0,0,0,0,0,0,0,0,0,0,,,,,,,,,,,,,,,,,,,,
139,06-D-49-05,Kri-D-49-Veerulapadu,Nandaluru,0,0,0,0,0,0,0,0,0,0,,,,,,,,,,,,,,,,,,,,
140,06-D-49-05,Kri-D-49-Veerulapadu,Bodawada,0,0,0,0,0,0,0,0,0,0,,,,,,,,,,,,,,,,,,,,
141,06-D-49-05,Kri-D-49-Veerulapadu,Lakshmipuram,0,0,0,0,0,0,0,0,0,0,,,,,,,,,,,,,,,,,,,,
142,06-D-49-05,Kri-D-49-Veerulapadu,Jammavaram,0,0,0,0,0,0,0,0,0,0,,,,,,,,,,,,,,,,,,,,
143,06-D-49-01,Kri-D-49-Peddavaram,Akkapalem,0,0,0,0,0,0,0,0,0,0,,,,,,,,,,,,,,,,,,,,
144,06-D-49-01,Kri-D-49-Peddavaram,Chintalapadu,2,0.5,1,0.075,0,0,0,0,0,0,,,,,,,,,,,,,,,,,,,,
145,06-D-49-01,Kri-D-49-Peddavaram,Erramadu,0,0,0,0,0,0,0,0,0,0,,,,,,,,,,,,,,,,,,,,
146,06-D-49-01,Kri-D-49-Peddavaram,Mustikuntla,0,0,0,0,0,0,0,0,0,0,,,,,,,,,,,,,,,,,,,,
147,06-D-49-01,Kri-D-49-Peddavaram,Munukulla,0,0,0,0,0,0,0,0,0,0,,,,,,,,,,,,,,,,,,,,
148,06-D-49-01,Kri-D-49-Peddavaram,Peddavaram,0,0,0,0,0,0,0,0,0,0,,,,,,,,,,,,,,,,,,,,
149,06-D-49-01,Kri-D-49-Peddavaram,Vamakuntla,0,0,0,0,0,0,0,0,0,0,,,,,,,,,,,,,,,,,,,,
150,06-D-49-01,Kri-D-49-Peddavaram,Vavilala,0,0,0,0,0,0,0,0,0,0,,,,,,,,,,,,,,,,,,,,
151,06-D-49-08,Kri-D-49-Tiruvuru,Tiruvuru,0,0,0,0,0,0,0,0,0,0,,,,,,,,,,,,,,,,,,,,
152,06-D-49-08,Kri-D-49-Tiruvuru,Chittela,0,0,0,0,1,0.1,0,0,0,0,,,,,,,,,,,,,,,,,,,,
153,06-D-49-08,Kri-D-49-Tiruvuru,Kokilampadu,0,0,0,0,0,0,0,0,0,0,,,,,,,,,,,,,,,,,,,,
154,06-D-49-08,Kri-D-49-Tiruvuru,Anjaneyapuram,1,0.25,0,0,0,0,0,0,0,0,,,,,,,,,,,,,,,,,,,,
155,06-D-49-08,Kri-D-49-Tiruvuru,Lakshmipuram,0,0,0,0,0,0,0,0,0,0,,,,,,,,,,,,,,,,,,,,
156,06-D-49-08,Kri-D-49-Tiruvuru,Rolupadi,0,0,0,0,2,0.2,0,0,0,0,,,,,,,,,,,,,,,,,,,,
157,06-D-49-09,Kri-D-49-A.Konduru,Vallampatla,0,0,0,0,0,0,0,0,0,0,,,,,,,,,,,,,,,,,,,,
158,06-D-49-09,Kri-D-49-A.Konduru,Marepalli,0,0,0,0,0,0,0,0,0,0,,,,,,,,,,,,,,,,,,,,
159,06-D-49-09,Kri-D-49-A.Konduru,Polisettipadu,0,0,0,0,1,0.048,0,0,0,0,,,,,,,,,,,,,,,,,,,,
160,06-D-49-09,Kri-D-49-A.Konduru,Mallela,0,0,0,0,2,0.2,0,0,0,0,,,,,,,,,,,,,,,,,,,,
161,06-D-49-09,Kri-D-49-A.Konduru,Vemireddipalli,0,0,0,0,0,0,0,0,0,0,,,,,,,,,,,,,,,,,,,,
162,06-D-49-10,Kri-D-49-A.Konduru,Ramannapalem,0,0,0,0,6,0.288,0,0,59,0,,,,,,,,,,,,,,,,,,,,
163,06-D-49-11,Kri-D-49-Vissannapeta,Kambhampadu,0,0,2,0.15,8,0.384,0,0,32,0.032,,,,,,,,,,,,,,,,,,,,
164,06-D-49-11,Kri-D-49-Vissannapeta,Atlapragada,0,0,0,0,0,0,0,0,0,0,,,,,,,,,,,,,,,,,,,,
165,06-D-49-11,Kri-D-49-Vissannapeta,A.Konduru,0,0,0,0,4,0.192,0,0,0,0,,,,,,,,,,,,,,,,,,,,
166,06-D-49-11,Kri-D-49-Vissannapeta,Kummarikuntla,0,0,0,0,0,0,0,0,0,0,,,,,,,,,,,,,,,,,,,,
167,06-D-49-11,Kri-D-49-Vissannapeta,Repudi,0,0,0,0,17,0.816,0,0,19,0.06,,,,,,,,,,,,,,,,,,,,
168,06-D-49-11,Kri-D-49-Vissannapeta,Gollamandala,0,0,0,0,2,0.196,0,0,0,0,,,,,,,,,,,,,,,,,,,,
169,06-D-49-11,Kri-D-49-Vissannapeta,Koduru,0,0,0,0,2,0.196,0,0,0,0,,,,,,,,,,,,,,,,,,,,
170,06-D-49-11,Kri-D-49-Vissannapeta,Tatakuntla,0,0,0,0,0,0,0,0,0,0,,,,,,,,,,,,,,,,,,,,
171,06-D-49-11,Kri-D-49-Vissannapeta,Telladevarapalli,0,0,0,0,0,0,0,0,0,0,,,,,,,,,,,,,,,,,,,,
172,06-D-49-11,Kri-D-49-Vissannapeta,Vissannapeta,1,0.2,2,0.15,4,0.192,0,0,58,0.058,,,,,,,,,,,,,,,,,,,,
173,06-D-49-11,Kri-D-49-Vissannapeta,Chandrupatla,0,0,0,0,0,0,0,0,0,0,,,,,,,,,,,,,,,,,,,,
174,06-D-49-11,Kri-D-49-Vissannapeta,Narsapuram,0,0,0,0,0,0,0,0,0,0,,,,,,,,,,,,,,,,,,,,
175,06-D-49-11,Kri-D-49-Vissannapeta,Putrela,0,0,0,0,7,0.336,0,0,84,0.084,,,,,,,,,,,,,,,,,,,,
176,06-D-49-11,Kri-D-49-Vissannapeta,Kalagara,0,0,0,0,0,0,0,0,0,0,,,,,,,,,,,,,,,,,,,,
177,06-D-49-11,Kri-D-49-Vissannapeta,Korlamanda,0,0,0,0,0,0,0,0,0,0,,,,,,,,,,,,,,,,,,,,
178,06-D-49-11,Kri-D-49-Vissannapeta,Chanubanda,0,0,0,0,0,0,0,0,0,0,,,,,,,,,,,,,,,,,,,,
179,06-D-49-11,Kri-D-49-Vissannapeta,Krishnaraopalem,0,0,0,0,0,0,0,0,0,0,,,,,,,,,,,,,,,,,,,,
180,06-D-49-11,Kri-D-49-Vissannapeta,Kanumuru,0,0,7,0.525,5,0.24,0,0,60,0.06,,,,,,,,,,,,,,,,,,,,
181,06-D-49-11,Kri-D-49-Vissannapeta,Muchinapalli,0,0,0,0,2,0.096,0,0,14,0.04,,,,,,,,,,,,,,,,,,,,
182,06-D-49-11,Kri-D-49-Vissannapeta,Ganugapadu,2,0.5,0,0,0,0,0,0,0,0,,,,,,,,,,,,,,,,,,,,
183,06-D-49-07,Kri-D-49-Gampalagudem,Gampalagudem,0,0,0,0,0,0,0,0,0,0,,,,,,,,,,,,,,,,,,,,
184,06-D-49-07,Kri-D-49-Gampalagudem,Arlapadu,0,0,2,0.15,0,0,0,0,0,0,,,,,,,,,,,,,,,,,,,,
185,06-D-49-07,Kri-D-49-Gampalagudem,Chennavaram,0,0,0,0,0,0,0,0,0,0,,,,,,,,,,,,,,,,,,,,
186,06-D-49-07,Kri-D-49-Gampalagudem,Gosaveedu,0,0,0,0,0,0,0,0,0,0,,,,,,,,,,,,,,,,,,,,
187,06-D-49-07,Kri-D-49-Gampalagudem,Kothapalli,0,0,1,0.075,0,0,0,0,0,0,,,,,,,,,,,,,,,,,,,,
188,06-D-49-07,Kri-D-49-Gampalagudem,Lingala,0,0,1,0.075,0,0,0,0,0,0,,,,,,,,,,,,,,,,,,,,
189,06-D-49-07,Kri-D-49-Gampalagudem,Meduru,0,0,8,0.6,2,0.096,0,0,0,0,,,,,,,,,,,,,,,,,,,,
190,06-D-49-07,Kri-D-49-Gampalagudem,Pedakomira,0,0,0,0,0,0,0,0,0,0,,,,,,,,,,,,,,,,,,,,
191,06-D-49-07,Kri-D-49-Gampalagudem,Vinagadapa,0,0,5,0.375,5,0.24,1,0.057,72,0.07,,,,,,,,,,,,,,,,,,,,
192,06-D-49-07,Kri-D-49-Gampalagudem,Narikampadu,0,0,0,0,0,0,0,0,0,0,,,,,,,,,,,,,,,,,,,,
193,06-D-49-07,Kri-D-49-Gampalagudem,Anumullanka,0,0,1,0.075,2,0.096,0,0,0,0,,,,,,,,,,,,,,,,,,,,
194,06-D-49-07,Kri-D-49-Gampalagudem,Gullapudi,0,0,2,0.15,0,0,0,0,0,0,,,,,,,,,,,,,,,,,,,,
195,06-D-49-03,Kri-D-49-Jayanthi,Veerullapadu,0,0,0,0,2,0.2,0,0,0,0,,,,,,,,,,,,,,,,,,,,
196,06-D-49-03,Kri-D-49-Jayanthi,Jayanthi,0,0,0,0,0,0,0,0,0,0,,,,,,,,,,,,,,,,,,,,
197,06-D-49-03,Kri-D-49-Jayanthi,Dodda Devarapadu,0,0,0,0,0,0,0,0,0,0,,,,,,,,,,,,,,,,,,,,
198,06-D-49-03,Kri-D-49-Jayanthi,Ramapuram,0,0,0,0,0,0,0,0,0,0,,,,,,,,,,,,,,,,,,,,
199,06-D-51-18,Kri-D-51-Kanchikacherla ,Peddapuram,0,0,0,0,0,0,0,0,0,0,,,,,,,,,,,,,,,,,,,,
200,06-D-51-18,Kri-D-51-Kanchikacherla ,G.Madhavaram,0,0,0,0,0,0,0,0,0,0,,,,,,,,,,,,,,,,,,,,
201,06-D-51-18,Kri-D-51-Kanchikacherla ,Thimmapuram,0,0,0,0,0,0,0,0,0,0,,,,,,,,,,,,,,,,,,,,
202,06-D-51-18,Kri-D-51-Kanchikacherla ,Alluru,0,0,0,0,0,0,0,0,0,0,,,,,,,,,,,,,,,,,,,,
203,06-D-51-18,Kri-D-51-Kanchikacherla ,Chennaraopalem,0,0,0,0,0,0,0,0,0,0,,,,,,,,,,,,,,,,,,,,
204,06-D-51-18,Kri-D-51-Kanchikacherla ,Jujjuru,0,0,0,0,0,0,0,0,0,0,,,,,,,,,,,,,,,,,,,,
205,06-D-51-18,Kri-D-51-Kanchikacherla ,N.R.Palem,0,0,0,0,0,0,0,0,0,0,,,,,,,,,,,,,,,,,,,,
206,06-D-51-18,Kri-D-51-Kanchikacherla ,Jaganadhapuram,0,0,0,0,0,0,0,0,0,0,,,,,,,,,,,,,,,,,,,,
207,06-D-51-18,Kri-D-51-Kanchikacherla ,Ponnavaram,0,0,0,0,0,0,0,0,0,0,,,,,,,,,,,,,,,,,,,,
208,06-D-51-18,Kri-D-51-Kanchikacherla ,Peerakalapadu,0,0,0,0,0,0,0,0,0,0,,,,,,,,,,,,,,,,,,,,
209,06-D-51-18,Kri-D-51-Kanchikacherla ,Gottumukkala,0,0,0,0,2,0.2,0,0,0,0,,,,,,,,,,,,,,,,,,,,
210,06-D-51-18,Kri-D-51-Kanchikacherla ,Kanchikacherla,0,0,0,0,0,0,0,0,0,0,,,,,,,,,,,,,,,,,,,,
211,06-D-51-18,Kri-D-51-Kanchikacherla ,Paritala,0,0,0,0,0,0,0,0,0,0,,,,,,,,,,,,,,,,,,,,
212,06-D-51-18,Kri-D-51-Kanchikacherla ,Bathinapadu,0,0,0,0,0,0,0,0,0,0,,,,,,,,,,,,,,,,,,,,
213,06-D-51-18,Kri-D-51-Kanchikacherla ,Chevitikallu,0,0,0,0,0,0,0,0,0,0,,,,,,,,,,,,,,,,,,,,
214,06-D-51-18,Kri-D-51-Kanchikacherla ,Kunikanapadu,0,0,0,0,0,0,0,0,0,0,,,,,,,,,,,,,,,,,,,,
215,06-D-51-18,Kri-D-51-Kanchikacherla ,Ghani Atkur,0,0,0,0,0,0,0,0,0,0,,,,,,,,,,,,,,,,,,,,
216,06-D-51-18,Kri-D-51-Kanchikacherla ,Damuluru,0,0,0,0,0,0,0,0,0,0,,,,,,,,,,,,,,,,,,,,
217,06-D-51-18,Kri-D-51-Kanchikacherla ,Chilukuru,0,0,0,0,0,0,0,0,0,0,,,,,,,,,,,,,,,,,,,,
218,06-D-51-18,Kri-D-51-Kanchikacherla ,Ketanakonda,0,0,0,0,0,0,9,0.509,0,0,,,,,,,,,,,,,,,,,,,,
219,06-D-51-18,Kri-D-51-Kanchikacherla ,Kachavaram,0,0,0,0,0,0,0,0,0,0,,,,,,,,,,,,,,,,,,,,
220,06-D-51-18,Kri-D-51-Kanchikacherla ,Kotikalapudi,0,0,0,0,0,0,0,0,0,0,,,,,,,,,,,,,,,,,,,,
221,06-D-51-18,Kri-D-51-Kanchikacherla ,Mulapadu,0,0,0,0,0,0,0,0,0,0,,,,,,,,,,,,,,,,,,,,
222,06-D-51-18,Kri-D-51-Kanchikacherla ,Jupudi,0,0,0,0,0,0,0,0,0,0,,,,,,,,,,,,,,,,,,,,
223,06-D-51-18,Kri-D-51-Kanchikacherla ,Ibrahimpatnam,0,0,0,0,0,0,0,0,0,0,,,,,,,,,,,,,,,,,,,,
224,06-D-51-18,Kri-D-51-Kanchikacherla ,Z.N.Pothavaram,0,0,0,0,0,0,0,0,0,0,,,,,,,,,,,,,,,,,,,,
225,06-D-51-18,Kri-D-51-Kanchikacherla ,Trilochanapuram,0,0,0,0,0,0,0,0,0,0,,,,,,,,,,,,,,,,,,,,
226,06-D-51-18,Kri-D-51-Kanchikacherla ,Jamimachavaram,0,0,0,0,0,0,0,0,0,0,,,,,,,,,,,,,,,,,,,,
227,06-D-51-18,Kri-D-51-Kanchikacherla ,Navepothavaram,0,0,0,0,0,0,0,0,0,0,,,,,,,,,,,,,,,,,,,,
228,06-I-40-12,Kri-I-40-Chatrai,Somavaram,0,0,0,0,0,0,0,0,0,0,0,0,0,0,0,0,0,0,0,0,,,,,,,,,,
229,06-I-40-12,Kri-I-40-Chatrai,Kothagudem,0,0,0,0,0,0,0,0,0,0,0,0,0,0,0,0,0,0,0,0,,,,,,,,,,
230,06-I-40-12,Kri-I-40-Chatrai,Tummagudem,0,0,0,0,0,0,0,0,0,0,0,0,0,0,0,0,0,0,0,0,,,,,,,,,,
231,06-I-40-12,Kri-I-40-Chatrai,Chittapur,0,0,0,0,9,0.432,0,0,39,0.039,0,0,0,0,0,0,0,0,0,0,,,,,,,,,,
232,06-I-40-12,Kri-I-40-Chatrai,Arugolanupeta,0,0,0,0,0,0,0,0,0,0,0,0,0,0,0,0,0,0,0,0,,,,,,,,,,
233,06-I-40-12,Kri-I-40-Chatrai,Janardhanavaram,0,0,0,0,0,0,0,0,0,0,0,0,0,0,0,0,0,0,0,0,,,,,,,,,,
234,06-I-40-12,Kri-I-40-Chatrai,Chatrai,0,0,0,0,0,0,0,0,0,0,0,0,0,0,0,0,0,0,0,0,,,,,,,,,,
235,06-I-40-12,Kri-I-40-Chatrai,Polavaram,0,0,0,0,0,0,0,0,0,0,0,0,0,0,0,0,0,0,0,0,,,,,,,,,,
236,06-I-40-12,Kri-I-40-Chatrai,Buruggudem,0,0,0,0,0,0,0,0,0,0,0,0,0,0,0,0,0,0,0,0,,,,,,,,,,
237,06-I-40-12,Kri-I-40-Chatrai,Parvathapuram,0,0,0,0,0,0,0,0,0,0,0,0,0,0,0,0,0,0,0,0,,,,,,,,,,
238,06-I-40-12,Kri-I-40-Chatrai,Chinnampeta,0,0,0,0,0,0,0,0,0,0,0,0,0,0,0,0,0,0,23,0.023,,,,,,,,,,
239,06-I-40-12,Kri-I-40-Chatrai,Kotapadu,0,0,0,0,0,0,0,0,0,0,0,0,0,0,3,0.144,0,0,39,0.039,,,,,,,,,,
240,06-I-40-12,Kri-I-40-Chatrai,Mankollu,0,0,0,0,0,0,0,0,0,0,0,0,0,0,0,0,0,0,0,0,,,,,,,,,,
241,06-I-40-12,Kri-I-40-Chatrai,Pothanapalli,0,0,0,0,2,0.096,0,0,21,0.021,0,0,0,0,0,0,0,0,0,0,,,,,,,,,,
242,06-I-40-12,Kri-I-40-Chatrai,Kondaparva,0,0,0,0,0,0,0,0,0,0,0,0,2,0.15,5,0.24,0,0,108,0.0108,,,,,,,,,,
243,06-I-41-14,Kri-I-41-Nuzvid,Vattigudipadu,0,0,2,0.2,0,0,0,0,11,0.011,0.011,0,0,0,0,0,0,0,0,0,,,,,,,,,,
244,06-I-41-14,Kri-I-41-Nuzvid,Kothapalli,0,0,0,0,0,0,0,0,0,0,0,0,0,0,1,0.048,0,0,3,0.03,,,,,,,,,,
245,06-I-41-14,Kri-I-41-Nuzvid,Billanapalli,0,0,0,0,0,0,0,0,0,0,0,0,0,0,0,0,2,0.113,0,0,,,,,,,,,,
246,06-I-41-14,Kri-I-41-Nuzvid,Koyyuru,0,0,0,0,0,0,0,0,0,0,0,0,0,0,0,0,0,0,0,0,,,,,,,,,,
247,06-I-41-14,Kri-I-41-Nuzvid,Bommuluru,0,0,0,0,0,0,0,0,0,0,0,0,0,0,0,0,0,0,0,0,,,,,,,,,,
248,06-I-41-14,Kri-I-41-Nuzvid,B.Kandrika,0,0,0,0,0,0,0,0,0,0,0,0,0,0,0,0,0,0,0,0,,,,,,,,,,
249,06-I-41-14,Kri-I-41-Nuzvid,Korlagunta,0,0,0,0,3,0.3,0,0,0,0,0,0,0,0,0,0,0,0,0,0,,,,,,,,,,
250,06-I-41-14,Kri-I-41-Nuzvid,Nuzvid,0,0,0,0,3,0.3,0,0,0,0,0,0,0,0,0,0,0,0,0,0,,,,,,,,,,
251,06-I-41-14,Kri-I-41-Nuzvid,Digavalli,0,0,0,0,0,0,0,0,0,0,0,0,1,0.75,11,0.528,0,0,51,0.051,,,,,,,,,,
252,06-I-41-14,Kri-I-41-Nuzvid,Mukkullapadu,0,0,0,0,0,0,0,0,0,0,0,0,0,0,2,0.096,2,0.113,33,0.033,,,,,,,,,,
253,06-I-41-14,Kri-I-41-Nuzvid,Annavaram,0,0,0,0,0,0,0,0,0,0,0,0,2,0.2,5,0.24,1,0.057,19,0.019,,,,,,,,,,
254,06-I-41-14,Kri-I-41-Nuzvid,H.M.Gudem,0,0,0,0,0,0,0,0,0,0,0,0,2,0.2,7,0.336,0,0,24,0.024,,,,,,,,,,
255,06-I-41-14,Kri-I-41-Nuzvid,Venkatayapalem,0,0,0,0,0,0,0,0,0,0,0,0,2,0.2,5,0.24,0,0,12,0.012,,,,,,,,,,
256,06-I-41-14,Kri-I-41-Nuzvid,Boravancha,,,,,,,,,,,0,0,0,0,0,0,0,0,0,0,,,,,,,,,,
257,06-I-41-14,Kri-I-41-Nuzvid,Pothureddipalli,0,0,0,0,0,0,0,0,0,0,0,0,0,0,0,0,0,0,0,0,,,,,,,,,,
258,06-I-41-14,Kri-I-41-Nuzvid,Jangamagudem,0,0,0,0,0,0,0,0,0,0,0,0,2,0.2,2,0.2,0,0,4,0.04,,,,,,,,,,
259,06-I-41-14,Kri-I-41-Nuzvid,Thukkuluru,0,0,0,0,0,0,0,0,0,0,0,0,0,0,0,0,0,0,0,0,,,,,,,,,,
260,06-I-41-14,Kri-I-41-Nuzvid,Ramannagudem,0,0,0,0,0,0,0,0,0,0,0,0,0,0,0,0,0,0,0,0,,,,,,,,,,
261,06-I-41-14,Kri-I-41-Nuzvid,Polasanapalli,0,0,0,0,4,0.192,0,0,2,0.02,0,0,0,0,0,0,0,0,0,0,,,,,,,,,,
262,06-I-41-14,Kri-I-41-Nuzvid,Morsapudi,0,0,0,0,0,0,0,0,0,0,0,0,0,0,0,0,0,0,0,0,,,,,,,,,,
263,06-I-41-14,Kri-I-41-Nuzvid,Devaragunta,0,0,0,0,0,0,0,0,0,0,0,0,0,0,2,0.096,0,0,7,0.07,,,,,,,,,,
264,06-I-41-14,Kri-I-41-Nuzvid,Vempadu,0,0,0,0,0,0,0,0,0,0,0,0,0,0,0,0,0,0,0,0,,,,,,,,,,
265,06-I-41-14,Kri-I-41-Nuzvid,Gollapalli,0,0,0,0,0,0,0,0,0,0,0,0,0,0,0,0,0,0,20,0.02,,,,,,,,,,
266,06-I-41-14,Kri-I-41-Nuzvid,Meerjapuram,0,0,0,0,0,0,0,0,0,0,0,0,0,0,1,0.048,0,0,0,0,,,,,,,,,,
267,06-I-41-14,Kri-I-41-Nuzvid,M.N.Plem,0,0,0,0,0,0,0,0,0,0,0,0,0,0,1,0.048,0,0,0,0,,,,,,,,,,
268,06-I-41-14,Kri-I-41-Nuzvid,Marribandam,0,0,0,0,0,0,0,0,0,0,0,0,0,0,0,0,0,0,0,0,,,,,,,,,,
269,06-I-41-14,Kri-I-41-Nuzvid,Seetharampuram,0,0,0,0,0,0,0,0,0,0,0,0,0,0,0,0,0,0,0,0,,,,,,,,,,
270,06-I-41-14,Kri-I-41-Nuzvid,Pallerlamudi,0,0,0,0,4,0.192,0,0,0,0,0,0,0,0,0,0,0,0,0,0,,,,,,,,,,
271,06-I-42-03,kri-I-42-Ganginenipalem,Ganginenipalem,0,0,1,0.75,3,0.144,0,0,56,0.056,,,,,,,,,,,,,,,,,,,,
272,06-I-42-03,kri-I-42-Ganginenipalem,Telladevarapadu,0,0,0,0,0,0,0,0,0,0,,,,,,,,,,,,,,,,,,,,
273,06-I-42-03,kri-I-42-Ganginenipalem,Sunnampadu,0,0,0,0,0,0,0,0,0,0,,,,,,,,,,,,,,,,,,,,
274,06-I-42-03,kri-I-42-Ganginenipalem,Munagapadu,0,0,0,0,0,0,0,0,0,0,,,,,,,,,,,,,,,,,,,,
275,06-I-42-03,kri-I-42-Ganginenipalem,Ch.Madhavaram,0,0,0,0,0,0,0,0,0,0,,,,,,,,,,,,,,,,,,,,
276,06-I-42-03,kri-I-42-Ganginenipalem,Gaddamanugu,0,0,3,0.225,3,0.144,0,0,85,0.085,,,,,,,,,,,,,,,,,,,,
277,06-I-42-03,kri-I-42-Ganginenipalem,G.Konduru,0,0,0,0,0,0,0,0,0,0,,,,,,,,,,,,,,,,,,,,
278,06-I-42-03,kri-I-42-Ganginenipalem,Pinapaka,0,0,0,0,0,0,0,0,0,0,,,,,,,,,,,,,,,,,,,,
279,06-I-42-03,kri-I-42-Ganginenipalem,Petrampadu,0,0,0,0,0,0,0,0,0,0,,,,,,,,,,,,,,,,,,,,
280,06-I-42-03,kri-I-42-Ganginenipalem,Loya,0,0,0,0,0,0,0,0,0,0,,,,,,,,,,,,,,,,,,,,
281,06-I-42-03,kri-I-42-Ganginenipalem,Duggiralapadu,0,0,0,0,0,0,1,0.057,0,0,,,,,,,,,,,,,,,,,,,,
282,06-I-42-03,kri-I-42-Ganginenipalem,Narsaiahgudem,0,0,0,0,0,0,0,0,0,0,,,,,,,,,,,,,,,,,,,,
283,06-I-42-03,kri-I-42-Ganginenipalem,Atkuru,0,0,0,0,0,0,0,0,0,0,,,,,,,,,,,,,,,,,,,,
284,06-I-42-06,Kri-I-42-Mylavaram,Morsumilli,,,2,0.2,2,0.2,,,,,,,,,,,,,,,,,,,,,,,,
285,06-I-42-06,Kri-I-42-Mylavaram,Mulakalapenta,,,,,,,,,,,,,,,,,,,,,,,,,,,,,,
286,06-I-42-06,Kri-I-42-Mylavaram,Pulluru,,,3,0.3,3,0.3,,,,,,,,,,,,,,,,,,,,,,,,
287,06-I-42-06,Kri-I-42-Mylavaram,Dasullapalem,,,,,,,,,,,,,1,0.1,1,0.1,,,,,,,,,,,,,,
288,06-I-42-06,Kri-I-42-Mylavaram,Jangalapalli,,,,,,,,,,,,,,,,,,,,,,,,,,,,,,
289,06-I-42-06,Kri-I-42-Mylavaram,Chandrugudem,,,,,,,,,,,,,,,,,,,,,,,,,,,,,,
290,06-I-42-06,Kri-I-42-Mylavaram,Sabjjapadu,,,,,,,,,,,,,,,,,,,,,,,,,,,,,,
291,06-I-42-06,Kri-I-42-Mylavaram,Pondugala,,,2,0.2,,,,,,,,,,,,,,,,,,,,,,,,,,
292,06-I-42-10,Kri-I-42-Reddigudem,Cheemalapadu,0,0,0,0,6,0.288,5,0.283,63,0.063,,,,,,,,,28,,,,,,,,,,,
293,06-I-42-10,Kri-I-42-Reddigudem,Madhavaram(West),1,0.2,1,0.075,8,0.384,0,0,27,0.027,,,,,,,,,,,,,,,,,,,,
294,06-I-42-10,Kri-I-42-Reddigudem,Madhavaram(East),0,0,0,0,0,0,0,0,0,0,,,,,,,,,,,,,,,,,,,,
295,06-I-42-10,Kri-I-42-Reddigudem,Kudapa,0,0,0,0,0,0,0,0,0,0,,,,,,,,,,,,,,,,,,,,
296,06-I-42-10,Kri-I-42-Reddigudem,Kunaparajuparva,0,0,0,0,0,0,0,0,0,0,,,,,,,,,,,,,,,,,,,,
297,06-I-42-10,Kri-I-42-Reddigudem,Maddulaparva,0,0,0,0,3,0.144,0,0,2,0.02,,,,,,,,,,,,,,,,,,,,
298,06-I-42-10,Kri-I-42-Reddigudem,Rudravaram,0,0,0,0,0,0,0,0,0,0,,,,,,,,,,,,,,,,,,,,
299,06-I-42-10,Kri-I-42-Reddigudem,Reddigudem,0,0,0,0,9,0.432,0,0,18,0.18,,,,,,,,,,,,,,,,,,,,
300,06-I-42-10,Kri-I-42-Reddigudem,Rangapuram,0,0,8,0.6,10,0.48,0,0,0,0,,,,,,,,,,,,,,,,,,,,
301,06-I-42-10,Kri-I-42-Reddigudem,Narukullapadu,0,0,0,0,0,0,0,0,0,0,,,,,,,,,,,,,,,,,,,,
302,06-I-42-10,Kri-I-42-Reddigudem,Naguluru,0,0,0,0,7,0.336,0,0,8,0.08,,,,,,,,,,,,,,,,,,,,
303,06-I-42-10,Kri-I-42-Reddigudem,Patha Nagulru,0,0,0,0,0,0,0,0,0,0,,,,,,,,,,,,,,,,,,,,
304,06-I-42-10,Kri-I-42-Reddigudem,Anneraopeta,0,0,0,0,5,0.24,0,0,55,0.055,,,,,,,,,,,,,,,,,,,,
305,06-I-42-10,Kri-I-42-Reddigudem,Vedurubeedem,0,0,0,0,0,0,0,0,0,0,,,,,,,,,,,,,,,,,,,,
306,06-I-42-10,Kri-I-42-Reddigudem,Chandrala,0,0,0,0,0,0,0,0,0,0,,,,,,,,,,,,,,,,,,,,
307,06-I-42-10,Kri-I-42-Reddigudem,Keerthirayanigudem,0,0,0,0,0,0,0,0,0,0,,,,,,,,,,,,,,,,,,,,
308,06-I-42-10,Kri-I-42-Reddigudem,Velvadam,1,0.25,2,0.15,0,0,0,0,15,0.015,,,,,,,,,,,,,,,,,,,,
309,06-I-42-10,Kri-I-42-Reddigudem,T.Gannavaram,0,0,0,0,0,0,0,0,0,0,,,,,,,,,,,,,,,,,,,,
310,06-I-42-10,Kri-I-42-Reddigudem,Tolukodu,0,0,0,0,0,0,0,0,0,0,,,,,,,,,,,,,,,,,,,,
311,06-I-42-10,Kri-I-42-Reddigudem,Kanimerla,0,0,0,0,0,0,0,0,0,0,,,,,,,,,,,,,,,,,,,,
312,06-I-42-10,Kri-I-42-Reddigudem,Parvathapuram,0,0,0,0,0,0,0,0,0,0,,,,,,,,,,,,,,,,,,,,
313,06-I-42-10,Kri-I-42-Reddigudem,Ganapavaram,0,0,0,0,0,0,0,0,0,0,,,,,,,,,,,,,,,,,,,,
314,06-I-42-10,Kri-I-42-Reddigudem,Koduru,0,0,0,0,0,0,0,0,0,0,,,,,,,,,,,,,,,,,,,,
315,06-I-42-17,Kri-I-42-G.Konduru,Gurrajupalem,0,0,2,0.2,0,0,0,0,0,0,,,,,,,,,,,,,,,,,,,,
316,06-I-42-17,Kri-I-42-G.Konduru,Nandigama,0,0,0,0,0,0,0,0,0,0,,,,,,,,,,,,,,,,,,,,
317,06-I-42-17,Kri-I-42-G.Konduru,Kuntamukkala,0,0,0,0,0,0,0,0,0,0,,,,,,,,,,,,,,,,,,,,
318,06-I-42-17,Kri-I-42-G.Konduru,Bhimavarappadu,0,0,0,0,0,0,0,0,0,0,,,,,,,,,,,,,,,,,,,,
319,06-I-42-17,Kri-I-42-G.Konduru,Venkatapuram,0,0,0,0,2,0.2,0,0,0,0,,,,,,,,,,,,,,,,,,,,
320,06-I-42-17,Kri-I-42-G.Konduru,Vellaturu,0,0,0,0,2,0.2,0,0,0,0,,,,,,,,,,,,,,,,,,,,
321,06-I-42-17,Kri-I-42-G.Konduru,Chevuturu,0,0,0,0,0,0,0,0,0,0,,,,,,,,,,,,,,,,,,,,
322,06-I-42-17,Kri-I-42-G.Konduru,H.Mutyalampadu,0,0,0,0,0,0,0,0,0,0,,,,,,,,,,,,,,,,,,,,
323,06-I-42-17,Kri-I-42-G.Konduru,Kandulampadu,0,0,0,0,0,0,0,0,0,0,,,,,,,,,,,,,,,,,,,,
324,06-I-42-17,Kri-I-42-G.Konduru,Chegireddipadu,0,0,0,0,0,0,0,0,0,0,,,,,,,,,,,,,,,,,,,,
325,06-I-42-17,Kri-I-42-G.Konduru,Velagaleru,0,0,0,0,2,0.2,0,0,0,0,,,,,,,,,,,,,,,,,,,,
326,06-I-42-17,Kri-I-42-G.Konduru,Kavuluru,0,0,0,0,0,0,0,0,0,0,,,,,,,,,,,,,,,,,,,,
327,06-I-42-17,Kri-I-42-G.Konduru,Kadempothavaram,0,0,0,0,0,0,0,0,0,0,,,,,,,,,,,,,,,,,,,,
328,06-I-42-17,Kri-I-42-G.Konduru,Kondapalli,0,0,0,0,0,0,0,0,0,0,,,,,,,,,,,,,,,,,,,,
329,06-I-42-17,Kri-I-42-G.Konduru,Tummalapalem,0,0,0,0,0,0,0,0,0,0,,,,,,,,,,,,,,,,,,,,
330,06-I-42-17,Kri-I-42-G.Konduru,Ilaprolu,0,0,0,0,0,0,0,0,0,0,,,,,,,,,,,,,,,,,,,,
331,06-I-42-17,Kri-I-42-G.Konduru,Guntupalli,0,0,0,0,0,0,0,0,0,0,,,,,,,,,,,,,,,,,,,,
332,06-I-42-17,Kri-I-42-G.Konduru,Kothuru,0,0,0,0,0,0,0,0,0,0,,,,,,,,,,,,,,,,,,,,
333,06-I-42-17,Kri-I-42-G.Konduru,Tadepalli,0,0,0,0,0,0,0,0,0,0,,,,,,,,,,,,,,,,,,,,
334,06-I-42-17,Kri-I-42-G.Konduru,Paidurupadu,0,0,0,0,0,0,0,0,0,0,,,,,,,,,,,,,,,,,,,,
335,06-I-42-17,Kri-I-42-G.Konduru,Gollapudi,0,0,0,0,0,0,0,0,0,0,,,,,,,,,,,,,,,,,,,,
336,06-I-42-17,Kri-I-42-G.Konduru,Rayanapadu,0,0,0,0,0,0,0,0,0,0,,,,,,,,,,,,,,,,,,,,
337,06-I-42-17,Kri-I-42-G.Konduru,Shabada,0,0,0,0,0,0,0,0,0,0,,,,,,,,,,,,,,,,,,,,
338,06-I-42-17,Kri-I-42-G.Konduru,Vemavaram,0,0,0,0,0,0,0,0,0,0,,,,,,,,,,,,,,,,,,,,
339,06-I-42-17,Kri-I-42-G.Konduru,Jakkampudi,0,0,0,0,0,0,0,0,0,0,,,,,,,,,,,,,,,,,,,,
340,06-I-42-17,Kri-I-42-G.Konduru,Mylavaram,2,0.2,4,0.4,0,0,0,0,0,0,,,,,,,,,,,,,,,,,,,,
341,06-I-42-17,Kri-I-42-G.Konduru,Malkapuram,0,0,0,0,0,0,0,0,0,0,,,,,,,,,,,,,,,,,,,,
342,06-I-42-17,Kri-I-42-G.Konduru,Gudurupadu,0,0,0,0,0,0,0,0,0,0,,,,,,,,,,,,,,,,,,,,
343,06-I-42-23,Kri-I-42-Gannavaram,Kanasanapalli,0,0,0,0,0,0,0,0,0,0,,,,,,,,,,,,,,,,,,,,
344,06-I-42-23,Kri-I-42-Gannavaram,Adavinekkalam,0,0,2,0.2,0,0,0,0,0,0,,,,,,,,,,,,,,,,,,,,
345,06-I-42-23,Kri-I-42-Gannavaram,Pothavarappadu,0,0,0,0,0,0,0,0,0,0,,,,,,,,,,,,,,,,,,,,
346,06-I-42-23,Kri-I-42-Gannavaram,Pinnamareddipalli,0,0,0,0,0,0,0,0,0,0,,,,,,,,,,,,,,,,,,,,
347,06-I-42-23,Kri-I-42-Gannavaram,Gollanapalli,0,0,0,0,0,0,0,0,0,0,,,,,,,,,,,,,,,,,,,,
348,06-I-42-23,Kri-I-42-Gannavaram,Gopavarapugudem,0,0,0,0,0,0,0,0,0,0,,,,,,,,,,,,,,,,,,,,
349,06-I-42-23,Kri-I-42-Gannavaram,Purushottamapatnam,0,0,0,0,0,0,0,0,0,0,,,,,,,,,,,,,,,,,,,,
350,06-I-42-23,Kri-I-42-Gannavaram,Kondapavuluru,0,0,0,0,0,0,0,0,0,0,,,,,,,,,,,,,,,,,,,,
351,06-I-42-23,Kri-I-42-Gannavaram,Vedurupavuluru,0,0,0,0,0,0,0,0,0,0,,,,,,,,,,,,,,,,,,,,
352,06-I-42-23,Kri-I-42-Gannavaram,Surampalli,0,0,4,0.4,0,0,0,0,0,0,,,,,,,,,,,,,,,,,,,,
353,06-I-42-23,Kri-I-42-Gannavaram,Savarigudem,0,0,0,0,0,0,0,0,0,0,,,,,,,,,,,,,,,,,,,,
354,06-I-42-23,Kri-I-42-Gannavaram,Jakkulanekkalam,0,0,0,0,0,0,0,0,0,0,,,,,,,,,,,,,,,,,,,,
355,06-I-42-23,Kri-I-42-Gannavaram,Ramachandrapuram,0,0,0,0,0,0,0,0,0,0,,,,,,,,,,,,,,,,,,,,
356,06-I-42-23,Kri-I-42-Gannavaram,Veerapanenigudem,0,0,2,0.2,4,0.4,0,0,0,0,,,,,,,,,,,,,,,,,,,,
357,06-I-42-23,Kri-I-42-Gannavaram,Nunna,0,0,0,0,0,0,0,0,0,0,,,,,,,,,,,,,,,,,,,,
358,06-I-42-23,Kri-I-42-Gannavaram,K.V.Khandrika,0,0,0,0,0,0,0,0,0,0,,,,,,,,,,,,,,,,,,,,
359,06-I-42-23,Kri-I-42-Gannavaram,Pathapadu,0,0,0,0,0,0,0,0,0,0,,,,,,,,,,,,,,,,,,,,
360,06-I-42-23,Kri-I-42-Gannavaram,Nainavaram,0,0,0,0,0,0,0,0,0,0,,,,,,,,,,,,,,,,,,,,
361,06-I-42-23,Kri-I-42-Gannavaram,Ambapuram,0,0,0,0,0,0,0,0,0,0,,,,,,,,,,,,,,,,,,,,
362,06-I-42-23,Kri-I-42-Gannavaram,Ramavarappadu,0,0,0,0,0,0,0,0,0,0,,,,,,,,,,,,,,,,,,,,
363,06-I-42-23,Kri-I-42-Gannavaram,Prasadampadu,0,0,0,0,0,0,0,0,0,0,,,,,,,,,,,,,,,,,,,,
364,06-I-42-23,Kri-I-42-Gannavaram,Enikepadu,0,0,0,0,0,0,0,0,0,0,,,,,,,,,,,,,,,,,,,,
365,06-I-42-23,Kri-I-42-Gannavaram,Nidamanuru,0,0,0,0,0,0,0,0,0,0,,,,,,,,,,,,,,,,,,,,
366,06-I-42-23,Kri-I-42-Gannavaram,Dane Atkuru,0,0,0,0,0,0,0,0,0,0,,,,,,,,,,,,,,,,,,,,
367,06-I-42-23,Kri-I-42-Gannavaram,Gudavalli,0,0,0,0,0,0,0,0,0,0,,,,,,,,,,,,,,,,,,,,
368,06-I-42-23,Kri-I-42-Gannavaram,Gunadala,0,0,0,0,0,0,0,0,0,0,,,,,,,,,,,,,,,,,,,,
369,06-I-42-23,Kri-I-42-Gannavaram,Payakapuram,0,0,0,0,0,0,0,0,0,0,,,,,,,,,,,,,,,,,,,,
370,06-I-42-24,Kri-I-42-Gannavaram,Vijayawada town,0,0,0,0,0,0,0,0,0,0,,,,,,,,,,,,,,,,,,,,
371,06-I-42-25,Kri-I-42-Gannavaram,Bhavanipuram,0,0,0,0,0,0,0,0,0,0,,,,,,,,,,,,,,,,,,,,
372,06-I-42-26,Kri-I-42-Gannavaram,Patamata,0,0,0,0,0,0,0,0,0,0,,,,,,,,,,,,,,,,,,,,
373,06-I-42-16,Kri-I-42-Agiripalli,Agiripalli,0,0,2,0.2,3,0.3,0,0,4,0.04,,,,,,,,,,,,,,,,,,,,
374,06-I-42-16,Kri-I-42-Agiripalli,Thotapalli,0,0,2,0.2,3,0.3,0,0,2,0.04,,,,,,,,,,,,,,,,,,,,
375,06-I-42-16,Kri-I-42-Agiripalli,Nugondapalli,0,0,0,0,0,0,0,0,0,0,,,,,,,,,,,,,,,,,,,,
376,06-I-42-16,Kri-I-42-Agiripalli,Malliboinapalli,0,0,0,0,0,0,0,0,0,0,,,,,,,,,,,,,,,,,,,,
377,06-I-42-16,Kri-I-42-Agiripalli,Eadara,0,0,0,0,0,0,0,0,0,0,,,,,,,,,,,,,,,,,,,,
378,06-I-42-16,Kri-I-42-Agiripalli,Baddanapalli,0,0,0,0,0,0,0,0,0,0,,,,,,,,,,,,,,,,,,,,
379,06-I-42-16,Kri-I-42-Agiripalli,Tadepalli,0,0,0,0,0,0,0,0,0,0,,,,,,,,,,,,,,,,,,,,
380,06-I-42-16,Kri-I-42-Agiripalli,Vadlamanu,0,0,3,0.3,4,0.4,0,0,10,0.01,,,,,,,,,,,,,,,,,,,,
381,06-I-42-16,Kri-I-42-Agiripalli,Chopparametla,0,0,0,0,0,0,0,0,0,0,,,,,,,,,,,,,,,,,,,,
382,06-I-42-16,Kri-I-42-Agiripalli,Narasigapalem,0,0,0,0,0,0,0,0,0,0,,,,,,,,,,,,,,,,,,,,
383,06-I-42-16,Kri-I-42-Agiripalli,Sunkollu,0,0,0,0,2,0.2,0,0,0,0,,,,,,,,,,,,,,,,,,,,
384,06-I-42-16,Kri-I-42-Agiripalli,Bathulavarigudem,0,0,0,0,0,0,0,0,0,0,,,,,,,,,,,,,,,,,,,,
385,06-I-42-16,Kri-I-42-Agiripalli,Eanamadala,0,0,0,0,2,0.2,0,0,0,0,,,,,,,,,,,,,,,,,,,,
386,06-I-42-16,Kri-I-42-Agiripalli,Narsupeta,0,0,0,0,0,0,0,0,0,0,,,,,,,,,,,,,,,,,,,,
387,06-I-42-16,Kri-I-42-Agiripalli,Metlapalli,0,0,0,0,0,0,0,0,0,0,,,,,,,,,,,,,,,,,,,,
388,06-I-42-16,Kri-I-42-Agiripalli,Tempalli,0,0,0,0,0,0,0,0,0,0,,,,,,,,,,,,,,,,,,,,
389,06-I-42-16,Kri-I-42-Agiripalli,Chikkavaram,0,0,0,0,0,0,0,0,0,0,,,,,,,,,,,,,,,,,,,,
390,06-I-42-16,Kri-I-42-Agiripalli,Buthumillipadu,0,0,0,0,0,0,0,0,0,0,,,,,,,,,,,,,,,,,,,,
391,06-I-42-16,Kri-I-42-Agiripalli,B.B.Gudem,0,0,0,0,0,0,0,0,0,0,,,,,,,,,,,,,,,,,,,,
392,06-I-42-16,Kri-I-42-Agiripalli,Gannavaram,0,0,0,0,0,0,0,0,0,0,,,,,,,,,,,,,,,,,,,,
393,06-I-42-16,Kri-I-42-Agiripalli,Chinnaoutapalli,0,0,0,0,0,0,0,0,0,0,,,,,,,,,,,,,,,,,,,,
394,06-I-42-16,Kri-I-42-Agiripalli,Kesarapalli,0,0,0,0,0,0,0,0,0,0,,,,,,,,,,,,,,,,,,,,
395,06-I-42-16,Kri-I-42-Agiripalli,Allapuram,0,0,0,0,0,0,0,0,0,0,,,,,,,,,,,,,,,,,,,,
396,06-I-42-16,Kri-I-42-Agiripalli,Buddavaram,0,0,0,0,0,0,0,0,0,0,,,,,,,,,,,,,,,,,,,,
397,06-I-42-16,Kri-I-42-Agiripalli,Ajjempudi,0,0,0,0,0,0,0,0,0,0,,,,,,,,,,,,,,,,,,,,
398,06-I-42-16,Kri-I-42-Agiripalli,V.N.Puram,0,0,0,0,0,0,0,0,0,0,,,,,,,,,,,,,,,,,,,,
399,06-I-42-16,Kri-I-42-Agiripalli,Balliparru,0,0,0,0,0,0,0,0,0,0,,,,,,,,,,,,,,,,,,,,
400,06-I-42-16,Kri-I-42-Agiripalli,Pedaoutapalli,0,0,0,0,0,0,0,0,0,0,,,,,,,,,,,,,,,,,,,,
401,06-I-42-16,Kri-I-42-Agiripalli,Atkuru,0,0,0,0,0,0,0,0,0,0,,,,,,,,,,,,,,,,,,,,
402,06-I-42-15,Kri-I-42-Bapulapadu,Anathasagaram,0,0,0,0,0,0,0,0,0,0,,,,,,,,,,,,,,,,,,,,
403,06-I-42-15,Kri-I-42-Bapulapadu,Eadulagudem,0,0,0,0,0,0,0,0,0,0,,,,,,,,,,,,,,,,,,,,
404,06-I-42-15,Kri-I-42-Bapulapadu,Kalaturu,0,0,0,0,0,0,0,0,0,0,,,,,,,,,,,,,,,,,,,,
405,06-I-42-15,Kri-I-42-Bapulapadu,Krishnavaram,0,0,0,0,0,0,0,0,0,0,,,,,,,,,,,,,,,,,,,,
406,06-I-42-15,Kri-I-42-Bapulapadu,Suravaram,0,0,2,0.2,2,0.2,0,0,0,0,,,,,,,,,,,,,,,,,,,,
407,06-I-42-15,Kri-I-42-Bapulapadu,Sagguru,0,0,0,0,0,0,0,0,0,0,,,,,,,,,,,,,,,,,,,,
408,06-I-42-15,Kri-I-42-Bapulapadu,Ravicherla,0,0,3,0.3,4,0.4,0,0,0,0,,,,,,,,,,,,,,,,,,,,
409,06-I-42-15,Kri-I-42-Bapulapadu,Bapulapadu,0,0,0,0,0,0,0,0,0,0,,,,,,,,,,,,,,,,,,,,
410,06-I-42-15,Kri-I-42-Bapulapadu,Mallavalli,0,0,0,0,0,0,0,0,0,0,,,,,,,,,,,,,,,,,,,,
411,06-I-42-15,Kri-I-42-Bapulapadu,Remella,0,0,0,0,0,0,0,0,0,0,,,,,,,,,,,,,,,,,,,,
412,06-I-42-15,Kri-I-42-Bapulapadu,Singannagudem,0,0,0,0,0,0,0,0,0,0,,,,,,,,,,,,,,,,,,,,
413,06-I-42-15,Kri-I-42-Bapulapadu,Rangannagudem,0,0,0,0,0,0,0,0,0,0,,,,,,,,,,,,,,,,,,,,
414,06-I-42-15,Kri-I-42-Bapulapadu,Shobanadripuram,0,0,0,0,0,0,0,0,0,0,,,,,,,,,,,,,,,,,,,,
415,06-I-42-15,Kri-I-42-Bapulapadu,Veeravalli,0,0,0,0,0,0,0,0,0,0,,,,,,,,,,,,,,,,,,,,
416,06-I-42-15,Kri-I-42-Bapulapadu,Kodurupadu,0,0,0,0,0,0,0,0,0,0,,,,,,,,,,,,,,,,,,,,
417,06-I-42-15,Kri-I-42-Bapulapadu,Ampapuram,0,0,0,0,0,0,0,0,0,0,,,,,,,,,,,,,,,,,,,,
418,06-I-42-15,Kri-I-42-Bapulapadu,Veleru,0,0,0,0,0,0,0,0,0,0,,,,,,,,,,,,,,,,,,,,
419,06-I-42-15,Kri-I-42-Bapulapadu,Seri Narasannapalem,0,0,0,0,0,0,0,0,0,0,,,,,,,,,,,,,,,,,,,,
420,06-I-42-15,Kri-I-42-Bapulapadu,Bandarugudem,0,0,0,0,0,0,0,0,0,0,,,,,,,,,,,,,,,,,,,,
421,06-I-42-15,Kri-I-42-Bapulapadu,Sagguru Amani,0,0,0,0,0,0,0,0,0,0,,,,,,,,,,,,,,,,,,,,
422,06-I-40-13,Kri-I-40-Musunuru,Ramanakkapeta,,,,,,,,,,,0,0,2,0.2,8,0.384,0,0,18,0.018,2.884,,,,,,,,,
423,06-I-40-13,Kri-I-40-Musunuru,Surepalli,,,,,,,,,,,0,0,0,0,3,0.144,1,0.057,8,0.018,2.298,,,,,,,,,
424,06-I-40-13,Kri-I-40-Musunuru,Lopudi,,,,,,,,,,,0,0,0,0,6,0.288,0,0,12,0.012,1.848,,,,,,,,,
425,06-I-40-13,Kri-I-40-Musunuru,Gullapudi,,,,,,,,,,,,,,,,,,,0,0,0,,,,,,,,,
426,06-I-40-13,Kri-I-40-Musunuru,Chekkapalli,,,,,,,,,,,0,0,2,0.2,2,0.2,,,0,0,1.6,,,,,,,,,
427,06-I-40-13,Kri-I-40-Musunuru,Akkireddigudem,,,,,,,,,,,,,,,,,,,0,0,0,,,,,,,,,
428,06-I-40-13,Kri-I-40-Musunuru,Chintalavalli,,,,,,,,,,,0,0,0,0,3,0.144,8,0.453,20,0.02,11.03,,,,,,,,,
429,06-I-40-13,Kri-I-40-Musunuru,Musunuru,,,,,,,,,,,0,0,0,0,0,0,4,0.226,0,0,4.972,,,,,,,,,
430,06-I-40-13,Kri-I-40-Musunuru,Yallapurm,,,,,,,,,,,,,,,2,0.2,,,0,0,1.2,,,,,,,,,
431,06-I-40-13,Kri-I-40-Musunuru,Gopavaram,,,,,,,,,,,0,0,0,0,1,0.048,7,0.396,0,0,9,,,,,,,,,
432,06-I-40-13,Kri-I-40-Musunuru,Katrenipadu,,,,,,,,,,,0,0,0,0,8,0.384,0,0,20,0.02,2.504,,,,,,,,,
433,06-I-40-13,Kri-I-40-Musunuru,Tallavalli,,,,,,,,,,,,,,,,,,,0,0,0,,,,,,,,,
434,06-I-40-16,Kri-I-42-Chillaboinapalli,Balive,,,,,,,,,,,,,,,,,,,0,0,0,,,,,,,,,
435,06-I-40-16,Kri-I-42-Chillaboinapalli,Velupucherla,,,,,,,,,,,,,2,0.2,,,,,0,0,0.3,,,,,,,,,
436,06-I-40-16,Kri-I-42-Chillaboinapalli,Chillaboinapalli,,,,,,,,,,,,,2,0.2,,,,,0,0,0.3,,,,,,,,,
437,06-I-40-16,Kri-I-42-Chillaboinapalli,Madicherla,,,,,,,,,,,,,,,2,0.2,,,0,0,1.2,,,,,,,,,
438,06-I-42-24,Kri-I-42-Unguturu,Thelaprolu,,,,,,,,,,,,,,,,,,,,,,,,,,,,,,
439,06-I-42-24,Kri-I-42-Unguturu,Pottipadu,,,,,,,,,,,,,,,,,,,,,,,,,,,,,,
440,06-I-42-24,Kri-I-42-Unguturu,Tharigoppulakandrika,,,,,,,,,,,,,,,,,,,,,,,,,,,,,,
441,06-I-42-24,Kri-I-42-Unguturu,Velinuthala,,,,,,,,,,,,,,,,,,,,,,,,,,,,,,
442,06-I-42-24,Kri-I-42-Unguturu,Thuttagunta,,,,,,,,,,,,,,,,,,,,,,,,,,,,,,
443,06-I-42-24,Kri-I-42-Unguturu,Ponukumadu,,,,,,,,,,,,,,,,,,,,,,,,,,,,,,
444,06-I-42-24,Kri-I-42-Unguturu,Garapadu,,,,,,,,,,,,,,,,,,,,,,,,,,,,,,
445,06-I-42-24,Kri-I-42-Unguturu,Dibbanapudi,,,,,,,,,,,,,,,,,,,,,,,,,,,,,,
446,06-I-42-24,Kri-I-42-Unguturu,Amudalapalli,,,,,,,,,,,,,,,,,,,,,,,,,,,,,,
447,06-I-42-24,Kri-I-42-Unguturu,Unguturu,,,,,,,,,,,,,,,,,,,,,,,,,,,,,,
448,06-I-42-24,Kri-I-42-Unguturu,Nagavarappadu,,,,,,,,,,,,,,,,,,,,,,,,,,,,,,
449,06-I-42-24,Kri-I-42-Unguturu,Veldipadu,,,,,,,,,,,,,,,,,,,,,,,,,,,,,,
450,06-I-42-24,Kri-I-42-Unguturu,Tharigoppula,,,,,,,,,,,,,,,,,,,,,,,,,,,,,,
451,06-I-42-24,Kri-I-42-Unguturu,Vempadu,,,,,,,,,,,,,,,,,,,,,,,,,,,,,,
452,06-I-42-24,Kri-I-42-Unguturu,Bokinala,,,,,,,,,,,,,,,,,,,,,,,,,,,,,,
453,06-I-42-24,Kri-I-42-Unguturu,Manikonda,,,,,,,,,,,,,,,,,,,,,,,,,,,,,,
454,06-I-42-24,Kri-I-42-Unguturu,Chikinala,,,,,,,,,,,,,,,,,,,,,,,,,,,,,,
455,06-I-42-24,Kri-I-42-Unguturu,Chagantipadu,,,,,,,,,,,,,,,,,,,,,,,,,,,,,,
456,06-I-42-24,Kri-I-42-Unguturu,Veldipadu kandrika,,,,,,,,,,,,,,,,,,,,,,,,,,,,,,
457,06-I-42-24,Kri-I-42-Unguturu,Ondrampadu,,,,,,,,,,,,,,,,,,,,,,,,,,,,,,
458,06-I-42-24,Kri-I-42-Unguturu,Elukapadu,,,,,,,,,,,,,,,,,,,,,,,,,,,,,,
459,06-I-42-24,Kri-I-42-Unguturu,Lankapalliagraharam,,,,,,,,,,,,,,,,,,,,,,,,,,,,,,
460,06-I-42-24,Kri-I-42-Unguturu,Mukkapadu,,,,,,,,,,,,,,,,,,,,,,,,,,,,,,
461,06-I-42-24,Kri-I-42-Unguturu,Koyyagurapadu,,,,,,,,,,,,,,,,,,,,,,,,,,,,,,
462,06-I-42-24,Kri-I-42-Unguturu,Nandamuru,,,,,,,,,,,,,,,,,,,,,,,,,,,,,,
463,06-I-42-24,Kri-I-42-Unguturu,Madhirapadu,,,,,,,,,,,,,,,,,,,,,,,,,,,,,,
464,06-I-42-24,Kri-I-42-Unguturu,Indupalli,,,,,,,,,,,,,,,,,,,,,,,,,,,,,,
465,06-I-42-24,Kri-I-42-Unguturu,Vemanda,,,,,,,,,,,,,,,,,,,,,,,,,,,,,,
466,06-I-42-15,Kri-I-42-Bapulapadu delta,Venkatarajugudem,0,0,0,0,0,0,0,0,0,0,0,0,0,0,0,0,0,0,0,0,,,,,,,,,,
467,06-I-42-15,Kri-I-42-Bapulapadu delta,Tippanagunta,,,,,,,,,,,,,,,,,,,,,,,,,,,,,,
468,06-I-42-15,Kri-I-42-Bapulapadu delta,Kanumolu,,,,,,,,,,,,,,,,,,,,,,,,,,,,,,
469,06-I-42-15,Kri-I-42-Bapulapadu delta,Dantagunta,,,,,,,,,,,,,,,,,,,,,,,,,,,,,,
470,06-I-42-15,Kri-I-42-Bapulapadu delta,Kakulapadu,,,,,,,,,,,,,,,,,,,,,,,,,,,,,,
471,06-I-42-15,Kri-I-42-Bapulapadu delta,Ramannagudem,,,,,,,,,,,,,,,,,,,,,,,,,,,,,,
472,06-I-42-15,Kri-I-42-Bapulapadu delta,Ogirala,,,,,,,,,,,,,,,,,,,,,,,,,,,,,,
473,06-I-52-35,Kri-I-52-Penamaluru,Kanuru,,,,,,,,,,,,,,,,,,,,,,,,,,,,,,
474,06-I-52-35,Kri-I-52-Penamaluru,Poranki,,,,,,,,,,,,,,,,,,,,,,,,,,,,,,
475,06-I-52-35,Kri-I-52-Penamaluru,Pedapulipaka,,,,,,,,,,,,,,,,,,,,,,,,,,,,,,
476,06-I-52-35,Kri-I-52-Penamaluru,Penamaluru,,,,,,,,,,,,,,,,,,,,,,,,,,,,,,
477,06-I-52-35,Kri-I-52-Penamaluru,Ganguru,,,,,,,,,,,,,,,,,,,,,,,,,,,,,,
478,06-I-52-35,Kri-I-52-Penamaluru,Chodavaram,,,,,,,,,,,,,,,,,,,,,,,,,,,,,,
479,06-I-52-35,Kri-I-52-Penamaluru,Yanamalakuduru,,,,,,,,,,,,,,,,,,,,,,,,,,,,,,
480,06-I-52-35,Kri-I-52-Penamaluru,Tadigadapa,,,,,,,,,,,,,,,,,,,,,,,,,,,,,,
481,06-I-52-35,Kri-I-52-Penamaluru,Gosala,,,,,,,,,,,,,,,,,,,,,,,,,,,,,,
482,06-I-52-35,Kri-I-52-Penamaluru,Vanukuru,,,,,,,,,,,,,,,,,,,,,,,,,,,,,,
483,06-I-52-34,Kri-I-52-Kankipadu,Uppuluru,,,,,,,,,,,,,,,,,,,,,,,,,,,,,,
484,06-I-52-34,Kri-I-52-Kankipadu,Kunderu,,,,,,,,,,,,,,,,,,,,,,,,,,,,,,
485,06-I-52-34,Kri-I-52-Kankipadu,Kandulampadu,,,,,,,,,,,,,,,,,,,,,,,,,,,,,,
486,06-I-52-34,Kri-I-52-Kankipadu,Neppalli,,,,,,,,,,,,,,,,,,,,,,,,,,,,,,
487,06-I-52-34,Kri-I-52-Kankipadu,Kolavennu,,,,,,,,,,,,,,,,,,,,,,,,,,,,,,
488,06-I-52-34,Kri-I-52-Kankipadu,Punadipadu,,,,,,,,,,,,,,,,,,,,,,,,,,,,,,
489,06-I-52-34,Kri-I-52-Kankipadu,Tenneru,,,,,,,,,,,,,,,,,,,,,,,,,,,,,,
490,06-I-52-34,Kri-I-52-Kankipadu,Maredumaka,,,,,,,,,,,,,,,,,,,,,,,,,,,,,,
491,06-I-52-34,Kri-I-52-Kankipadu,Kankipadu,,,,,,,,,,,,,,,,,,,,,,,,,,,,,,
492,06-I-52-34,Kri-I-52-Kankipadu,Konathanapadu,,,,,,,,,,,,,,,,,,,,,,,,,,,,,,
493,06-I-52-34,Kri-I-52-Kankipadu,Prodduturu,,,,,,,,,,,,,,,,,,,,,,,,,,,,,,
494,06-I-52-34,Kri-I-52-Kankipadu,Godavarru,,,,,,,,,,,,,,,,,,,,,,,,,,,,,,
495,06-I-52-34,Kri-I-52-Kankipadu,Edupugallu,,,,,,,,,,,,,,,,,,,,,,,,,,,,,,
496,06-I-52-34,Kri-I-52-Kankipadu,Madduru,,,,,,,,,,,,,,,,,,,,,,,,,,,,,,
497,06-I-52-34,Kri-I-52-Kankipadu,Jagannathapuram,,,,,,,,,,,,,,,,,,,,,,,,,,,,,,
498,06-I-52-34,Kri-I-52-Kankipadu,Davuluru,,,,,,,,,,,,,,,,,,,,,,,,,,,,,,
499,06-I-52-34,Kri-I-52-Kankipadu,Chalivendrapalem,,,,,,,,,,,,,,,,,,,,,,,,,,,,,,
500,06-I-52-34,Kri-I-52-Kankipadu,Mantena,,,,,,,,,,,,,,,,,,,,,,,,,,,,,,
501,06-I-52-34,Kri-I-52-Kankipadu,Velpuru,,,,,,,,,,,,,,,,,,,,,,,,,,,,,,
502,06-I-52-38,Kri-I-52-Vuyyuru,Vuyyuru(Rural),,,,,,,,,,,,,,,,,,,,,,,,,,,,,,
503,06-I-52-38,Kri-I-52-Vuyyuru,Ramachandrapuram,,,,,,,,,,,,,,,,,,,,,,,,,,,,,,
504,06-I-52-38,Kri-I-52-Vuyyuru,Kadavatikollu,,,,,,,,,,,,,,,,,,,,,,,,,,,,,,
505,06-I-52-38,Kri-I-52-Vuyyuru,Veeravalli mukasa,,,,,,,,,,,,,,,,,,,,,,,,,,,,,,
506,06-I-52-38,Kri-I-52-Vuyyuru,Katuru,,,,,,,,,,,,,,,,,,,,,,,,,,,,,,
507,06-I-52-38,Kri-I-52-Vuyyuru,Kaluvapamula,,,,,,,,,,,,,,,,,,,,,,,,,,,,,,
508,06-I-52-38,Kri-I-52-Vuyyuru,Bollapadu,,,,,,,,,,,,,,,,,,,,,,,,,,,,,,
509,06-I-52-38,Kri-I-52-Vuyyuru,Jabbarlapudi,,,,,,,,,,,,,,,,,,,,,,,,,,,,,,
510,06-I-52-38,Kri-I-52-Vuyyuru,Saipuram,,,,,,,,,,,,,,,,,,,,,,,,,,,,,,
511,06-I-52-38,Kri-I-52-Vuyyuru,Mudunuru,,,,,,,,,,,,,,,,,,,,,,,,,,,,,,
512,06-I-52-38,Kri-I-52-Vuyyuru,Pedavogirala,,,,,,,,,,,,,,,,,,,,,,,,,,,,,,
513,06-I-52-38,Kri-I-52-Vuyyuru,Akunuru,,,,,,,,,,,,,,,,,,,,,,,,,,,,,,
514,06-I-52-38,Kri-I-52-Vuyyuru,Chinavogirala,,,,,,,,,,,,,,,,,,,,,,,,,,,,,,
515,06-I-52-33,Kri-I-52-Pedaparupudi,Yelamarru,,,,,,,,,,,,,,,,,,,,,,,,,,,,,,
516,06-I-52-33,Kri-I-52-Pedaparupudi,Chinaparapudi,,,,,,,,,,,,,,,,,,,,,,,,,,,,,,
517,06-I-52-33,Kri-I-52-Pedaparupudi,Edulamaddali,,,,,,,,,,,,,,,,,,,,,,,,,,,,,,
518,06-I-52-33,Kri-I-52-Pedaparupudi,Pedaparapudi,,,,,,,,,,,,,,,,,,,,,,,,,,,,,,
519,06-I-52-33,Kri-I-52-Pedaparupudi,Juvvanapudi,,,,,,,,,,,,,,,,,,,,,,,,,,,,,,
520,06-I-52-33,Kri-I-52-Pedaparupudi,Appikatla,,,,,,,,,,,,,,,,,,,,,,,,,,,,,,
521,06-I-52-33,Kri-I-52-Pedaparupudi,Vanapamula,,,,,,,,,,,,,,,,,,,,,,,,,,,,,,
522,06-I-52-33,Kri-I-52-Pedaparupudi,Kornipadu,,,,,,,,,,,,,,,,,,,,,,,,,,,,,,
523,06-I-52-33,Kri-I-52-Pedaparupudi,Ravulapadu,,,,,,,,,,,,,,,,,,,,,,,,,,,,,,
524,06-I-52-33,Kri-I-52-Pedaparupudi,Gurivindagunta,,,,,,,,,,,,,,,,,,,,,,,,,,,,,,
525,06-I-52-33,Kri-I-52-Pedaparupudi,Maheswarapuram,,,,,,,,,,,,,,,,,,,,,,,,,,,,,,
526,06-I-52-33,Kri-I-52-Pedaparupudi,Pamulapadu,,,,,,,,,,,,,,,,,,,,,,,,,,,,,,
527,06-I-52-33,Kri-I-52-Pedaparupudi,Ventrapragada,,,,,,,,,,,,,,,,,,,,,,,,,,,,,,
528,06-I-52-33,Kri-I-52-Pedaparupudi,Somavarappadu,,,,,,,,,,,,,,,,,,,,,,,,,,,,,,
529,06-I-52-33,Kri-I-52-Pedaparupudi,Moparru,,,,,,,,,,,,,,,,,,,,,,,,,,,,,,
530,06-I-52-33,Kri-I-52-Pedaparupudi,Jamidintakorru,,,,,,,,,,,,,,,,,,,,,,,,,,,,,,
531,06-I-52-33,Kri-I-52-Pedaparupudi,Vinjarampadu,,,,,,,,,,,,,,,,,,,,,,,,,,,,,,
532,06-I-52-33,Kri-I-52-Pedaparupudi,Bhushanagulla,,,,,,,,,,,,,,,,,,,,,,,,,,,,,,
533,06-I-52-32,Kri-I-52-Gudivada,Lingavaram,,,,,,,,,,,,,,,,,,,,,,,,,,,,,,
534,06-I-52-32,Kri-I-52-Gudivada,Merakagudem,,,,,,,,,,,,,,,,,,,,,,,,,,,,,,
535,06-I-52-32,Kri-I-52-Gudivada,Serigolvepalli,,,,,,,,,,,,,,,,,,,,,,,,,,,,,,
536,06-I-52-32,Kri-I-52-Gudivada,Guntakoduru,,,,,,,,,,,,,,,,,,,,,,,,,,,,,,
537,06-I-52-32,Kri-I-52-Gudivada,Moturu,,,,,,,,,,,,,,,,,,,,,,,,,,,,,,
538,06-I-52-32,Kri-I-52-Gudivada,Saidepudi,,,,,,,,,,,,,,,,,,,,,,,,,,,,,,
539,06-I-52-32,Kri-I-52-Gudivada,Dondapadu,,,,,,,,,,,,,,,,,,,,,,,,,,,,,,
540,06-I-52-32,Kri-I-52-Gudivada,Chilakamudi,,,,,,,,,,,,,,,,,,,,,,,,,,,,,,
541,06-I-52-32,Kri-I-52-Gudivada,Valivarthipadu,,,,,,,,,,,,,,,,,,,,,,,,,,,,,,
542,06-I-52-32,Kri-I-52-Gudivada,Nagavarappadu (Gudivada (M),,,,,,,,,,,,,,,,,,,,,,,,,,,,,,
543,06-I-52-32,Kri-I-52-Gudivada,Bethavolu,,,,,,,,,,,,,,,,,,,,,,,,,,,,,,
544,06-I-52-32,Kri-I-52-Gudivada,Pedayerukapadu,,,,,,,,,,,,,,,,,,,,,,,,,,,,,,
545,06-I-52-32,Kri-I-52-Gudivada,Mandapadu,,,,,,,,,,,,,,,,,,,,,,,,,,,,,,
546,06-I-52-32,Kri-I-52-Gudivada,Billapadu,,,,,,,,,,,,,,,,,,,,,,,,,,,,,,
547,06-I-52-32,Kri-I-52-Gudivada,Chinayerukapadu,,,,,,,,,,,,,,,,,,,,,,,,,,,,,,
548,06-I-52-32,Kri-I-52-Gudivada,Bommuluru,,,,,,,,,,,,,,,,,,,,,,,,,,,,,,
549,06-I-52-32,Kri-I-52-Gudivada,Gangadharapuram,,,,,,,,,,,,,,,,,,,,,,,,,,,,,,
550,06-I-52-32,Kri-I-52-Gudivada,Gudivada,,,,,,,,,,,,,,,,,,,,,,,,,,,,,,
551,06-I-52-32,Kri-I-52-Gudivada,Chowtapalli,,,,,,,,,,,,,,,,,,,,,,,,,,,,,,
552,06-I-52-32,Kri-I-52-Gudivada,Kalvapudiagraharam,,,,,,,,,,,,,,,,,,,,,,,,,,,,,,
553,06-I-52-32,Kri-I-52-Gudivada,Seridintikurru,,,,,,,,,,,,,,,,,,,,,,,,,,,,,,
554,06-I-52-32,Kri-I-52-Gudivada,Siddantham,,,,,,,,,,,,,,,,,,,,,,,,,,,,,,
555,06-I-52-32,Kri-I-52-Gudivada,Ramachanrapuram,,,,,,,,,,,,,,,,,,,,,,,,,,,,,,
556,06-I-52-32,Kri-I-52-Gudivada,Serivelpuru,,,,,,,,,,,,,,,,,,,,,,,,,,,,,,
557,06-I-52-32,Kri-I-52-Gudivada,Seepudi,,,,,,,,,,,,,,,,,,,,,,,,,,,,,,
558,06-I-52-32,Kri-I-52-Gudivada,Kasipudi,,,,,,,,,,,,,,,,,,,,,,,,,,,,,,
559,06-I-52-32,Kri-I-52-Gudivada,Allidoddi,,,,,,,,,,,,,,,,,,,,,,,,,,,,,,
560,06-I-52-32,Kri-I-52-Gudivada,Tattivarru,,,,,,,,,,,,,,,,,,,,,,,,,,,,,,
561,06-I-52-32,Kri-I-52-Gudivada,Ramanapudi,,,,,,,,,,,,,,,,,,,,,,,,,,,,,,
562,06-I-52-32,Kri-I-52-Gudivada,Chirichintala,,,,,,,,,,,,,,,,,,,,,,,,,,,,,,
563,06-I-52-36,Kri-I-52-Thotlavalluru,North valluru,,,,,,,,,,,,,,,,,,,,,,,,,,,,,,
564,06-I-52-36,Kri-I-52-Thotlavalluru,South valluru,,,,,,,,,,,,,,,,,,,,,,,,,,,,,,
565,06-I-52-36,Kri-I-52-Thotlavalluru,Royyuru,,,,,,,,,,,,,,,,,,,,,,,,,,,,,,
566,06-I-52-36,Kri-I-52-Thotlavalluru,Chagantipadu,,,,,,,,,,,,,,,,,,,,,,,,,,,,,,
567,06-I-52-36,Kri-I-52-Thotlavalluru,Devarapalli,,,,,,,,,,,,,,,,,,,,,,,,,,,,,,
568,06-I-52-36,Kri-I-52-Thotlavalluru,Penamakuru,,,,,,,,,,,,,,,,,,,,,,,,,,,,,,
569,06-I-52-36,Kri-I-52-Thotlavalluru,Garikaparru,,,,,,,,,,,,,,,,,,,,,,,,,,,,,,
570,06-I-52-36,Kri-I-52-Thotlavalluru,Boddapadu,,,,,,,,,,,,,,,,,,,,,,,,,,,,,,
571,06-I-52-36,Kri-I-52-Thotlavalluru,Chinapulipaka,,,,,,,,,,,,,,,,,,,,,,,,,,,,,,
572,06-I-52-36,Kri-I-52-Thotlavalluru,Kummamuru,,,,,,,,,,,,,,,,,,,,,,,,,,,,,,
573,06-I-52-36,Kri-I-52-Thotlavalluru,Kanakavalli,,,,,,,,,,,,,,,,,,,,,,,,,,,,,,
574,06-I-52-36,Kri-I-52-Thotlavalluru,Yekamuru,,,,,,,,,,,,,,,,,,,,,,,,,,,,,,
575,06-I-52-36,Kri-I-52-Thotlavalluru,Gurivindapalli,,,,,,,,,,,,,,,,,,,,,,,,,,,,,,
576,06-I-52-36,Kri-I-52-Thotlavalluru,Madhurapuram,,,,,,,,,,,,,,,,,,,,,,,,,,,,,,
577,06-I-52-36,Kri-I-52-Thotlavalluru,Molakalapalli,,,,,,,,,,,,,,,,,,,,,,,,,,,,,,
578,06-I-52-36,Kri-I-52-Thotlavalluru,Iluru,,,,,,,,,,,,,,,,,,,,,,,,,,,,,,
579,06-I-52-37,Kri-I-52-Pamidimukkala,Kapileswarapuram,,,,,,,,,,,,,,,,,,,,,,,,,,,,,,
580,06-I-52-37,Kri-I-52-Pamidimukkala,Hanumanthapuram,,,,,,,,,,,,,,,,,,,,,,,,,,,,,,
581,06-I-52-37,Kri-I-52-Pamidimukkala,Mullapudi,,,,,,,,,,,,,,,,,,,,,,,,,,,,,,
582,06-I-52-37,Kri-I-52-Pamidimukkala,Velpuru,,,,,,,,,,,,,,,,,,,,,,,,,,,,,,
583,06-I-52-37,Kri-I-52-Pamidimukkala,Gurralanka,,,,,,,,,,,,,,,,,,,,,,,,,,,,,,
584,06-I-52-37,Kri-I-52-Pamidimukkala,Pamidimukkala,,,,,,,,,,,,,,,,,,,,,,,,,,,,,,
585,06-I-52-37,Kri-I-52-Pamidimukkala,Agniparru,,,,,,,,,,,,,,,,,,,,,,,,,,,,,,
586,06-I-52-37,Kri-I-52-Pamidimukkala,Mamillapalli,,,,,,,,,,,,,,,,,,,,,,,,,,,,,,
587,06-I-52-37,Kri-I-52-Pamidimukkala,Penumatcha,,,,,,,,,,,,,,,,,,,,,,,,,,,,,,
588,06-I-52-37,Kri-I-52-Pamidimukkala,Krishnapuram,,,,,,,,,,,,,,,,,,,,,,,,,,,,,,
589,06-I-52-37,Kri-I-52-Pamidimukkala,Choragudi,,,,,,,,,,,,,,,,,,,,,,,,,,,,,,
590,06-I-52-37,Kri-I-52-Pamidimukkala,Srirangapuram,,,,,,,,,,,,,,,,,,,,,,,,,,,,,,
591,06-I-52-37,Kri-I-52-Pamidimukkala,Meduru,,,,,,,,,,,,,,,,,,,,,,,,,,,,,,
592,06-I-52-37,Kri-I-52-Pamidimukkala,Chennuripalem,,,,,,,,,,,,,,,,,,,,,,,,,,,,,,
593,06-I-52-37,Kri-I-52-Pamidimukkala,Paidikondalavaripalem,,,,,,,,,,,,,,,,,,,,,,,,,,,,,,
594,06-I-52-37,Kri-I-52-Pamidimukkala,Veeranki,,,,,,,,,,,,,,,,,,,,,,,,,,,,,,
595,06-I-52-37,Kri-I-52-Pamidimukkala,Ameenapuram,,,,,,,,,,,,,,,,,,,,,,,,,,,,,,
596,06-I-52-37,Kri-I-52-Pamidimukkala,Kuderu,,,,,,,,,,,,,,,,,,,,,,,,,,,,,,
597,06-I-52-37,Kri-I-52-Pamidimukkala,Lankapalli,,,,,,,,,,,,,,,,,,,,,,,,,,,,,,
598,06-I-52-37,Kri-I-52-Pamidimukkala,Lankapallilanka,,,,,,,,,,,,,,,,,,,,,,,,,,,,,,
599,06-I-52-37,Kri-I-52-Pamidimukkala,Phatelanka,,,,,,,,,,,,,,,,,,,,,,,,,,,,,,
600,06-I-52-37,Kri-I-52-Pamidimukkala,Inapuru,,,,,,,,,,,,,,,,,,,,,,,,,,,,,,
601,06-I-52-37,Kri-I-52-Pamidimukkala,Mantada,,,,,,,,,,,,,,,,,,,,,,,,,,,,,,
602,06-I-52-37,Kri-I-52-Pamidimukkala,Tadanki,,,,,,,,,,,,,,,,,,,,,,,,,,,,,,
603,06-I-52-37,Kri-I-52-Pamidimukkala,Inampudi,,,,,,,,,,,,,,,,,,,,,,,,,,,,,,
604,06-I-52-37,Kri-I-52-Pamidimukkala,Gurajada,,,,,,,,,,,,,,,,,,,,,,,,,,,,,,
605,06-I-52-37,Kri-I-52-Pamidimukkala,Gopuvanipalem,,,,,,,,,,,,,,,,,,,,,,,,,,,,,,
606,06-I-52-37,Kri-I-52-Pamidimukkala,Marrivada,,,,,,,,,,,,,,,,,,,,,,,,,,,,,,
607,06-I-52-39,Kri-I-52-Pamarru,Pamarru,,,,,,,,,,,,,,,,,,,,,,,,,,,,,,
608,06-I-52-39,Kri-I-52-Pamarru,Kanumuru,,,,,,,,,,,,,,,,,,,,,,,,,,,,,,
609,06-I-52-39,Kri-I-52-Pamarru,Kurumaddali,,,,,,,,,,,,,,,,,,,,,,,,,,,,,,
610,06-I-52-39,Kri-I-52-Pamarru,Uruturu,,,,,,,,,,,,,,,,,,,,,,,,,,,,,,
611,06-I-52-39,Kri-I-52-Pamarru,Balliparru,,,,,,,,,,,,,,,,,,,,,,,,,,,,,,
612,06-I-52-39,Kri-I-52-Pamarru,Raparla,,,,,,,,,,,,,,,,,,,,,,,,,,,,,,
613,06-I-52-39,Kri-I-52-Pamarru,Jamidaggumilli,,,,,,,,,,,,,,,,,,,,,,,,,,,,,,
614,06-I-52-39,Kri-I-52-Pamarru,Polavaram,,,,,,,,,,,,,,,,,,,,,,,,,,,,,,
615,06-I-52-39,Kri-I-52-Pamarru,Undrapudi,,,,,,,,,,,,,,,,,,,,,,,,,,,,,,
616,06-I-52-39,Kri-I-52-Pamarru,Jujjavaram,,,,,,,,,,,,,,,,,,,,,,,,,,,,,,
617,06-I-52-39,Kri-I-52-Pamarru,Pasumarru,,,,,,,,,,,,,,,,,,,,,,,,,,,,,,
618,06-I-52-39,Kri-I-52-Pamarru,Kapavaram,,,,,,,,,,,,,,,,,,,,,,,,,,,,,,
619,06-I-52-39,Kri-I-52-Pamarru,Nimmakuru,,,,,,,,,,,,,,,,,,,,,,,,,,,,,,
620,06-I-52-39,Kri-I-52-Pamarru,Nibhanupudi,,,,,,,,,,,,,,,,,,,,,,,,,,,,,,
621,06-I-52-39,Kri-I-52-Pamarru,Nimmaluru,,,,,,,,,,,,,,,,,,,,,,,,,,,,,,
622,06-I-52-39,Kri-I-52-Pamarru,Parakarala,,,,,,,,,,,,,,,,,,,,,,,,,,,,,,
623,06-I-52-39,Kri-I-52-Pamarru,Yelakuru,,,,,,,,,,,,,,,,,,,,,,,,,,,,,,
624,06-I-52-39,Kri-I-52-Pamarru,Kondiparru,,,,,,,,,,,,,,,,,,,,,,,,,,,,,,
625,06-I-52-39,Kri-I-52-Pamarru,Remmanapudi,,,,,,,,,,,,,,,,,,,,,,,,,,,,,,
626,06-I-52-39,Kri-I-52-Pamarru,Pedamaddali,,,,,,,,,,,,,,,,,,,,,,,,,,,,,,
627,06-I-52-39,Kri-I-52-Pamarru,Addada,,,,,,,,,,,,,,,,,,,,,,,,,,,,,,
628,06-I-52-39,Kri-I-52-Pamarru,Inampudi,,,,,,,,,,,,,,,,,,,,,,,,,,,,,,
629,06-I-52-39,Kri-I-52-Pamarru,Jamigolvepalli,,,,,,,,,,,,,,,,,,,,,,,,,,,,,,
630,06-I-52-39,Kri-I-52-Pamarru,Komaravolu,,,,,,,,,,,,,,,,,,,,,,,,,,,,,,
631,06-I-52-39,Kri-I-52-Pamarru,Mallavaram,,,,,,,,,,,,,,,,,,,,,,,,,,,,,,
632,06-I-52-39,Kri-I-52-Pamarru,Mir-imam-palem,,,,,,,,,,,,,,,,,,,,,,,,,,,,,,
633,06-I-52-17,Kri-I-52-Movva,Movva,,,,,,,,,,,,,,,,,,,,,,,,,,,,,,
634,06-I-52-17,Kri-I-52-Movva,Kuchipudi,,,,,,,,,,,,,,,,,,,,,,,,,,,,,,
635,06-I-52-17,Kri-I-52-Movva,Pedapudi,,,,,,,,,,,,,,,,,,,,,,,,,,,,,,
636,06-I-52-17,Kri-I-52-Movva,Batlapenumarru,,,,,,,,,,,,,,,,,,,,,,,,,,,,,,
637,06-I-52-17,Kri-I-52-Movva,Pedasanagallu,,,,,,,,,,,,,,,,,,,,,,,,,,,,,,
638,06-I-52-17,Kri-I-52-Movva,Barlapudi,,,,,,,,,,,,,,,,,,,,,,,,,,,,,,
639,06-I-52-17,Kri-I-52-Movva,Yeddanapudi,,,,,,,,,,,,,,,,,,,,,,,,,,,,,,
640,06-I-52-17,Kri-I-52-Movva,Avurupudi,,,,,,,,,,,,,,,,,,,,,,,,,,,,,,
641,06-I-52-17,Kri-I-52-Movva,Ayyanki,,,,,,,,,,,,,,,,,,,,,,,,,,,,,,
642,06-I-52-17,Kri-I-52-Movva,Gudapadu,,,,,,,,,,,,,,,,,,,,,,,,,,,,,,
643,06-I-52-17,Kri-I-52-Movva,Nidumolu,,,,,,,,,,,,,,,,,,,,,,,,,,,,,,
644,06-I-52-17,Kri-I-52-Movva,Palankipadu,,,,,,,,,,,,,,,,,,,,,,,,,,,,,,
645,06-I-52-17,Kri-I-52-Movva,Kosuru,,,,,,,,,,,,,,,,,,,,,,,,,,,,,,
646,06-I-52-17,Kri-I-52-Movva,Pedamuttevi,,,,,,,,,,,,,,,,,,,,,,,,,,,,,,
647,06-I-52-17,Kri-I-52-Movva,Vemulamada,,,,,,,,,,,,,,,,,,,,,,,,,,,,,,
648,06-I-52-17,Kri-I-52-Movva,Chinamuttevi,,,,,,,,,,,,,,,,,,,,,,,,,,,,,,
649,06-I-52-17,Kri-I-52-Movva,Kaza,,,,,,,,,,,,,,,,,,,,,,,,,,,,,,
650,06-I-52-44,Kri-I-52-Ghantasala,Gantasala,,,,,,,,,,,,,,,,,,,,,,,,,,,,,,
651,06-I-52-44,Kri-I-52-Ghantasala,Kothapalli,,,,,,,,,,,,,,,,,,,,,,,,,,,,,,
652,06-I-52-44,Kri-I-52-Ghantasala,Tadepalli,,,,,,,,,,,,,,,,,,,,,,,,,,,,,,
653,06-I-52-44,Kri-I-52-Ghantasala,Teluguravupalem,,,,,,,,,,,,,,,,,,,,,,,,,,,,,,
654,06-I-52-44,Kri-I-52-Ghantasala,Kodali,,,,,,,,,,,,,,,,,,,,,,,,,,,,,,
655,06-I-52-44,Kri-I-52-Ghantasala,Srikakulam,,,,,,,,,,,,,,,,,,,,,,,,,,,,,,
656,06-I-52-44,Kri-I-52-Ghantasala,Chinakallepalli,,,,,,,,,,,,,,,,,,,,,,,,,,,,,,
657,06-I-52-44,Kri-I-52-Ghantasala,Vemulapalli,,,,,,,,,,,,,,,,,,,,,,,,,,,,,,
658,06-I-52-44,Kri-I-52-Ghantasala,Devarakota,,,,,,,,,,,,,,,,,,,,,,,,,,,,,,
659,06-I-52-44,Kri-I-52-Ghantasala,Birudagadda,,,,,,,,,,,,,,,,,,,,,,,,,,,,,,
660,06-I-52-44,Kri-I-52-Ghantasala,Yelakalakuduru,,,,,,,,,,,,,,,,,,,,,,,,,,,,,,
661,06-I-52-44,Kri-I-52-Ghantasala,Bollapadu,,,,,,,,,,,,,,,,,,,,,,,,,,,,,,
662,06-I-52-44,Kri-I-52-Ghantasala,Chitturu,,,,,,,,,,,,,,,,,,,,,,,,,,,,,,
663,06-I-52-44,Kri-I-52-Ghantasala,Pooshadam,,,,,,,,,,,,,,,,,,,,,,,,,,,,,,
664,06-I-52-44,Kri-I-52-Ghantasala,Lankapalli,,,,,,,,,,,,,,,,,,,,,,,,,,,,,,
665,06-I-52-44,Kri-I-52-Ghantasala,Yendakuduru,,,,,,,,,,,,,,,,,,,,,,,,,,,,,,
666,06-I-52-44,Kri-I-52-Ghantasala,Chilakalapudi,,,,,,,,,,,,,,,,,,,,,,,,,,,,,,
667,06-I-52-44,Kri-I-52-Ghantasala,V.Rudravaram,,,,,,,,,,,,,,,,,,,,,,,,,,,,,,
668,06-I-52-44,Kri-I-52-Ghantasala,Mallampalli,,,,,,,,,,,,,,,,,,,,,,,,,,,,,,
669,06-I-52-44,Kri-I-52-Ghantasala,Daliparru,,,,,,,,,,,,,,,,,,,,,,,,,,,,,,
670,06-I-52-44,Kri-I-52-Ghantasala,Chitturpu,,,,,,,,,,,,,,,,,,,,,,,,,,,,,,
671,06-I-52-46,Kri-I-52-Challapalli,Challapalli,,,,,,,,,,,,,,,,,,,,,,,,,,,,,,
672,06-I-52-46,Kri-I-52-Challapalli,Nadakuduru,,,,,,,,,,,,,,,,,,,,,,,,,,,,,,
673,06-I-52-46,Kri-I-52-Challapalli,Puritigadda,,,,,,,,,,,,,,,,,,,,,,,,,,,,,,
674,06-I-52-46,Kri-I-52-Challapalli,Yarlagadda,,,,,,,,,,,,,,,,,,,,,,,,,,,,,,
675,06-I-52-46,Kri-I-52-Challapalli,Nimmagadda,,,,,,,,,,,,,,,,,,,,,,,,,,,,,,
676,06-I-52-46,Kri-I-52-Challapalli,Chidepudi,,,,,,,,,,,,,,,,,,,,,,,,,,,,,,
677,06-I-52-46,Kri-I-52-Challapalli,Velivolu,,,,,,,,,,,,,,,,,,,,,,,,,,,,,,
678,06-I-52-46,Kri-I-52-Challapalli,Pagolu,,,,,,,,,,,,,,,,,,,,,,,,,,,,,,
679,06-I-52-46,Kri-I-52-Challapalli,Lakshmipuram,,,,,,,,,,,,,,,,,,,,,,,,,,,,,,
680,06-I-52-46,Kri-I-52-Challapalli,Mangalapuram,,,,,,,,,,,,,,,,,,,,,,,,,,,,,,
681,06-I-52-46,Kri-I-52-Challapalli,Vakkalagadda,,,,,,,,,,,,,,,,,,,,,,,,,,,,,,
682,06-I-52-46,Kri-I-52-Challapalli,Majeru,,,,,,,,,,,,,,,,,,,,,,,,,,,,,,
683,06-I-52-47,Kri-I-52-Mopidevi,Kokkiligadda,,,,,,,,,,,,,,,,,,,,,,,,,,,,,,
684,06-I-52-47,Kri-I-52-Mopidevi,Pedaprolu,,,,,,,,,,,,,,,,,,,,,,,,,,,,,,
685,06-I-52-47,Kri-I-52-Mopidevi,Kaptanupalem,,,,,,,,,,,,,,,,,,,,,,,,,,,,,,
686,06-I-52-47,Kri-I-52-Mopidevi,Mopidevi,,,,,,,,,,,,,,,,,,,,,,,,,,,,,,
687,06-I-52-47,Kri-I-52-Mopidevi,Pedakallepalli,,,,,,,,,,,,,,,,,,,,,,,,,,,,,,
688,06-I-52-47,Kri-I-52-Mopidevi,Tekupalli,,,,,,,,,,,,,,,,,,,,,,,,,,,,,,
689,06-I-52-47,Kri-I-52-Mopidevi,Merakanapalli,,,,,,,,,,,,,,,,,,,,,,,,,,,,,,
690,06-I-52-47,Kri-I-52-Mopidevi,Melamarti lanka,,,,,,,,,,,,,,,,,,,,,,,,,,,,,,
691,06-I-52-47,Kri-I-52-Mopidevi,North chiruvolulanka,,,,,,,,,,,,,,,,,,,,,,,,,,,,,,
692,06-I-52-47,Kri-I-52-Mopidevi,Mopidevi lanka,,,,,,,,,,,,,,,,,,,,,,,,,,,,,,
693,06-I-52-47,Kri-I-52-Mopidevi,Venkatapuram,,,,,,,,,,,,,,,,,,,,,,,,,,,,,,
694,06-I-52-47,Kri-I-52-Mopidevi,Annavaram,,,,,,,,,,,,,,,,,,,,,,,,,,,,,,
695,06-I-52-47,Kri-I-52-Mopidevi,Ayodya,,,,,,,,,,,,,,,,,,,,,,,,,,,,,,
696,06-I-52-47,Kri-I-52-Mopidevi,Mellamarru,,,,,,,,,,,,,,,,,,,,,,,,,,,,,,
697,06-I-52-47,Kri-I-52-Mopidevi,Chiruvolu,,,,,,,,,,,,,,,,,,,,,,,,,,,,,,
698,06-I-52-47,Kri-I-52-Mopidevi,Nagayathippa,,,,,,,,,,,,,,,,,,,,,,,,,,,,,,
699,06-I-52-47,Kri-I-52-Mopidevi,Bobbarlanka,,,,,,,,,,,,,,,,,,,,,,,,,,,,,,
700,06-I-52-48,Avanigadda,Puligadda,,,,,,,,,,,,,,,,,,,,,,,,,,,,,,
701,06-I-52-48,Avanigadda,Modumudi,,,,,,,,,,,,,,,,,,,,,,,,,,,,,,
702,06-I-52-48,Avanigadda,Avanigadda,,,,,,,,,,,,,,,,,,,,,,,,,,,,,,
703,06-I-52-48,Avanigadda,Edlalanka,,,,,,,,,,,,,,,,,,,,,,,,,,,,,,
704,06-I-52-48,Avanigadda,Vekanuru,,,,,,,,,,,,,,,,,,,,,,,,,,,,,,
705,06-I-52-48,Avanigadda,Aswaraopalem,,,,,,,,,,,,,,,,,,,,,,,,,,,,,,
706,06-I-52-48,Avanigadda,South Chiruvolulanka,,,,,,,,,,,,,,,,,,,,,,,,,,,,,,
707,06-I-52-25,Kri-I-52-Nandiwada,Oddulameraka,,,,,,,,,,,,,,,,,,,,,,,,,,,,,,
708,06-I-52-25,Kri-I-52-Nandiwada,Aripirala,,,,,,,,,,,,,,,,,,,,,,,,,,,,,,
709,06-I-52-25,Kri-I-52-Nandiwada,Ramapuram,,,,,,,,,,,,,,,,,,,,,,,,,,,,,,
710,06-I-52-25,Kri-I-52-Nandiwada,Kudaravalli,,,,,,,,,,,,,,,,,,,,,,,,,,,,,,
711,06-I-52-25,Kri-I-52-Nandiwada,Pedaverivada,,,,,,,,,,,,,,,,,,,,,,,,,,,,,,
712,06-I-52-25,Kri-I-52-Nandiwada,Thummalapalli,,,,,,,,,,,,,,,,,,,,,,,,,,,,,,
713,06-I-52-25,Kri-I-52-Nandiwada,Nandivada,,,,,,,,,,,,,,,,,,,,,,,,,,,,,,
714,06-I-52-25,Kri-I-52-Nandiwada,Vennanapudi,,,,,,,,,,,,,,,,,,,,,,,,,,,,,,
715,06-I-52-25,Kri-I-52-Nandiwada,Srinivasapuram,,,,,,,,,,,,,,,,,,,,,,,,,,,,,,
716,06-I-52-25,Kri-I-52-Nandiwada,Nuthalapadu,,,,,,,,,,,,,,,,,,,,,,,,,,,,,,
717,06-I-52-25,Kri-I-52-Nandiwada,Janardhanapuram,,,,,,,,,,,,,,,,,,,,,,,,,,,,,,
718,06-I-52-25,Kri-I-52-Nandiwada,Thamirisa,,,,,,,,,,,,,,,,,,,,,,,,,,,,,,
719,06-I-52-25,Kri-I-52-Nandiwada,Dandiganapudi,,,,,,,,,,,,,,,,,,,,,,,,,,,,,,
720,06-I-52-25,Kri-I-52-Nandiwada,Gandepudi,,,,,,,,,,,,,,,,,,,,,,,,,,,,,,
721,06-I-52-25,Kri-I-52-Nandiwada,Amanapudi,,,,,,,,,,,,,,,,,,,,,,,,,,,,,,
722,06-I-52-25,Kri-I-52-Nandiwada,Ilaparru,,,,,,,,,,,,,,,,,,,,,,,,,,,,,,
723,06-I-52-25,Kri-I-52-Nandiwada,Polukonda,,,,,,,,,,,,,,,,,,,,,,,,,,,,,,
724,06-I-52-25,Kri-I-52-Nandiwada,Rudrapaka,,,,,,,,,,,,,,,,,,,,,,,,,,,,,,
725,06-I-52-25,Kri-I-52-Nandiwada,Chadurtipadu,,,,,,,,,,,,,,,,,,,,,,,,,,,,,,
726,06-I-52-25,Kri-I-52-Nandiwada,Pedalingala,,,,,,,,,,,,,,,,,,,,,,,,,,,,,,
727,06-I-52-25,Kri-I-52-Nandiwada,Chinalingala,,,,,,,,,,,,,,,,,,,,,,,,,,,,,,
728,06-I-52-25,Kri-I-52-Nandiwada,Puttagunta,,,,,,,,,,,,,,,,,,,,,,,,,,,,,,
729,06-I-52-26,Kri-I-52-Mandavalli,Mandavalli,,,,,,,,,,,,,,,,,,,,,,,,,,,,,,
730,06-I-52-26,Kri-I-52-Mandavalli,Appapuram,,,,,,,,,,,,,,,,,,,,,,,,,,,,,,
731,06-I-52-26,Kri-I-52-Mandavalli,Sobhanadripuram,,,,,,,,,,,,,,,,,,,,,,,,,,,,,,
732,06-I-52-26,Kri-I-52-Mandavalli,Bhairavapatnam,,,,,,,,,,,,,,,,,,,,,,,,,,,,,,
733,06-I-52-26,Kri-I-52-Mandavalli,Lokamudi,,,,,,,,,,,,,,,,,,,,,,,,,,,,,,
734,06-I-52-26,Kri-I-52-Mandavalli,Chavalipadu,,,,,,,,,,,,,,,,,,,,,,,,,,,,,,
735,06-I-52-26,Kri-I-52-Mandavalli,Ayyavarirudravaram,,,,,,,,,,,,,,,,,,,,,,,,,,,,,,
736,06-I-52-26,Kri-I-52-Mandavalli,Chintapadu,,,,,,,,,,,,,,,,,,,,,,,,,,,,,,
737,06-I-52-26,Kri-I-52-Mandavalli,Dayyampadu,,,,,,,,,,,,,,,,,,,,,,,,,,,,,,
738,06-I-52-26,Kri-I-52-Mandavalli,Pillipadu,,,,,,,,,,,,,,,,,,,,,,,,,,,,,,
739,06-I-52-26,Kri-I-52-Mandavalli,Pulaparru,,,,,,,,,,,,,,,,,,,,,,,,,,,,,,
740,06-I-52-26,Kri-I-52-Mandavalli,Kovvadalanka,,,,,,,,,,,,,,,,,,,,,,,,,,,,,,
741,06-I-52-26,Kri-I-52-Mandavalli,Munuguru,,,,,,,,,,,,,,,,,,,,,,,,,,,,,,
742,06-I-52-26,Kri-I-52-Mandavalli,Nutchimilli,,,,,,,,,,,,,,,,,,,,,,,,,,,,,,
743,06-I-52-26,Kri-I-52-Mandavalli,Ingilipakalanka,,,,,,,,,,,,,,,,,,,,,,,,,,,,,,
744,06-I-52-26,Kri-I-52-Mandavalli,Nandigamalanka,,,,,,,,,,,,,,,,,,,,,,,,,,,,,,
745,06-I-52-26,Kri-I-52-Mandavalli,Penumakalanka,,,,,,,,,,,,,,,,,,,,,,,,,,,,,,
746,06-I-52-26,Kri-I-52-Mandavalli,Mokasakalavapudi,,,,,,,,,,,,,,,,,,,,,,,,,,,,,,
747,06-I-52-26,Kri-I-52-Mandavalli,Gannavaram,,,,,,,,,,,,,,,,,,,,,,,,,,,,,,
748,06-I-52-26,Kri-I-52-Mandavalli,Mudutallapadu,,,,,,,,,,,,,,,,,,,,,,,,,,,,,,
749,06-I-52-26,Kri-I-52-Mandavalli,Takkellapadu,,,,,,,,,,,,,,,,,,,,,,,,,,,,,,
750,06-I-52-26,Kri-I-52-Mandavalli,Prathipadu,,,,,,,,,,,,,,,,,,,,,,,,,,,,,,
751,06-I-52-26,Kri-I-52-Mandavalli,Singanapudi,,,,,,,,,,,,,,,,,,,,,,,,,,,,,,
752,06-I-52-26,Kri-I-52-Mandavalli,Unikili,,,,,,,,,,,,,,,,,,,,,,,,,,,,,,
753,06-I-52-27,Kri-I-52-Kaikaluru,Kolletikota,,,,,,,,,,,,,,,,,,,,,,,,,,,,,,
754,06-I-52-27,Kri-I-52-Kaikaluru,Kottada,,,,,,,,,,,,,,,,,,,,,,,,,,,,,,
755,06-I-52-27,Kri-I-52-Kaikaluru,Penchikalamarru,,,,,,,,,,,,,,,,,,,,,,,,,,,,,,
756,06-I-52-27,Kri-I-52-Kaikaluru,Pallevada,,,,,,,,,,,,,,,,,,,,,,,,,,,,,,
757,06-I-52-27,Kri-I-52-Kaikaluru,Bhujabalapatnam,,,,,,,,,,,,,,,,,,,,,,,,,,,,,,
758,06-I-52-27,Kri-I-52-Kaikaluru,Singapuram,,,,,,,,,,,,,,,,,,,,,,,,,,,,,,
759,06-I-52-27,Kri-I-52-Kaikaluru,Gonepadu,,,,,,,,,,,,,,,,,,,,,,,,,,,,,,
760,06-I-52-27,Kri-I-52-Kaikaluru,Atapaka,,,,,,,,,,,,,,,,,,,,,,,,,,,,,,
761,06-I-52-27,Kri-I-52-Kaikaluru,Kaikaluru,,,,,,,,,,,,,,,,,,,,,,,,,,,,,,
762,06-I-52-27,Kri-I-52-Kaikaluru,Achavaram,,,,,,,,,,,,,,,,,,,,,,,,,,,,,,
763,06-I-52-27,Kri-I-52-Kaikaluru,Vinjaram,,,,,,,,,,,,,,,,,,,,,,,,,,,,,,
764,06-I-52-27,Kri-I-52-Kaikaluru,Syamalambhapuram,,,,,,,,,,,,,,,,,,,,,,,,,,,,,,
765,06-I-52-27,Kri-I-52-Kaikaluru,Thamarakollu,,,,,,,,,,,,,,,,,,,,,,,,,,,,,,
766,06-I-52-27,Kri-I-52-Kaikaluru,Gopavaram,,,,,,,,,,,,,,,,,,,,,,,,,,,,,,
767,06-I-52-27,Kri-I-52-Kaikaluru,Rachapatnam,,,,,,,,,,,,,,,,,,,,,,,,,,,,,,
768,06-I-52-27,Kri-I-52-Kaikaluru,Varahapatnam,,,,,,,,,,,,,,,,,,,,,,,,,,,,,,
769,06-I-52-27,Kri-I-52-Kaikaluru,Vadarlapadu,,,,,,,,,,,,,,,,,,,,,,,,,,,,,,
770,06-I-52-27,Kri-I-52-Kaikaluru,Seethanapalli,,,,,,,,,,,,,,,,,,,,,,,,,,,,,,
771,06-I-52-27,Kri-I-52-Kaikaluru,Doddipatla,,,,,,,,,,,,,,,,,,,,,,,,,,,,,,
772,06-I-52-27,Kri-I-52-Kaikaluru,Ramavaram,,,,,,,,,,,,,,,,,,,,,,,,,,,,,,
773,06-I-52-27,Kri-I-52-Kaikaluru,Alapadu,,,,,,,,,,,,,,,,,,,,,,,,,,,,,,
774,06-I-52-27,Kri-I-52-Kaikaluru,Someswaram,,,,,,,,,,,,,,,,,,,,,,,,,,,,,,
775,06-I-52-27,Kri-I-52-Kaikaluru,Vemavarappadu,,,,,,,,,,,,,,,,,,,,,,,,,,,,,,
776,06-I-52-28,Kri-I-52-Kalidindi,Kalidindi,,,,,,,,,,,,,,,,,,,,,,,,,,,,,,
777,06-I-52-28,Kri-I-52-Kalidindi,Tadinada,,,,,,,,,,,,,,,,,,,,,,,,,,,,,,
778,06-I-52-28,Kri-I-52-Kalidindi,Konduru,,,,,,,,,,,,,,,,,,,,,,,,,,,,,,
779,06-I-52-28,Kri-I-52-Kalidindi,Kollapalem,,,,,,,,,,,,,,,,,,,,,,,,,,,,,,
780,06-I-52-28,Kri-I-52-Kalidindi,Pothumarru,,,,,,,,,,,,,,,,,,,,,,,,,,,,,,
781,06-I-52-28,Kri-I-52-Kalidindi,Venkatapuram,,,,,,,,,,,,,,,,,,,,,,,,,,,,,,
782,06-I-52-28,Kri-I-52-Kalidindi,Amaravathi,,,,,,,,,,,,,,,,,,,,,,,,,,,,,,
783,06-I-52-28,Kri-I-52-Kalidindi,Kondangi,,,,,,,,,,,,,,,,,,,,,,,,,,,,,,
784,06-I-52-28,Kri-I-52-Kalidindi,Mattagunta,,,,,,,,,,,,,,,,,,,,,,,,,,,,,,
785,06-I-52-28,Kri-I-52-Kalidindi,Pedalanka,,,,,,,,,,,,,,,,,,,,,,,,,,,,,,
786,06-I-52-28,Kri-I-52-Kalidindi,Sanarudravaram,,,,,,,,,,,,,,,,,,,,,,,,,,,,,,
787,06-I-52-28,Kri-I-52-Kalidindi,Avakuru,,,,,,,,,,,,,,,,,,,,,,,,,,,,,,
788,06-I-52-28,Kri-I-52-Kalidindi,Korukollu,,,,,,,,,,,,,,,,,,,,,,,,,,,,,,
789,06-I-52-28,Kri-I-52-Kalidindi,Kocherla,,,,,,,,,,,,,,,,,,,,,,,,,,,,,,
790,06-I-52-2,Kri-I-52-Kalidindi,Resseve forest area,,,,,,,,,,,,,,,,,,,,,,,,,,,,,,
791,06-I-52-29,Kri-I-52-Kruthivennu,Kruthivennu,,,,,,,,,,,,,,,,,,,,,,,,,,,,,,
792,06-I-52-29,Kri-I-52-Kruthivennu,Komallapudi,,,,,,,,,,,,,,,,,,,,,,,,,,,,,,
793,06-I-52-29,Kri-I-52-Kruthivennu,Endepalli,,,,,,,,,,,,,,,,,,,,,,,,,,,,,,
794,06-I-52-29,Kri-I-52-Kruthivennu,Cherukumilli,,,,,,,,,,,,,,,,,,,,,,,,,,,,,,
795,06-I-52-29,Kri-I-52-Kruthivennu,Neelipudi,,,,,,,,,,,,,,,,,,,,,,,,,,,,,,
796,06-I-52-29,Kri-I-52-Kruthivennu,Munipeda,,,,,,,,,,,,,,,,,,,,,,,,,,,,,,
797,06-I-52-29,Kri-I-52-Kruthivennu,Matlam,,,,,,,,,,,,,,,,,,,,,,,,,,,,,,
798,06-I-52-29,Kri-I-52-Kruthivennu,Garsapudi,,,,,,,,,,,,,,,,,,,,,,,,,,,,,,
799,06-I-52-29,Kri-I-52-Kruthivennu,Chandala,,,,,,,,,,,,,,,,,,,,,,,,,,,,,,
800,06-I-52-29,Kri-I-52-Kruthivennu,Tadivennu,,,,,,,,,,,,,,,,,,,,,,,,,,,,,,
801,06-I-52-29,Kri-I-52-Kruthivennu,Lakshmipuram,,,,,,,,,,,,,,,,,,,,,,,,,,,,,,
802,06-I-52-29,Kri-I-52-Kruthivennu,Chinagollapalem,,,,,,,,,,,,,,,,,,,,,,,,,,,,,,
803,06-I-52-29,Kri-I-52-Kruthivennu,Nidamarru,,,,,,,,,,,,,,,,,,,,,,,,,,,,,,
804,06-I-52-29,Kri-I-52-Kruthivennu,Entheru,,,,,,,,,,,,,,,,,,,,,,,,,,,,,,
805,06-I-52-29,Kri-I-52-Kruthivennu,Chinapandrika,,,,,,,,,,,,,,,,,,,,,,,,,,,,,,
806,06-I-52-29,Kri-I-52-Kruthivennu,Reserve forest area,,,,,,,,,,,,,,,,,,,,,,,,,,,,,,
807,06-I-52-30,Kri-I-52-Bantumilli,Pedathumidi,,,,,,,,,,,,,,,,,,,,,,,,,,,,,,
808,06-I-52-30,Kri-I-52-Bantumilli,Kanchadam,,,,,,,,,,,,,,,,,,,,,,,,,,,,,,
809,06-I-52-30,Kri-I-52-Bantumilli,Arthamuru,,,,,,,,,,,,,,,,,,,,,,,,,,,,,,
810,06-I-52-30,Kri-I-52-Bantumilli,Satuluru,,,,,,,,,,,,,,,,,,,,,,,,,,,,,,
811,06-I-52-30,Kri-I-52-Bantumilli,Barripadu,,,,,,,,,,,,,,,,,,,,,,,,,,,,,,
812,06-I-52-30,Kri-I-52-Bantumilli,Munjuluru,,,,,,,,,,,,,,,,,,,,,,,,,,,,,,
813,06-I-52-30,Kri-I-52-Bantumilli,Chinathumidi,,,,,,,,,,,,,,,,,,,,,,,,,,,,,,
814,06-I-52-30,Kri-I-52-Bantumilli,Amudalapalli,,,,,,,,,,,,,,,,,,,,,,,,,,,,,,
815,06-I-52-30,Kri-I-52-Bantumilli,Maddetipalli,,,,,,,,,,,,,,,,,,,,,,,,,,,,,,
816,06-I-52-30,Kri-I-52-Bantumilli,Ramavarapumudi,,,,,,,,,,,,,,,,,,,,,,,,,,,,,,
817,06-I-52-30,Kri-I-52-Bantumilli,Mulaparru,,,,,,,,,,,,,,,,,,,,,,,,,,,,,,
818,06-I-52-30,Kri-I-52-Bantumilli,Chorampudi,,,,,,,,,,,,,,,,,,,,,,,,,,,,,,
819,06-I-52-30,Kri-I-52-Bantumilli,Bantumilli,,,,,,,,,,,,,,,,,,,,,,,,,,,,,,
820,06-I-52-30,Kri-I-52-Bantumilli,Manimeswaram,,,,,,,,,,,,,,,,,,,,,,,,,,,,,,
821,06-I-52-30,Kri-I-52-Bantumilli,Korlapadu,,,,,,,,,,,,,,,,,,,,,,,,,,,,,,
822,06-I-52-30,Kri-I-52-Bantumilli,Malleswaram,,,,,,,,,,,,,,,,,,,,,,,,,,,,,,
823,06-I-52-30,Kri-I-52-Bantumilli,Narayanapuram,,,,,,,,,,,,,,,,,,,,,,,,,,,,,,
824,06-I-52-30,Kri-I-52-Bantumilli,Pedapandraka,,,,,,,,,,,,,,,,,,,,,,,,,,,,,,
825,06-I-52-30,Kri-I-52-Bantumilli,Penduru,,,,,,,,,,,,,,,,,,,,,,,,,,,,,,
826,06-I-52-31,Kri-I-52-Mudinepalli,Mudinepalli,,,,,,,,,,,,,,,,,,,,,,,,,,,,,,
827,06-I-52-31,Kri-I-52-Mudinepalli,Guraja,,,,,,,,,,,,,,,,,,,,,,,,,,,,,,
828,06-I-52-31,Kri-I-52-Mudinepalli,Chevuru,,,,,,,,,,,,,,,,,,,,,,,,,,,,,,
829,06-I-52-31,Kri-I-52-Mudinepalli,Kakaravada,,,,,,,,,,,,,,,,,,,,,,,,,,,,,,
830,06-I-52-31,Kri-I-52-Mudinepalli,Vadali,,,,,,,,,,,,,,,,,,,,,,,,,,,,,,
831,06-I-52-31,Kri-I-52-Mudinepalli,Komarru,,,,,,,,,,,,,,,,,,,,,,,,,,,,,,
832,06-I-52-31,Kri-I-52-Mudinepalli,Pedakamanapudi,,,,,,,,,,,,,,,,,,,,,,,,,,,,,,
833,06-I-52-31,Kri-I-52-Mudinepalli,Chinakamanapudi,,,,,,,,,,,,,,,,,,,,,,,,,,,,,,
834,06-I-52-31,Kri-I-52-Mudinepalli,Dakaram,,,,,,,,,,,,,,,,,,,,,,,,,,,,,,
835,06-I-52-31,Kri-I-52-Mudinepalli,Peyyeru,,,,,,,,,,,,,,,,,,,,,,,,,,,,,,
836,06-I-52-31,Kri-I-52-Mudinepalli,Peruru,,,,,,,,,,,,,,,,,,,,,,,,,,,,,,
837,06-I-52-31,Kri-I-52-Mudinepalli,Koduru,,,,,,,,,,,,,,,,,,,,,,,,,,,,,,
838,06-I-52-31,Kri-I-52-Mudinepalli,Chinapalaparru,,,,,,,,,,,,,,,,,,,,,,,,,,,,,,
839,06-I-52-31,Kri-I-52-Mudinepalli,Devaram,,,,,,,,,,,,,,,,,,,,,,,,,,,,,,
840,06-I-52-31,Kri-I-52-Mudinepalli,Madhavaram,,,,,,,,,,,,,,,,,,,,,,,,,,,,,,
841,06-I-52-31,Kri-I-52-Mudinepalli,Singarayapalem,,,,,,,,,,,,,,,,,,,,,,,,,,,,,,
842,06-I-52-31,Kri-I-52-Mudinepalli,Pedagonnuru,,,,,,,,,,,,,,,,,,,,,,,,,,,,,,
843,06-I-52-31,Kri-I-52-Mudinepalli,Gokinampadu,,,,,,,,,,,,,,,,,,,,,,,,,,,,,,
844,06-I-52-31,Kri-I-52-Mudinepalli,Devarapudi,,,,,,,,,,,,,,,,,,,,,,,,,,,,,,
845,06-I-52-31,Kri-I-52-Mudinepalli,Prodduvaka,,,,,,,,,,,,,,,,,,,,,,,,,,,,,,
846,06-I-52-31,Kri-I-52-Mudinepalli,Korraguntapalem,,,,,,,,,,,,,,,,,,,,,,,,,,,,,,
847,06-I-52-31,Kri-I-52-Mudinepalli,Edapalli,,,,,,,,,,,,,,,,,,,,,,,,,,,,,,
848,06-I-52-31,Kri-I-52-Mudinepalli,Alluru,,,,,,,,,,,,,,,,,,,,,,,,,,,,,,
849,06-I-52-31,Kri-I-52-Mudinepalli,Mulakapalli,,,,,,,,,,,,,,,,,,,,,,,,,,,,,,
850,06-I-52-40,Kri-I-52-Gudlavalleru,Serikalvapudi,,,,,,,,,,,,,,,,,,,,,,,,,,,,,,
851,06-I-52-40,Kri-I-52-Gudlavalleru,Angaluru,,,,,,,,,,,,,,,,,,,,,,,,,,,,,,
852,06-I-52-40,Kri-I-52-Gudlavalleru,Cheruvupalli,,,,,,,,,,,,,,,,,,,,,,,,,,,,,,
853,06-I-52-40,Kri-I-52-Gudlavalleru,Vinnakota,,,,,,,,,,,,,,,,,,,,,,,,,,,,,,
854,06-I-52-40,Kri-I-52-Gudlavalleru,Puritipadu,,,,,,,,,,,,,,,,,,,,,,,,,,,,,,
855,06-I-52-40,Kri-I-52-Gudlavalleru,Chinnagonnuru,,,,,,,,,,,,,,,,,,,,,,,,,,,,,,
856,06-I-52-40,Kri-I-52-Gudlavalleru,Seridaggumilli,,,,,,,,,,,,,,,,,,,,,,,,,,,,,,
857,06-I-52-40,Kri-I-52-Gudlavalleru,Koorada,,,,,,,,,,,,,,,,,,,,,,,,,,,,,,
858,06-I-52-40,Kri-I-52-Gudlavalleru,Chandrala,,,,,,,,,,,,,,,,,,,,,,,,,,,,,,
859,06-I-52-40,Kri-I-52-Gudlavalleru,Gudlavalleru,,,,,,,,,,,,,,,,,,,,,,,,,,,,,,
860,06-I-52-40,Kri-I-52-Gudlavalleru,Vemugunta,,,,,,,,,,,,,,,,,,,,,,,,,,,,,,
861,06-I-52-40,Kri-I-52-Gudlavalleru,Penjendra,,,,,,,,,,,,,,,,,,,,,,,,,,,,,,
862,06-I-52-40,Kri-I-52-Gudlavalleru,Chitram,,,,,,,,,,,,,,,,,,,,,,,,,,,,,,
863,06-I-52-40,Kri-I-52-Gudlavalleru,Mamidikoolla,,,,,,,,,,,,,,,,,,,,,,,,,,,,,,
864,06-I-52-40,Kri-I-52-Gudlavalleru,Dokiparru,,,,,,,,,,,,,,,,,,,,,,,,,,,,,,
865,06-I-52-40,Kri-I-52-Gudlavalleru,Pesaramilli,,,,,,,,,,,,,,,,,,,,,,,,,,,,,,
866,06-I-52-40,Kri-I-52-Gudlavalleru,Kowtharam,,,,,,,,,,,,,,,,,,,,,,,,,,,,,,
867,06-I-52-40,Kri-I-52-Gudlavalleru,Vemavarappalem,,,,,,,,,,,,,,,,,,,,,,,,,,,,,,
868,06-I-52-40,Kri-I-52-Gudlavalleru,Vemavaram,,,,,,,,,,,,,,,,,,,,,,,,,,,,,,
869,06-I-52-40,Kri-I-52-Gudlavalleru,Venuthurumilli,,,,,,,,,,,,,,,,,,,,,,,,,,,,,,
870,06-I-52-40,Kri-I-52-Gudlavalleru,Nagavaram,,,,,,,,,,,,,,,,,,,,,,,,,,,,,,
871,06-I-52-40,Kri-I-52-Gudlavalleru,Vulavalapudi,,,,,,,,,,,,,,,,,,,,,,,,,,,,,,
872,06-I-52-40,Kri-I-52-Gudlavalleru,Vadlamannadu,,,,,,,,,,,,,,,,,,,,,,,,,,,,,,
873,06-I-52-40,Kri-I-52-Gudlavalleru,Gadepudi,,,,,,,,,,,,,,,,,,,,,,,,,,,,,,
874,06-I-52-41,Kri-I-52-Pedana,Pedana,,,,,,,,,,,,,,,,,,,,,,,,,,,,,,
875,06-I-52-41,Kri-I-52-Pedana,Singarayapalem,,,,,,,,,,,,,,,,,,,,,,,,,,,,,,
876,06-I-52-41,Kri-I-52-Pedana,Madaka,,,,,,,,,,,,,,,,,,,,,,,,,,,,,,
877,06-I-52-41,Kri-I-52-Pedana,Balliparru,,,,,,,,,,,,,,,,,,,,,,,,,,,,,,
878,06-I-52-41,Kri-I-52-Pedana,Kakarlamudi,,,,,,,,,,,,,,,,,,,,,,,,,,,,,,
879,06-I-52-41,Kri-I-52-Pedana,Nandamuru,,,,,,,,,,,,,,,,,,,,,,,,,,,,,,
880,06-I-52-41,Kri-I-52-Pedana,Jinjeru,,,,,,,,,,,,,,,,,,,,,,,,,,,,,,
881,06-I-52-41,Kri-I-52-Pedana,Chevendra,,,,,,,,,,,,,,,,,,,,,,,,,,,,,,
882,06-I-52-41,Kri-I-52-Pedana,Koppalli,,,,,,,,,,,,,,,,,,,,,,,,,,,,,,
883,06-I-52-41,Kri-I-52-Pedana,Mutcherla,,,,,,,,,,,,,,,,,,,,,,,,,,,,,,
884,06-I-52-41,Kri-I-52-Pedana,Mutchiligunta,,,,,,,,,,,,,,,,,,,,,,,,,,,,,,
885,06-I-52-41,Kri-I-52-Pedana,Guruvindagunta,,,,,,,,,,,,,,,,,,,,,,,,,,,,,,
886,06-I-52-41,Kri-I-52-Pedana,Kummaragunta,,,,,,,,,,,,,,,,,,,,,,,,,,,,,,
887,06-I-52-41,Kri-I-52-Pedana,Kongamcherla,,,,,,,,,,,,,,,,,,,,,,,,,,,,,,
888,06-I-52-41,Kri-I-52-Pedana,Kavipuram,,,,,,,,,,,,,,,,,,,,,,,,,,,,,,
889,06-I-52-41,Kri-I-52-Pedana,Serivatharlapalli,,,,,,,,,,,,,,,,,,,,,,,,,,,,,,
890,06-I-52-41,Kri-I-52-Pedana,Nandigama,,,,,,,,,,,,,,,,,,,,,,,,,,,,,,
891,06-I-52-41,Kri-I-52-Pedana,Konkepudi,,,,,,,,,,,,,,,,,,,,,,,,,,,,,,
892,06-I-52-41,Kri-I-52-Pedana,Kuduru,,,,,,,,,,,,,,,,,,,,,,,,,,,,,,
893,06-I-52-41,Kri-I-52-Pedana,Dhirisavalli,,,,,,,,,,,,,,,,,,,,,,,,,,,,,,
894,06-I-52-41,Kri-I-52-Pedana,Nadupuru,,,,,,,,,,,,,,,,,,,,,,,,,,,,,,
895,06-I-52-41,Kri-I-52-Pedana,Chennuru,,,,,,,,,,,,,,,,,,,,,,,,,,,,,,
896,06-I-52-41,Kri-I-52-Pedana,Vurivi,,,,,,,,,,,,,,,,,,,,,,,,,,,,,,
897,06-I-52-41,Kri-I-52-Pedana,Lankalakalavagunta,,,,,,,,,,,,,,,,,,,,,,,,,,,,,,
898,06-I-52-42,Kri-I-52-Guduru,Maddipatla,,,,,,,,,,,,,,,,,,,,,,,,,,,,,,
899,06-I-52-42,Kri-I-52-Guduru,Ramannapeta,,,,,,,,,,,,,,,,,,,,,,,,,,,,,,
900,06-I-52-42,Kri-I-52-Guduru,Mukkollu,,,,,,,,,,,,,,,,,,,,,,,,,,,,,,
901,06-I-52-42,Kri-I-52-Guduru,Jakamcharla,,,,,,,,,,,,,,,,,,,,,,,,,,,,,,
902,06-I-52-42,Kri-I-52-Guduru,Kalpatam,,,,,,,,,,,,,,,,,,,,,,,,,,,,,,
903,06-I-52-42,Kri-I-52-Guduru,Gurijepalli,,,,,,,,,,,,,,,,,,,,,,,,,,,,,,
904,06-I-52-42,Kri-I-52-Guduru,Gandram,,,,,,,,,,,,,,,,,,,,,,,,,,,,,,
905,06-I-52-42,Kri-I-52-Guduru,Lellagaruvu,,,,,,,,,,,,,,,,,,,,,,,,,,,,,,
906,06-I-52-42,Kri-I-52-Guduru,Ramanujavarthanapalli,,,,,,,,,,,,,,,,,,,,,,,,,,,,,,
907,06-I-52-42,Kri-I-52-Guduru,Kappaladoddi,,,,,,,,,,,,,,,,,,,,,,,,,,,,,,
908,06-I-52-42,Kri-I-52-Guduru,Akulamannadu,,,,,,,,,,,,,,,,,,,,,,,,,,,,,,
909,06-I-52-42,Kri-I-52-Guduru,Kankatava,,,,,,,,,,,,,,,,,,,,,,,,,,,,,,
910,06-I-52-42,Kri-I-52-Guduru,Pinagudurulanka,,,,,,,,,,,,,,,,,,,,,,,,,,,,,,
911,06-I-52-42,Kri-I-52-Guduru,Tarakaturu,,,,,,,,,,,,,,,,,,,,,,,,,,,,,,
912,06-I-52-42,Kri-I-52-Guduru,Kanchakoduru,,,,,,,,,,,,,,,,,,,,,,,,,,,,,,
913,06-I-52-42,Kri-I-52-Guduru,Chittiguduru,,,,,,,,,,,,,,,,,,,,,,,,,,,,,,
914,06-I-52-42,Kri-I-52-Guduru,Guduru,,,,,,,,,,,,,,,,,,,,,,,,,,,,,,
915,06-I-52-42,Kri-I-52-Guduru,Narikedalapalem,,,,,,,,,,,,,,,,,,,,,,,,,,,,,,
916,06-I-52-42,Kri-I-52-Guduru,Kokanarayanapalem,,,,,,,,,,,,,,,,,,,,,,,,,,,,,,
917,06-I-52-42,Kri-I-52-Guduru,Ramarajupalem,,,,,,,,,,,,,,,,,,,,,,,,,,,,,,
918,06-I-52-42,Kri-I-52-Guduru,Rayavaram,,,,,,,,,,,,,,,,,,,,,,,,,,,,,,
919,06-I-52-42,Kri-I-52-Guduru,Polavaram,,,,,,,,,,,,,,,,,,,,,,,,,,,,,,
920,06-I-52-42,Kri-I-52-Guduru,Idugullapalli,,,,,,,,,,,,,,,,,,,,,,,,,,,,,,
921,06-I-52-42,Kri-I-52-Guduru,Mallavolu,,,,,,,,,,,,,,,,,,,,,,,,,,,,,,
922,06-I-52-42,Kri-I-52-Guduru,Akumarru,,,,,,,,,,,,,,,,,,,,,,,,,,,,,,
923,06-I-52-45,Kri-I-52-Machilipatnam,Machilipatnam,,,,,,,,,,,,,,,,,,,,,,,,,,,,,,
924,06-I-52-45,Kri-I-52-Machilipatnam,Chilakalapudi,,,,,,,,,,,,,,,,,,,,,,,,,,,,,,
925,06-I-52-45,Kri-I-52-Machilipatnam,Machavaram,,,,,,,,,,,,,,,,,,,,,,,,,,,,,,
926,06-I-52-45,Kri-I-52-Machilipatnam,S.N.Gollapalem,,,,,,,,,,,,,,,,,,,,,,,,,,,,,,
927,06-I-52-45,Kri-I-52-Machilipatnam,Bhogireddypalli,,,,,,,,,,,,,,,,,,,,,,,,,,,,,,
928,06-I-52-45,Kri-I-52-Machilipatnam,Pedayadara,,,,,,,,,,,,,,,,,,,,,,,,,,,,,,
929,06-I-52-45,Kri-I-52-Machilipatnam,Gokavaram,,,,,,,,,,,,,,,,,,,,,,,,,,,,,,
930,06-I-52-45,Kri-I-52-Machilipatnam,Thallapalem,,,,,,,,,,,,,,,,,,,,,,,,,,,,,,
931,06-I-52-45,Kri-I-52-Machilipatnam,Chinnapuram,,,,,,,,,,,,,,,,,,,,,,,,,,,,,,
932,06-I-52-45,Kri-I-52-Machilipatnam,Nelakurru,,,,,,,,,,,,,,,,,,,,,,,,,,,,,,
933,06-I-52-45,Kri-I-52-Machilipatnam,Pallethummalapalem,,,,,,,,,,,,,,,,,,,,,,,,,,,,,,
934,06-I-52-45,Kri-I-52-Machilipatnam,Kona,,,,,,,,,,,,,,,,,,,,,,,,,,,,,,
935,06-I-52-45,Kri-I-52-Machilipatnam,Polatithippa,,,,,,,,,,,,,,,,,,,,,,,,,,,,,,
936,06-I-52-45,Kri-I-52-Machilipatnam,Rudravaram,,,,,,,,,,,,,,,,,,,,,,,,,,,,,,
937,06-I-52-45,Kri-I-52-Machilipatnam,Gundupalem,,,,,,,,,,,,,,,,,,,,,,,,,,,,,,
938,06-I-52-45,Kri-I-52-Machilipatnam,Karagraharam,,,,,,,,,,,,,,,,,,,,,,,,,,,,,,
939,06-I-52-45,Kri-I-52-Machilipatnam,Pothepalli,,,,,,,,,,,,,,,,,,,,,,,,,,,,,,
940,06-I-52-45,Kri-I-52-Machilipatnam,Kothapudi,,,,,,,,,,,,,,,,,,,,,,,,,,,,,,
941,06-I-52-45,Kri-I-52-Machilipatnam,Potlapalem,,,,,,,,,,,,,,,,,,,,,,,,,,,,,,
942,06-I-52-45,Kri-I-52-Machilipatnam,Manginapudi,,,,,,,,,,,,,,,,,,,,,,,,,,,,,,
943,06-I-52-45,Kri-I-52-Machilipatnam,Thavisapudi,,,,,,,,,,,,,,,,,,,,,,,,,,,,,,
944,06-I-52-45,Kri-I-52-Machilipatnam,Gopuvanipalem,,,,,,,,,,,,,,,,,,,,,,,,,,,,,,
945,06-I-52-45,Kri-I-52-Machilipatnam,Arisepalli,,,,,,,,,,,,,,,,,,,,,,,,,,,,,,
946,06-I-52-45,Kri-I-52-Machilipatnam,Hussenpalem,,,,,,,,,,,,,,,,,,,,,,,,,,,,,,
947,06-I-52-45,Kri-I-52-Machilipatnam,Bhuddalapalem,,,,,,,,,,,,,,,,,,,,,,,,,,,,,,
948,06-I-52-45,Kri-I-52-Machilipatnam,Borrapothupalem,,,,,,,,,,,,,,,,,,,,,,,,,,,,,,
949,06-I-52-45,Kri-I-52-Machilipatnam,Kanuru,,,,,,,,,,,,,,,,,,,,,,,,,,,,,,
950,06-I-52-45,Kri-I-52-Machilipatnam,Pedapatnam,,,,,,,,,,,,,,,,,,,,,,,,,,,,,,
951,06-I-52-45,Kri-I-52-Machilipatnam,Reserve forest area,,,,,,,,,,,,,,,,,,,,,,,,,,,,,,
952,06-I-52-50,Kri-I-52-Koduru,Machavaram,,,,,,,,,,,,,,,,,,,,,,,,,,,,,,
953,06-I-52-50,Kri-I-52-Koduru,Viswanadhapalli,,,,,,,,,,,,,,,,,,,,,,,,,,,,,,
954,06-I-52-50,Kri-I-52-Koduru,Pittalanka,,,,,,,,,,,,,,,,,,,,,,,,,,,,,,
955,06-I-52-50,Kri-I-52-Koduru,Salempalem,,,,,,,,,,,,,,,,,,,,,,,,,,,,,,
956,06-I-52-50,Kri-I-52-Koduru,Vullipalem,,,,,,,,,,,,,,,,,,,,,,,,,,,,,,
957,06-I-52-50,Kri-I-52-Koduru,Koduru,,,,,,,,,,,,,,,,,,,,,,,,,,,,,,
958,06-I-52-50,Kri-I-52-Koduru,Lingareddypalem,,,,,,,,,,,,,,,,,,,,,,,,,,,,,,
959,06-I-52-50,Kri-I-52-Koduru,Mandapakala,,,,,,,,,,,,,,,,,,,,,,,,,,,,,,
960,06-I-52-50,Kri-I-52-Koduru,Ramakrishnapuram,,,,,,,,,,,,,,,,,,,,,,,,,,,,,,
961,06-I-52-49,Kri-I-52-Nagayalanka,Bhavadevarapalli,,,,,,,,,,,,,,,,,,,,,,,,,,,,,,
962,06-I-52-49,Kri-I-52-Nagayalanka,Chodavaram,,,,,,,,,,,,,,,,,,,,,,,,,,,,,,
963,06-I-52-49,Kri-I-52-Nagayalanka,Edurumondi,,,,,,,,,,,,,,,,,,,,,,,,,,,,,,
964,06-I-52-49,Kri-I-52-Nagayalanka,Ganapeswaram,,,,,,,,,,,,,,,,,,,,,,,,,,,,,,
965,06-I-52-49,Kri-I-52-Nagayalanka,Kamanamolu,,,,,,,,,,,,,,,,,,,,,,,,,,,,,,
966,06-I-52-49,Kri-I-52-Nagayalanka,Nagayalanka,,,,,,,,,,,,,,,,,,,,,,,,,,,,,,
967,06-I-52-49,Kri-I-52-Nagayalanka,T.Kothapalem,,,,,,,,,,,,,,,,,,,,,,,,,,,,,,
968,06-I-52-49,Kri-I-52-Nagayalanka,Parachivara,,,,,,,,,,,,,,,,,,,,,,,,,,,,,,
969,06-I-52-49,Kri-I-52-Nagayalanka,Talagadadeevi,,,,,,,,,,,,,,,,,,,,,,,,,,,,,,
970,06-I-52-49,Kri-I-52-Nagayalanka,Etimoga,,,,,,,,,,,,,,,,,,,,,,,,,,,,,,
971,06-I-52-49,Kri-I-52-Nagayalanka,Nangegadda,,,,,,,,,,,,,,,,,,,,,,,,,,,,,,
972,06-I-52-49,Kri-I-52-Nagayalanka,Reserve forest area,,,,,,,,,,,,,,,,,,,,,,,,,,,,,,
973,1,1,1,1,1,1,1,1,1,1,1,1,1,1,1,1,1,1,1,1,1,1,1,1,1,1,1,1,1,1,1,1,1
