,,,,CA,NCA,PQA,
,,,,Industrial,Industrial,Industrial,
Sr.no,Watershed code,GW watershed name,village name,Industrial Wells,Industrial Wells,Industrial Wells,Total 
1,02 - F - 10 - 03,VZM_GOST_GANTYADA,KOTHAVELAGADA,0,0,,0
2,02 - F - 10 - 03,VZM_GOST_GANTYADA,VASADI,0,0,,0
3,02 - F - 10 - 03,VZM_GOST_GANTYADA,BURADAPADU,0,0,,0
4,02 - F - 10 - 03,VZM_GOST_GANTYADA,REGUBILLI,0,0,,0
5,02 - F - 10 - 03,VZM_GOST_GANTYADA,PENTASRIRAMPURAM,0,0,,0
6,02 - F - 10 - 03,VZM_GOST_GANTYADA,POLLANKI,0,0,,0
7,02 - F - 10 - 03,VZM_GOST_GANTYADA,KORLAM,0,0,,0
8,02 - F - 10 - 03,VZM_GOST_GANTYADA,VASANTHA,0,0,,0
9,02 - F - 10 - 03,VZM_GOST_GANTYADA,VENNE,0,0,,0
10,02 - F - 10 - 03,VZM_GOST_GANTYADA,SASANAPALLE,0,0,,0
11,02 - F - 10 - 03,VZM_GOST_GANTYADA,SOMAYAJULAPALEM,0,0,,0
12,02 - F - 10 - 03,VZM_GOST_GANTYADA,DEVUPALLI(p),0,0,,0
13,02 - F - 10 - 03,VZM_GOST_GANTYADA,KONDATHAMARAPALLI,0,0,,0
14,02 - F - 10 - 03,VZM_GOST_GANTYADA,PEDAMAJJIPALEM,0,0,,0
15,02 - F - 10 - 03,VZM_GOST_GANTYADA,YARAKANNAMDORA SR.PURAM,0,0,,0
16,02 - F - 10 - 03,VZM_GOST_GANTYADA,GANTYADA,0,0,,0
17,02 - F - 10 - 03,VZM_GOST_GANTYADA,LAKHIDAM,0,0,,0
18,02 - F - 10 - 03,VZM_GOST_GANTYADA,CHANDRAMPETA,0,0,,0
19,02 - F - 10 - 03,VZM_GOST_GANTYADA,CHINATAMARAPALLI,0,0,,0
20,02 - F - 10 - 03,VZM_GOST_GANTYADA,GRAHAPATI AGRAHARAM,0,0,,0
21,02 - F - 10 - 03,VZM_GOST_GANTYADA,MULAPADU KARRIVANIPALEM,0,0,,0
22,02 - F - 10 - 03,VZM_GOST_GANTYADA,VEDURUVADA,0,0,,0
23,02 - F - 10 - 03,VZM_GOST_GANTYADA,GUMADAM,0,0,,0
24,02 - F - 10 - 03,VZM_GOST_GANTYADA,KOTHAPALEM,0,0,,0
25,02 - F - 10 - 03,VZM_GOST_GANTYADA,MARUVADA,0,0,,0
26,02 - F - 10 - 03,VZM_GOST_GANTYADA,MARUVADA KOTHAVALASA,0,0,,0
27,02 - F - 10 - 03,VZM_GOST_GANTYADA,BUDATANAPALLE RAJERU,0,0,,0
28,02 - F - 10 - 03,VZM_GOST_GANTYADA,GINJERU,0,0,,0
29,02 - F - 10 - 03,VZM_GOST_GANTYADA,CHINAMANAPURAM,0,0,,0
30,02 - F - 10 - 03,VZM_GOST_GANTYADA,BUDATANAPALLI,0,0,,0
31,02 - F - 10 - 03,VZM_GOST_GANTYADA,KONDAKINDAM,0,0,,0
32,02 - F - 10 - 03,VZM_GOST_GANTYADA,OMPALLI,0,0,,0
33,02 - F - 10 - 03,VZM_GOST_GANTYADA,VENDRAM,0,0,,0
34,02 - F - 10 - 03,VZM_GOST_GANTYADA,GODIYADA,0,0,,0
35,02 - F - 10 - 03,VZM_GOST_GANTYADA,KIRTUBARTI,0,0,,0
36,02 - F - 10 - 03,VZM_GOST_GANTYADA,PENASAM,0,0,,0
37,02 - F - 10 - 03,VZM_GOST_GANTYADA,NEELAVATHI,0,0,,0
38,02 - F - 10 - 03,VZM_GOST_GANTYADA,MURAPAKA,0,0,,0
39,02 - F - 10 - 03,VZM_GOST_GANTYADA,SIRIPURAM,0,0,,0
40,02 - F - 10 - 03,VZM_GOST_GANTYADA,RAVIVALASA,0,0,,0
41,02 - F - 10 - 03,VZM_GOST_GANTYADA,KOTARUBILLI,0,0,,0
42,02 - F - 10 - 03,VZM_GOST_GANTYADA,JAGGAPURAM,0,0,,0
43,02 - F - 10 - 03,VZM_GOST_GANTYADA,NANDAM,0,0,,0
44,02 - F - 10 - 03,VZM_GOST_GANTYADA,NARAVA,0,0,,0
45,02 - F - 10 - 03,VZM_GOST_GANTYADA,RAMAVARAM,0,0,,0
46,02 - F - 10 - 03,VZM_GOST_GANTYADA,KARAKAVALASA,0,0,,0
47,02 - F - 10 - 03,VZM_GOST_GANTYADA,ATTADA,0,0,,0
48,02 - F - 10 - 03,VZM_GOST_GANTYADA,GUNKALAM,0,0,,0
49,02 - F - 10 - 03,VZM_GOST_GANTYADA,DWARAPUDI,0,0,,0
50,02 - F - 10 - 03,VZM_GOST_GANTYADA,SIRIYALLAPETA,0,0,,0
51,02 - F - 10 - 03,VZM_GOST_GANTYADA,RAKODU,0,0,,0
52,02 - F - 10 - 03,VZM_GOST_GANTYADA,PINAVEMALI,0,0,,0
53,02 - F - 10 - 03,VZM_GOST_GANTYADA,KORUKONDA,0,0,,0
54,02 - F - 10 - 03,VZM_GOST_GANTYADA,SARIKA,0,0,,0
55,02 - F - 10 - 03,VZM_GOST_GANTYADA,JAGANNADHAPURAM,0,0,,0
56,02 - F - 10 - 03,VZM_GOST_GANTYADA,DUPPADA,0,0,,0
57,02 - F - 10 - 03,VZM_GOST_GANTYADA,VIZIANAGARAM BIT-II,0,0,,0
58,02 - F - 10 - 03,VZM_GOST_GANTYADA,VIZIANAGARAM BIT-I,0,0,,0
59,02 - F - 10 - 03,VZM_GOST_GANTYADA,HAJISAHEBPETA,0,0,,0
60,02 - F - 10 - 03,VZM_GOST_GANTYADA,VANTITADI AGRAHARAM,0,0,,0
61,02 - F -  08 - 01,VZM_KANDIVALASAGEDDA,GULIVINDADA AGRAHARAM,0,0,,0
62,02 - F -  08 - 01,VZM_KANDIVALASAGEDDA,CHEEPURUPALLI,0,0,,0
63,02 - F -  08 - 01,VZM_KANDIVALASAGEDDA,SUMITRAPURAM,0,0,,0
64,02 - F -  08 - 01,VZM_KANDIVALASAGEDDA,RAMALINGAPURAM,0,0,,0
65,02 - F -  08 - 01,VZM_KANDIVALASAGEDDA,PURREYAVALASA,0,0,,0
66,02 - F -  08 - 01,VZM_KANDIVALASAGEDDA,VISWANADHAPURAM,0,0,,0
67,02 - F -  08 - 01,VZM_KANDIVALASAGEDDA,ALAJANGI,0,0,,0
68,02 - F -  08 - 01,VZM_KANDIVALASAGEDDA,RAVIVALASA,0,0,,0
69,02 - F -  08 - 01,VZM_KANDIVALASAGEDDA,ANJANEYAPURAM,0,0,,0
70,02 - F -  08 - 01,VZM_KANDIVALASAGEDDA,VIJAYARAMPURAM,0,0,,0
71,02 - F -  08 - 01,VZM_KANDIVALASAGEDDA,ARIDIVALASA,0,0,,0
72,02 - F -  08 - 01,VZM_KANDIVALASAGEDDA,METTAPALLI,0,0,,0
73,02 - F -  08 - 01,VZM_KANDIVALASAGEDDA,KARLAM,0,0,,0
74,02 - F -  08 - 01,VZM_KANDIVALASAGEDDA,SANKUPALEM,0,0,,0
75,02 - F -  08 - 01,VZM_KANDIVALASAGEDDA,KARAKAM,0,0,,0
76,02 - F -  08 - 01,VZM_KANDIVALASAGEDDA,PERIPI,0,0,,0
77,02 - F -  08 - 01,VZM_KANDIVALASAGEDDA,PURUSHOTHAMA S.L.PURAM,0,0,,0
78,02 - F -  08 - 01,VZM_KANDIVALASAGEDDA,PARLA,0,0,,0
79,02 - F -  08 - 01,VZM_KANDIVALASAGEDDA,POTHAYAVALASA,0,0,,0
80,02 - F -  08 - 01,VZM_KANDIVALASAGEDDA,ITIKARLAPALLI,0,0,,0
81,02 - F -  08 - 01,VZM_KANDIVALASAGEDDA,PEDANADIPALLI,0,0,,0
82,02 - F -  08 - 01,VZM_KANDIVALASAGEDDA,GATCHALAVALASA,0,0,,0
83,02 - F -  08 - 01,VZM_KANDIVALASAGEDDA,PATHIKAYAVALASA,0,0,,0
84,02 - F -  08 - 01,VZM_KANDIVALASAGEDDA,NIMMALAVALASA,0,0,,0
85,02 - F -  08 - 01,VZM_KANDIVALASAGEDDA,SIVARAMPURAM,0,0,,0
86,02 - F -  08 - 01,VZM_KANDIVALASAGEDDA,DEVARAPODILAM,0,0,,0
87,02 - F -  08 - 01,VZM_KANDIVALASAGEDDA,GUNIDAM,0,0,,0
88,02 - F -  08 - 01,VZM_KANDIVALASAGEDDA,BHOOLOKAPATHIVARAKATTU,0,0,,0
89,02 - F -  08 - 01,VZM_KANDIVALASAGEDDA,CHINNANADIPALLI,0,0,,0
90,02 - F -  08 - 01,VZM_KANDIVALASAGEDDA,GOLLALAMULAGAM,0,0,,0
91,02 - F -  08 - 01,VZM_KANDIVALASAGEDDA,P.K.PALAVALASA,0,0,,0
92,02 - F -  08 - 01,VZM_KANDIVALASAGEDDA,GOLLALAPALEM,0,0,,0
93,02 - F -  08 - 01,VZM_KANDIVALASAGEDDA,BURRAVARIGOLLALAPALEM,0,0,,0
94,02 - F -  08 - 01,VZM_KANDIVALASAGEDDA,MANDIRAVALASA,0,0,,0
95,02 - F -  08 - 01,VZM_KANDIVALASAGEDDA,KODURU,0,0,,0
96,02 - F -  08 - 01,VZM_KANDIVALASAGEDDA,SIVARAM,0,0,,0
97,02 - F -  08 - 01,VZM_KANDIVALASAGEDDA,DEVADA,0,0,,0
98,02 - F -  08 - 01,VZM_KANDIVALASAGEDDA,DUMMEDA,0,0,,0
99,02 - F -  08 - 01,VZM_KANDIVALASAGEDDA,KONURU,0,0,,0
100,02 - F -  08 - 01,VZM_KANDIVALASAGEDDA,ARTHAMURU,0,0,,0
101,02 - F -  08 - 01,VZM_KANDIVALASAGEDDA,KONDASAMBHAM,0,0,,0
102,02 - F -  08 - 01,VZM_KANDIVALASAGEDDA,KAPUSAMBHAM,0,0,,0
103,02 - F -  08 - 01,VZM_KANDIVALASAGEDDA,NAGALLAVALASA,0,0,,0
104,02 - F -  08 - 01,VZM_KANDIVALASAGEDDA,SADANANDAPURAM,0,0,,0
105,02 - F -  08 - 01,VZM_KANDIVALASAGEDDA,RAGOLU,0,0,,0
106,02 - F -  08 - 01,VZM_KANDIVALASAGEDDA,GOLAGAM,0,0,,0
107,02 - F -  08 - 01,VZM_KANDIVALASAGEDDA,PINATHARIMI,0,0,,0
108,02 - F -  08 - 01,VZM_KANDIVALASAGEDDA,VALLURU,0,0,,0
109,02 - F -  08 - 01,VZM_KANDIVALASAGEDDA,GUSHINI,0,0,,0
110,02 - F -  08 - 01,VZM_KANDIVALASAGEDDA,ALUGOLU,0,0,,0
111,02 - F -  08 - 01,VZM_KANDIVALASAGEDDA,MADHUPADA,0,0,,0
112,02 - F -  08 - 01,VZM_KANDIVALASAGEDDA,SATHIVADA,0,0,,0
113,02 - F -  08 - 01,VZM_KANDIVALASAGEDDA,BOPPADAM,0,0,,0
114,02 - F -  08 - 01,VZM_KANDIVALASAGEDDA,PEDATHARIMI,0,0,,0
115,02 - F -  08 - 01,VZM_KANDIVALASAGEDDA,MALYADA,0,0,,0
116,02 - F -  08 - 01,VZM_KANDIVALASAGEDDA,VOMMI,0,0,,0
117,02 - F -  08 - 01,VZM_KANDIVALASAGEDDA,NANDIGAMA ALTHIPALAM,0,0,,0
118,02 - F -  08 - 01,VZM_KANDIVALASAGEDDA,THAMMAPURAM,0,0,,0
119,02 - F -  08 - 01,VZM_KANDIVALASAGEDDA,KANIMELLA,0,0,,0
120,02 - F -  08 - 01,VZM_KANDIVALASAGEDDA,KAMAVARAM,0,0,,0
121,02 - F -  08 - 01,VZM_KANDIVALASAGEDDA,ALLADAPALEM,0,0,,0
122,02 - F -  08 - 01,VZM_KANDIVALASAGEDDA,KANDIVALASA,0,0,,0
123,02 - F -  08 - 01,VZM_KANDIVALASAGEDDA,KANIMETTA,0,0,,0
124,02 - F -  08 - 01,VZM_KANDIVALASAGEDDA,GAITULA CHODAVARAM,0,0,,0
125,02 - F -  08 - 01,VZM_KANDIVALASAGEDDA,PORAM,0,0,,0
126,02 - F -  08 - 01,VZM_KANDIVALASAGEDDA,CHODAMMA AGRAHARAM,0,0,,0
127,02 - F -  08 - 01,VZM_KANDIVALASAGEDDA,KOVVADA AGRAHARAM,0,0,,0
128,02 - F -  08 - 01,VZM_KANDIVALASAGEDDA,GUMPAM,0,0,,0
129,02 - F -  08 - 01,VZM_KANDIVALASAGEDDA,GOVINDAPURAM,0,0,,0
130,02 - F -  08 - 01,VZM_KANDIVALASAGEDDA,LANKALAPALLIPALEM,0,0,,0
131,02 - F -  08 - 01,VZM_KANDIVALASAGEDDA,CHOWDUVADA,0,0,,0
132,02 - F -  08 - 01,VZM_KANDIVALASAGEDDA,KONAYYAPALEM,0,0,,0
133,02 - F -  08 - 01,VZM_KANDIVALASAGEDDA,CHINTAPALLE,0,0,,0
134,02 - F -  08 - 01,VZM_KANDIVALASAGEDDA,KRISHNAPURAM,0,0,,0
135,02 - F -  08 - 01,VZM_KANDIVALASAGEDDA,BHARANIKAM,0,0,,0
136,02 - F -  08 - 01,VZM_KANDIVALASAGEDDA,ROLUCHAPPIDI,0,0,,0
137,02 - F -  08 - 01,VZM_KANDIVALASAGEDDA,PATHIVADA,0,0,,0
138,02 - F -  08 - 01,VZM_KANDIVALASAGEDDA,THOTTADAM,0,0,,0
139,02 - F -  08 - 01,VZM_KANDIVALASAGEDDA,VEMPADAM,0,0,,0
140,02 - F -  08 - 01,VZM_KANDIVALASAGEDDA,PALANKI,0,0,,0
141,02 - F -  08 - 01,VZM_KANDIVALASAGEDDA,KOLLAYAVALASA,0,0,,0
142,02 - F -  06 - 08,VZM_NAG_SVMK_ANTIPETA,NARAYANAPURAM,0,0,,0
143,02 - F -  06 - 08,VZM_NAG_SVMK_ANTIPETA,PADAMAYAVALASA,0,0,,0
144,02 - F -  06 - 08,VZM_NAG_SVMK_ANTIPETA,ARASADA,0,0,,0
145,02 - F -  06 - 08,VZM_NAG_SVMK_ANTIPETA,VENGAPURAM,0,0,,0
146,02 - F -  06 - 08,VZM_NAG_SVMK_ANTIPETA,VELAGAVALASA(N)ADDUNAND,0,0,,0
147,02 - F -  06 - 08,VZM_NAG_SVMK_ANTIPETA,GOPALARAYUDUPETA,0,0,,0
148,02 - F -  06 - 08,VZM_NAG_SVMK_ANTIPETA,RAJUPETA,0,0,,0
149,02 - F -  06 - 08,VZM_NAG_SVMK_ANTIPETA,SEETHAYYAPETA,0,0,,0
150,02 - F -  06 - 08,VZM_NAG_SVMK_ANTIPETA,VENKATARAYUDUPETA,0,0,,0
151,02 - F -  06 - 08,VZM_NAG_SVMK_ANTIPETA,VENKATABHYRIPURAM,0,0,,0
152,02 - F -  06 - 08,VZM_NAG_SVMK_ANTIPETA,KOYYANAPETA,0,0,,0
153,02 - F -  06 - 08,VZM_NAG_SVMK_ANTIPETA,CHANDRAYYAPETA,0,0,,0
154,02 - F -  06 - 08,VZM_NAG_SVMK_ANTIPETA,KONDAREJERU,0,0,,0
155,02 - F -  06 - 08,VZM_NAG_SVMK_ANTIPETA,KASIPATNAM,0,0,,0
156,02 - F -  06 - 08,VZM_NAG_SVMK_ANTIPETA,PAPAYYAVALASA,0,0,,0
157,02 - F -  06 - 08,VZM_NAG_SVMK_ANTIPETA,MULAKKAYAVALASA,0,0,,0
158,02 - F -  06 - 08,VZM_NAG_SVMK_ANTIPETA,MUKAVALASA,0,0,,0
159,02 - F -  06 - 08,VZM_NAG_SVMK_ANTIPETA,PAYAKAPADU,0,0,,0
160,02 - F -  06 - 08,VZM_NAG_SVMK_ANTIPETA,CHAPPABUTCHAMPETA,0,0,,0
161,02 - F -  06 - 08,VZM_NAG_SVMK_ANTIPETA,VENKAMPETA,0,0,,0
162,02 - F -  06 - 08,VZM_NAG_SVMK_ANTIPETA,KANNAMPETA,0,0,,0
163,02 - F -  06 - 08,VZM_NAG_SVMK_ANTIPETA,THAMARAKHANDI,0,0,,0
164,02 - F -  06 - 08,VZM_NAG_SVMK_ANTIPETA,BAGGANDHORAVALASA,0,0,,0
165,02 - F -  06 - 08,VZM_NAG_SVMK_ANTIPETA,BALLAKRISHNAPURAM,0,0,,0
166,02 - F -  06 - 08,VZM_NAG_SVMK_ANTIPETA,BAKKUPETA,0,0,,0
167,02 - F -  06 - 08,VZM_NAG_SVMK_ANTIPETA,CHINABHOGILA,0,0,,0
168,02 - F -  06 - 08,VZM_NAG_SVMK_ANTIPETA,KHASAPETA,0,0,,0
169,02 - F -  06 - 08,VZM_NAG_SVMK_ANTIPETA,R.VENKAMPETA,0,0,,0
170,02 - F -  06 - 08,VZM_NAG_SVMK_ANTIPETA,PANUKUPETA,0,0,,0
171,02 - F -  06 - 08,VZM_NAG_SVMK_ANTIPETA,RANGAMPETA,0,0,,0
172,02 - F -  06 - 08,VZM_NAG_SVMK_ANTIPETA,PUNUBUTCHAMPETA,0,0,,0
173,02 - F -  06 - 08,VZM_NAG_SVMK_ANTIPETA,K. SEETHARAMPURAM,0,0,,0
174,02 - F -  06 - 08,VZM_NAG_SVMK_ANTIPETA,VENNELABUTCHAMPETA,0,0,,0
175,02 - F -  06 - 08,VZM_NAG_SVMK_ANTIPETA,VENKATAPURAM,0,0,,0
176,02 - F -  06 - 08,VZM_NAG_SVMK_ANTIPETA,ANTIPETA,0,0,,0
177,02 - F -  06 - 08,VZM_NAG_SVMK_ANTIPETA,RAMAVARAM,0,0,,0
178,02 - F -  06 - 08,VZM_NAG_SVMK_ANTIPETA,PANUKUVALASA (NEAR ARAS,0,0,,0
179,02 - F -  06 - 08,VZM_NAG_SVMK_ANTIPETA,SIVARAMPURAM,0,0,,0
180,02 - F -  06 - 08,VZM_NAG_SVMK_ANTIPETA,BADEVALASA @ LT.VALASA,0,0,,0
181,02 - F -  06 - 08,VZM_NAG_SVMK_ANTIPETA,CHELLIMPETA,0,0,,0
182,02 - F -  06 - 08,VZM_NAG_SVMK_ANTIPETA,NIMMALAPADU,0,0,,0
183,02 - F -  06 - 08,VZM_NAG_SVMK_ANTIPETA,CHITRAKOTA BODDAVALASA,0,0,,0
184,02 - F -  06 - 08,VZM_NAG_SVMK_ANTIPETA,CHINANKALAM,0,0,,0
185,02 - F -  06 - 08,VZM_NAG_SVMK_ANTIPETA,BURJA,0,0,,0
186,02 - F -  06 - 08,VZM_NAG_SVMK_ANTIPETA,DAYANIDHIPURAM,0,0,,0
187,02 - F -  06 - 08,VZM_NAG_SVMK_ANTIPETA,JANTHIRAYAPURAM,0,0,,0
188,02 -  F - 06 - 05,VZM_NAG_SVMK_BODURUGEDDA,SINGAMDORAVALASA,0,0,,0
189,02 -  F - 06 - 05,VZM_NAG_SVMK_BODURUGEDDA,SANTESWARAM,0,0,,0
190,02 -  F - 06 - 05,VZM_NAG_SVMK_BODURUGEDDA,TURUMAMIDI,0,0,,0
191,02 -  F - 06 - 05,VZM_NAG_SVMK_BODURUGEDDA,N.R.C. RAJUPURAM,0,0,,0
192,02 -  F - 06 - 05,VZM_NAG_SVMK_BODURUGEDDA,MAKKUVA,0,0,,0
193,02 -  F - 06 - 05,VZM_NAG_SVMK_BODURUGEDDA,BANTUMAKKUVA,0,0,,0
194,02 -  F - 06 - 05,VZM_NAG_SVMK_BODURUGEDDA,CHEMUDU,0,0,,0
195,02 -  F - 06 - 05,VZM_NAG_SVMK_BODURUGEDDA,GANJAIBHADRA,0,0,,0
196,02 -  F - 06 - 05,VZM_NAG_SVMK_BODURUGEDDA,JILLEDUVALASA,0,0,,0
197,02 -  F - 06 - 05,VZM_NAG_SVMK_BODURUGEDDA,DULIBHADRA,0,0,,0
198,02 -  F - 06 - 05,VZM_NAG_SVMK_BODURUGEDDA,DIGUVASEMBI,0,0,,0
199,02 -  F - 06 - 05,VZM_NAG_SVMK_BODURUGEDDA,SARIKI,0,0,,0
200,02 -  F - 06 - 05,VZM_NAG_SVMK_BODURUGEDDA,MOKHASADANDIGAM,0,0,,0
201,02 -  F - 06 - 05,VZM_NAG_SVMK_BODURUGEDDA,MARIPALLE,0,0,,0
202,02 -  F - 06 - 05,VZM_NAG_SVMK_BODURUGEDDA,MOKHASAMAMIDIPALLE,0,0,,0
203,02 -  F - 06 - 05,VZM_NAG_SVMK_BODURUGEDDA,PANDIRIMAMIDIVALASA,0,0,,0
204,02 -  F - 06 - 05,VZM_NAG_SVMK_BODURUGEDDA,ANNAMARAJUVALASA,0,0,,0
205,02 -  F - 06 - 05,VZM_NAG_SVMK_BODURUGEDDA,KUDDADIVALASA,0,0,,0
206,02 -  F - 06 - 05,VZM_NAG_SVMK_BODURUGEDDA,LAXMIPURAM,0,0,,0
207,02 -  F - 06 - 05,VZM_NAG_SVMK_BODURUGEDDA,CHEMIDIPATIPOLAM,0,0,,0
208,02 -  F - 06 - 05,VZM_NAG_SVMK_BODURUGEDDA,EDULADANDIGAM,0,0,,0
209,02 -  F - 06 - 05,VZM_NAG_SVMK_BODURUGEDDA,ANTIVALASA,0,0,,0
210,02 -  F - 06 - 05,VZM_NAG_SVMK_BODURUGEDDA,DATTIVALASA,0,0,,0
211,02 -  F - 06 - 05,VZM_NAG_SVMK_BODURUGEDDA,GURRAPUVALASA,0,0,,0
212,02 -  F - 06 - 05,VZM_NAG_SVMK_BODURUGEDDA,MULAKKAYAVALASA,0,0,,0
213,02 -  F - 06 - 05,VZM_NAG_SVMK_BODURUGEDDA,KURUKUTTI,0,0,,0
214,02 -  F - 06 - 05,VZM_NAG_SVMK_BODURUGEDDA,TUPAKIVALASA,0,0,,0
215,02 -  F - 06 - 05,VZM_NAG_SVMK_BODURUGEDDA,GADILAVALASA,0,0,,0
216,02 -  F - 06 - 06,VZM_NAG_SVMK_GOMUKHI,ALAGARUVU,0,0,,0
217,02 -  F - 06 - 06,VZM_NAG_SVMK_GOMUKHI,MULAVALASA,0,0,,0
218,02 -  F - 06 - 06,VZM_NAG_SVMK_GOMUKHI,DUGGERU,0,0,,0
219,02 -  F - 06 - 06,VZM_NAG_SVMK_GOMUKHI,GUNTABHADRA,0,0,,0
220,02 -  F - 06 - 06,VZM_NAG_SVMK_GOMUKHI,PANASABHADRA,0,0,,0
221,02 -  F - 06 - 06,VZM_NAG_SVMK_GOMUKHI,YERRASAMANTHULAVALASA,0,0,,0
222,02 -  F - 06 - 06,VZM_NAG_SVMK_GOMUKHI,PEDAVOOTAGADDA,0,0,,0
223,02 -  F - 06 - 06,VZM_NAG_SVMK_GOMUKHI,NANDA,0,0,,0
224,02 -  F - 06 - 06,VZM_NAG_SVMK_GOMUKHI,SEEBILLIPEDAVALASA,0,0,,0
225,02 -  F - 06 - 06,VZM_NAG_SVMK_GOMUKHI,KHAVIRIVALASA,0,0,,0
226,02 -  F - 06 - 06,VZM_NAG_SVMK_GOMUKHI,PEDAGHASILA,0,0,,0
227,02 -  F - 06 - 06,VZM_NAG_SVMK_GOMUKHI,MARKONDAPUTTI,0,0,,0
228,02 -  F - 06 - 06,VZM_NAG_SVMK_GOMUKHI,SARAIVALASA,0,0,,0
229,02 -  F - 06 - 06,VZM_NAG_SVMK_GOMUKHI,NAGULLADABBAGADDA,0,0,,0
230,02 -  F - 06 - 06,VZM_NAG_SVMK_GOMUKHI,ANASABHADRA,0,0,,0
231,02 -  F - 06 - 06,VZM_NAG_SVMK_GOMUKHI,VIJAYARAMPURAM,0,0,,0
232,02 -  F - 06 - 06,VZM_NAG_SVMK_GOMUKHI,LOVARKHANDI,0,0,,0
233,02 -  F - 06 - 06,VZM_NAG_SVMK_GOMUKHI,GOPALAPURAM,0,0,,0
234,02 -  F - 06 - 06,VZM_NAG_SVMK_GOMUKHI,DABBAGADDA,0,0,,0
235,02 -  F - 06 - 06,VZM_NAG_SVMK_GOMUKHI,BANGARUVALASA,0,0,,0
236,02 -  F - 06 - 06,VZM_NAG_SVMK_GOMUKHI,PEETALAVALASA,0,0,,0
237,02 -  F - 06 - 06,VZM_NAG_SVMK_GOMUKHI,BATTIVALASA,0,0,,0
238,02 -  F - 06 - 06,VZM_NAG_SVMK_GOMUKHI,KONDAPALLIVALASA,0,0,,0
239,02 -  F - 06 - 06,VZM_NAG_SVMK_GOMUKHI,SAMBARA,0,0,,0
240,02 -  F - 06 - 06,VZM_NAG_SVMK_GOMUKHI,THOTAVALASA,0,0,,0
241,02 -  F - 06 - 06,VZM_NAG_SVMK_GOMUKHI,SANYASIRAJUPURAM@MARIPI,0,0,,0
242,02 -  F - 06 - 06,VZM_NAG_SVMK_GOMUKHI,KAVIRIPALLE,0,0,,0
243,02 -  F - 06 - 06,VZM_NAG_SVMK_GOMUKHI,CHINAMRAJUVALASA,0,0,,0
244,02 -  F - 06 - 06,VZM_NAG_SVMK_GOMUKHI,KONDABUTCHAMPETA,0,0,,0
245,02 -  F - 06 - 06,VZM_NAG_SVMK_GOMUKHI,KONA,0,0,,0
246,02 -  F - 06 - 06,VZM_NAG_SVMK_GOMUKHI,SURAPADU @ KANJUPAKA,0,0,,0
247,02 -  F - 06 - 06,VZM_NAG_SVMK_GOMUKHI,JAGGUDORAVALASA,0,0,,0
248,02 -  F - 06 - 06,VZM_NAG_SVMK_GOMUKHI,THONAM,0,0,,0
249,02 -  F - 06 - 06,VZM_NAG_SVMK_GOMUKHI,BELUGONDA,0,0,,0
250,02 -  F - 06 - 06,VZM_NAG_SVMK_GOMUKHI,MENDANGI,0,0,,0
251,02 -  F - 06 - 06,VZM_NAG_SVMK_GOMUKHI,BIRAMASI,0,0,,0
252,02 -  F - 06 - 06,VZM_NAG_SVMK_GOMUKHI,NANDAKOTTULAGHASILA,0,0,,0
253,02 -  F - 06 - 06,VZM_NAG_SVMK_GOMUKHI,VENKATANISSANKAPURAM,0,0,,0
254,02 -  F - 06 - 06,VZM_NAG_SVMK_GOMUKHI,GOCHEKKA,0,0,,0
255,02 -  F - 06 - 06,VZM_NAG_SVMK_GOMUKHI,DONKALAKOTHAPATNAM,0,0,,0
256,02 -  F - 06 - 06,VZM_NAG_SVMK_GOMUKHI,TONKI,0,0,,0
257,02 -  F - 06 - 06,VZM_NAG_SVMK_GOMUKHI,TADANGIVALASA,0,0,,0
258,02 -  F - 06 - 06,VZM_NAG_SVMK_GOMUKHI,SIRIVARA,0,0,,0
259,02 -  F - 06 - 06,VZM_NAG_SVMK_GOMUKHI,POYIMALA,0,0,,0
260,02 -  F - 06 - 06,VZM_NAG_SVMK_GOMUKHI,BANDAPAI,0,0,,0
261,02 -  F - 06 - 06,VZM_NAG_SVMK_GOMUKHI,GUNJARI,0,0,,0
262,02 -  F - 06 - 06,VZM_NAG_SVMK_GOMUKHI,CHINTAMALA,0,0,,0
263,02 -  F - 06 - 06,VZM_NAG_SVMK_GOMUKHI,MASIKA CHINTALA VALASA,0,0,,0
264,02 -  F - 06 - 06,VZM_NAG_SVMK_GOMUKHI,KODAMA,0,0,,0
265,02 -  F - 06 - 06,VZM_NAG_SVMK_GOMUKHI,CHORA,0,0,,0
266,02 -  F - 06 - 06,VZM_NAG_SVMK_GOMUKHI,MUDANGI,0,0,,0
267,02 -  F - 06 - 06,VZM_NAG_SVMK_GOMUKHI,CHINA VOOTAGEDDA,0,0,,0
268,02 -  F - 06 - 06,VZM_NAG_SVMK_GOMUKHI,THUNDA,0,0,,0
269,02 -  F - 06 - 06,VZM_NAG_SVMK_GOMUKHI,MAIPALLE,0,0,,0
270,02 -  F - 06 - 06,VZM_NAG_SVMK_GOMUKHI,PAGULA CHENNURU,0,0,,0
271,02 -  F - 06 - 06,VZM_NAG_SVMK_GOMUKHI,DOLIYAMBA,0,0,,0
272,02 -  F - 06 - 06,VZM_NAG_SVMK_GOMUKHI,SOLIPIGUDA,0,0,,0
273,02 -  F - 06 - 06,VZM_NAG_SVMK_GOMUKHI,PATTUCHENNVRU,0,0,,0
274,02 -  F - 06 - 06,VZM_NAG_SVMK_GOMUKHI,LOLINGABHADRA,0,0,,0
275,02 -  F - 06 - 06,VZM_NAG_SVMK_GOMUKHI,YEGUVAMENDANGI,0,0,,0
276,02 -  F - 06 - 06,VZM_NAG_SVMK_GOMUKHI,DONKALA VELAGAVALASA,0,0,,0
277,02 -  F - 06 - 06,VZM_NAG_SVMK_GOMUKHI,PANASALA VALASA,0,0,,0
278,02 -  F - 06 - 06,VZM_NAG_SVMK_GOMUKHI,MAVUDI,0,0,,0
279,02 -  F - 06 - 06,VZM_NAG_SVMK_GOMUKHI,KOTTUPARUVU,0,0,,0
280,02 -  F - 06 - 06,VZM_NAG_SVMK_GOMUKHI,DIGUVAMENDANGI,0,0,,0
281,02 -  F - 06 - 06,VZM_NAG_SVMK_GOMUKHI,NIMMALAPADU,0,0,,0
282,02 -  F - 06 - 06,VZM_NAG_SVMK_GOMUKHI,KEERAPADU,0,0,,0
283,02 -  F - 06 - 06,VZM_NAG_SVMK_GOMUKHI,SIKHAPARUVU,0,0,,0
284,02 -  F - 06 - 06,VZM_NAG_SVMK_GOMUKHI,BARNAGUDA,0,0,,0
285,02 -  F - 06 - 06,VZM_NAG_SVMK_GOMUKHI,MUDAKARU,0,0,,0
286,02 -  F - 06 - 06,VZM_NAG_SVMK_GOMUKHI,KOTIYA,0,0,,0
287,02 -  F - 06 - 06,VZM_NAG_SVMK_GOMUKHI,YEGUVASEMBI,0,0,,0
288,02 -  F - 06 - 06,VZM_NAG_SVMK_GOMUKHI,KUDAKARU,0,0,,0
289,02 -  F - 06 - 06,VZM_NAG_SVMK_GOMUKHI,TEENUSAMANTHAVALASA,0,0,,0
290,02 -  F - 06 - 06,VZM_NAG_SVMK_GOMUKHI,BUTALAKARRIVALASA,0,0,,0
291,02 -  F - 06 - 06,VZM_NAG_SVMK_GOMUKHI,KANDULAPADAM,0,0,,0
292,02 -  F - 06 - 06,VZM_NAG_SVMK_GOMUKHI,MUCHERLAVALASA,0,0,,0
293,02 - F -  06 - 07,VZM_NAG_SVMK_SEETHANAGARAM,PEDDIMPETA,0,0,,0
294,02 - F -  06 - 07,VZM_NAG_SVMK_SEETHANAGARAM,POLINAIDUVALASA,0,0,,0
295,02 - F -  06 - 07,VZM_NAG_SVMK_SEETHANAGARAM,PEDDURU,0,0,,0
296,02 - F -  06 - 07,VZM_NAG_SVMK_SEETHANAGARAM,RAOPALLE,0,0,,0
297,02 - F -  06 - 07,VZM_NAG_SVMK_SEETHANAGARAM,KOTHAPALLE,0,0,,0
298,02 - F -  06 - 07,VZM_NAG_SVMK_SEETHANAGARAM,SIRLAM,0,0,,0
299,02 - F -  06 - 07,VZM_NAG_SVMK_SEETHANAGARAM,KOTHAVALASA,0,0,,0
300,02 - F -  06 - 07,VZM_NAG_SVMK_SEETHANAGARAM,GEDDALUPPI,0,0,,0
301,02 - F -  06 - 07,VZM_NAG_SVMK_SEETHANAGARAM,AJJADA,0,0,,0
302,02 - F -  06 - 07,VZM_NAG_SVMK_SEETHANAGARAM,MURAGADAM,0,0,,0
303,02 - F -  06 - 07,VZM_NAG_SVMK_SEETHANAGARAM,CHAKARAPALLI AGRAHARAM,0,0,,0
304,02 - F -  06 - 07,VZM_NAG_SVMK_SEETHANAGARAM,GOWRIPURAM,0,0,,0
305,02 - F -  06 - 07,VZM_NAG_SVMK_SEETHANAGARAM,ULLIBHADRA,0,0,,0
306,02 - F -  06 - 07,VZM_NAG_SVMK_SEETHANAGARAM,SEETHARAMPURAM,0,0,,0
307,02 - F -  06 - 07,VZM_NAG_SVMK_SEETHANAGARAM,KONKADIVARAM,0,0,,0
308,02 - F -  06 - 07,VZM_NAG_SVMK_SEETHANAGARAM,SIVAAMPURAM(NEAR D.VALA,0,0,,0
309,02 - F -  06 - 07,VZM_NAG_SVMK_SEETHANAGARAM,DALAIVALASA,0,0,,0
310,02 - F -  06 - 07,VZM_NAG_SVMK_SEETHANAGARAM,GOTTIVALASA,0,0,,0
311,02 - F -  06 - 07,VZM_NAG_SVMK_SEETHANAGARAM,HIKKIMVALASA,0,0,,0
312,02 - F -  06 - 07,VZM_NAG_SVMK_SEETHANAGARAM,UDDAVOLU,0,0,,0
313,02 - F -  06 - 07,VZM_NAG_SVMK_SEETHANAGARAM,CHINAGUDABA,0,0,,0
314,02 - F -  06 - 07,VZM_NAG_SVMK_SEETHANAGARAM,PEDAGUDABA,0,0,,0
315,02 - F -  06 - 07,VZM_NAG_SVMK_SEETHANAGARAM,RAYINDORAVALASA,0,0,,0
316,02 - F -  06 - 07,VZM_NAG_SVMK_SEETHANAGARAM,VALLARIGUDABA,0,0,,0
317,02 - F -  06 - 07,VZM_NAG_SVMK_SEETHANAGARAM,BURADA VENKATAPURAM,0,0,,0
318,02 - F -  06 - 07,VZM_NAG_SVMK_SEETHANAGARAM,GARUGUBILLI,0,0,,0
319,02 - F -  06 - 07,VZM_NAG_SVMK_SEETHANAGARAM,SIVARAMPURAM NEAR PEDDU,0,0,,0
320,02 - F -  06 - 07,VZM_NAG_SVMK_SEETHANAGARAM,SANGAMVALASA,0,0,,0
321,02 - F -  06 - 07,VZM_NAG_SVMK_SEETHANAGARAM,KORE,0,0,,0
322,02 - F -  06 - 07,VZM_NAG_SVMK_SEETHANAGARAM,APPANDORAVALASA,0,0,,0
323,02 - F -  06 - 07,VZM_NAG_SVMK_SEETHANAGARAM,GANGARAJAPURAM,0,0,,0
324,02 - F -  06 - 07,VZM_NAG_SVMK_SEETHANAGARAM,CHINABONDAPALLE,0,0,,0
325,02 - F -  06 - 07,VZM_NAG_SVMK_SEETHANAGARAM,NISSANKAPURAM,0,0,,0
326,02 - F -  06 - 07,VZM_NAG_SVMK_SEETHANAGARAM,GANGAPURAM,0,0,,0
327,02 - F -  06 - 07,VZM_NAG_SVMK_SEETHANAGARAM,KAVITIBHADRA,0,0,,0
328,02 - F -  06 - 07,VZM_NAG_SVMK_SEETHANAGARAM,DOGGAVANIMULAGA,0,0,,0
329,02 - F -  06 - 07,VZM_NAG_SVMK_SEETHANAGARAM,MULAGA,0,0,,0
330,02 - F -  06 - 07,VZM_NAG_SVMK_SEETHANAGARAM,CHALAMVALASA,0,0,,0
331,02 - F -  06 - 07,VZM_NAG_SVMK_SEETHANAGARAM,DOKISEELA,0,0,,0
332,02 - F -  06 - 07,VZM_NAG_SVMK_SEETHANAGARAM,BUDURUVADA,0,0,,0
333,02 - F -  06 - 07,VZM_NAG_SVMK_SEETHANAGARAM,ADARU,0,0,,0
334,02 - F -  06 - 07,VZM_NAG_SVMK_SEETHANAGARAM,LAKSHMIPURAM,0,0,,0
335,02 - F -  06 - 07,VZM_NAG_SVMK_SEETHANAGARAM,JAMADALA,0,0,,0
336,02 - F -  06 - 07,VZM_NAG_SVMK_SEETHANAGARAM,TALLABURIDI,0,0,,0
337,02 - F -  06 - 07,VZM_NAG_SVMK_SEETHANAGARAM,SUDIGAM,0,0,,0
338,02 - F -  06 - 07,VZM_NAG_SVMK_SEETHANAGARAM,PEDABONDAPALLE,0,0,,0
339,02 - F -  06 - 07,VZM_NAG_SVMK_SEETHANAGARAM,NARSIPURAM,0,0,,0
340,02 - F -  06 - 07,VZM_NAG_SVMK_SEETHANAGARAM,BALAGUDABA,0,0,,0
341,02 - F -  06 - 07,VZM_NAG_SVMK_SEETHANAGARAM,JAGANNADHARAJAPURAM,0,0,,0
342,02 - F -  06 - 07,VZM_NAG_SVMK_SEETHANAGARAM,VENKATARAIDUPETA,0,0,,0
343,02 - F -  06 - 07,VZM_NAG_SVMK_SEETHANAGARAM,VISWAMBARAPURAM,0,0,,0
344,02 - F -  06 - 07,VZM_NAG_SVMK_SEETHANAGARAM,HARIPURAMKARADAVALASA,0,0,,0
345,02 - F -  06 - 07,VZM_NAG_SVMK_SEETHANAGARAM,PUTTURU,0,0,,0
346,02 - F -  06 - 07,VZM_NAG_SVMK_SEETHANAGARAM,LATCHIRAJUPETA,0,0,,0
347,02 - F -  06 - 07,VZM_NAG_SVMK_SEETHANAGARAM,BANDALUPPI,0,0,,0
348,02 - F -  06 - 07,VZM_NAG_SVMK_SEETHANAGARAM,PULIGUMMI,0,0,,0
349,02 - F -  06 - 07,VZM_NAG_SVMK_SEETHANAGARAM,JAMMADIVALASA,0,0,,0
350,02 - F -  06 - 07,VZM_NAG_SVMK_SEETHANAGARAM,ANTIVALASA,0,0,,0
351,02 - F -  06 - 07,VZM_NAG_SVMK_SEETHANAGARAM,REPATIVALASA,0,0,,0
352,02 - F -  06 - 07,VZM_NAG_SVMK_SEETHANAGARAM,GUTCHIMI,0,0,,0
353,02 - F -  06 - 07,VZM_NAG_SVMK_SEETHANAGARAM,SURAMPETA,0,0,,0
354,02 - F -  06 - 07,VZM_NAG_SVMK_SEETHANAGARAM,MARIPIVALASA,0,0,,0
355,02 - F -  06 - 07,VZM_NAG_SVMK_SEETHANAGARAM,CHINNARAYUDUPETA,0,0,,0
356,02 - F -  06 - 07,VZM_NAG_SVMK_SEETHANAGARAM,IPPALAVALASA,0,0,,0
357,02 - F -  06 - 07,VZM_NAG_SVMK_SEETHANAGARAM,PAPAMMAVALASA,0,0,,0
358,02 - F -  06 - 07,VZM_NAG_SVMK_SEETHANAGARAM,NIDAGALLU,0,0,,0
359,02 - F -  06 - 07,VZM_NAG_SVMK_SEETHANAGARAM,JAGANNADHAPURAM,0,0,,0
360,02 - F -  06 - 07,VZM_NAG_SVMK_SEETHANAGARAM,GANGARAJAPURAM,0,0,,0
361,02 - F -  06 - 07,VZM_NAG_SVMK_SEETHANAGARAM,KRISHNARAYAPURAM,0,0,,0
362,02 - F -  06 - 07,VZM_NAG_SVMK_SEETHANAGARAM,SUMITRAPURAM,0,0,,0
363,02 - F -  06 - 07,VZM_NAG_SVMK_SEETHANAGARAM,PEDANKALAM,0,0,,0
364,02 - F -  06 - 07,VZM_NAG_SVMK_SEETHANAGARAM,VENKATAPURAM,0,0,,0
365,02 - F -  06 - 07,VZM_NAG_SVMK_SEETHANAGARAM,NEELAKANTAPURAM,0,0,,0
366,02 - F -  06 - 07,VZM_NAG_SVMK_SEETHANAGARAM,BUDDIPETA,0,0,,0
367,02 - F -  06 - 07,VZM_NAG_SVMK_SEETHANAGARAM,JOGAMPETA,0,0,,0
368,02 - F -  06 - 07,VZM_NAG_SVMK_SEETHANAGARAM,PEDABHOGILA,0,1,,1
369,02 - F -  06 - 07,VZM_NAG_SVMK_SEETHANAGARAM,LAKSHMIPURAM,0,0,,0
370,02 -  F -06 - 11,VZM_NAG_VEG_BOBBILI,TUMARADA,0,0,,0
371,02 -  F -06 - 11,VZM_NAG_VEG_BOBBILI,PALAGARA,0,0,,0
372,02 -  F -06 - 11,VZM_NAG_VEG_BOBBILI,KURMANADHAPURAM,0,0,,0
373,02 -  F -06 - 11,VZM_NAG_VEG_BOBBILI,CHILKALAPALLE,0,0,,0
374,02 -  F -06 - 11,VZM_NAG_VEG_BOBBILI,NARAMPETA,0,0,,0
375,02 -  F -06 - 11,VZM_NAG_VEG_BOBBILI,PEDAPENKI,0,0,,0
376,02 -  F -06 - 11,VZM_NAG_VEG_BOBBILI,JANARDHANAPURAM,0,0,,0
377,02 -  F -06 - 11,VZM_NAG_VEG_BOBBILI,KHINTHALIVANIPETA,0,0,,0
378,02 -  F -06 - 11,VZM_NAG_VEG_BOBBILI,KOMATIPALLE (N) BOBBILI,0,0,,0
379,02 -  F -06 - 11,VZM_NAG_VEG_BOBBILI,PIRIDI,0,0,,0
380,02 -  F -06 - 11,VZM_NAG_VEG_BOBBILI,KRISHNAPURAM,0,0,,0
381,02 -  F -06 - 11,VZM_NAG_VEG_BOBBILI,JAGANNADHAPURAM(N)BOBBI,0,0,,0
382,02 -  F -06 - 11,VZM_NAG_VEG_BOBBILI,PATHABOBBILI (RURAL),0,0,,0
383,02 -  F -06 - 11,VZM_NAG_VEG_BOBBILI,MALLAMPETA,0,0,,0
384,02 -  F -06 - 11,VZM_NAG_VEG_BOBBILI,GOLLAPALLE,0,0,,0
385,02 -  F -06 - 11,VZM_NAG_VEG_BOBBILI,YEMBANAVALASA,0,0,,0
386,02 -  F -06 - 11,VZM_NAG_VEG_BOBBILI,KARADA,0,0,,0
387,02 -  F -06 - 11,VZM_NAG_VEG_BOBBILI,ALAJANGI,0,0,,0
388,02 -  F -06 - 11,VZM_NAG_VEG_BOBBILI,RANGARAYAPURAM,0,0,,0
389,02 -  F -06 - 11,VZM_NAG_VEG_BOBBILI,PENTA,0,0,,0
390,02 -  F -06 - 11,VZM_NAG_VEG_BOBBILI,BURJAVALASANEAR M.VALSA,0,0,,0
391,02 -  F -06 - 11,VZM_NAG_VEG_BOBBILI,GORLESEETHARAMPURAM,0,0,,0
392,02 -  F -06 - 11,VZM_NAG_VEG_BOBBILI,PARADHI,0,0,,0
393,02 -  F -06 - 11,VZM_NAG_VEG_BOBBILI,PARANNAVALASA,0,0,,0
394,02 -  F -06 - 11,VZM_NAG_VEG_BOBBILI,GADELAVALASA,0,0,,0
395,02 -  F -06 - 11,VZM_NAG_VEG_BOBBILI,JANUMALLUVALASA,0,0,,0
396,02 -  F -06 - 11,VZM_NAG_VEG_BOBBILI,LATCHAYYAPETA,0,0,,0
397,02 -  F -06 - 11,VZM_NAG_VEG_BOBBILI,SUBHADRA,0,0,,0
398,02 -  F -06 - 11,VZM_NAG_VEG_BOBBILI,BARLI,0,0,,0
399,02 -  F -06 - 11,VZM_NAG_VEG_BOBBILI,NOOKALAVADA,0,0,,0
400,02 -  F -06 - 11,VZM_NAG_VEG_BOBBILI,BHAIRIPURAM,0,0,,0
401,02 -  F -06 - 11,VZM_NAG_VEG_BOBBILI,AMPAVILLI,0,0,,0
402,02 -  F -06 - 11,VZM_NAG_VEG_BOBBILI,VENGALARAYAPURAM,0,0,,0
403,02 -  F -06 - 11,VZM_NAG_VEG_BOBBILI,LINGAMVALASA,0,0,,0
404,02 -  F -06 - 11,VZM_NAG_VEG_BOBBILI,KALAVARAI AGRAHARAM,0,0,,0
405,02 -  F -06 - 11,VZM_NAG_VEG_BOBBILI,VAKADAVALASA,0,0,,0
406,02 -  F -06 - 11,VZM_NAG_VEG_BOBBILI,CHINTADA,0,0,,0
407,02 -  F -06 - 11,VZM_NAG_VEG_BOBBILI,PAKKI,0,0,,0
408,02 -  F -06 - 11,VZM_NAG_VEG_BOBBILI,RAMUDUVALASA,0,0,,0
409,02 -  F -06 - 11,VZM_NAG_VEG_BOBBILI,SIVADAVALASA,0,0,,0
410,02 -  F -06 - 11,VZM_NAG_VEG_BOBBILI,KONDADEVUPALLE,0,0,,0
411,02 -  F -06 - 11,VZM_NAG_VEG_BOBBILI,KAMMAVALASA,0,0,,0
412,02 -  F -06 - 11,VZM_NAG_VEG_BOBBILI,MUTTAVALASA,0,0,,0
413,02 -  F -06 - 11,VZM_NAG_VEG_BOBBILI,DONGURUVALASA,0,0,,0
414,02 -  F -06 - 11,VZM_NAG_VEG_BOBBILI,BHUBANDARAVALASA,0,0,,0
415,02 -  F -06 - 11,VZM_NAG_VEG_BOBBILI,METTAVALASA,0,0,,0
416,02 -  F -06 - 11,VZM_NAG_VEG_BOBBILI,GUNNATHOTAVALASA,0,0,,0
417,02 -  F -06 - 11,VZM_NAG_VEG_BOBBILI,PANUKUVALASA(N)M.VAKASA,0,0,,0
418,02 -  F -06 - 11,VZM_NAG_VEG_BOBBILI,V.RAMPURAM NER.M.VALASA,0,0,,0
419,02 -  F -06 - 11,VZM_NAG_VEG_BOBBILI,NARAYANAPPAVALASA,0,0,,0
420,02 -  F -06 - 11,VZM_NAG_VEG_BOBBILI,KASIDORAVALASA,0,0,,0
421,02 -  F -06 - 11,VZM_NAG_VEG_BOBBILI,GOLLAPETA,0,0,,0
422,02 -  F -06 - 11,VZM_NAG_VEG_BOBBILI,APPALARAJUPETA,0,0,,0
423,02 -  F -06 - 11,VZM_NAG_VEG_BOBBILI,SEETHARAMPURAM,0,0,,0
424,02 -  F -06 - 11,VZM_NAG_VEG_BOBBILI,KANAPALABANDA,0,0,,0
425,02 -  F -06 - 11,VZM_NAG_VEG_BOBBILI,KARADAVALASA,0,0,,0
426,02 -  F -06 - 11,VZM_NAG_VEG_BOBBILI,DAGARAVALASA,0,0,,0
427,02 -  F -06 - 11,VZM_NAG_VEG_BOBBILI,KARASUVALASA,0,0,,0
428,02 -  F -06 - 11,VZM_NAG_VEG_BOBBILI,KOTHAVALASA,0,0,,0
429,02 -  F -06 - 11,VZM_NAG_VEG_BOBBILI,GURUVINAYUNI PEDAVALASA,0,0,,0
430,02 -  F -06 - 11,VZM_NAG_VEG_BOBBILI,KONDAKARAKAVALASA@J.VAR,0,0,,0
431,02 -  F -06 - 11,VZM_NAG_VEG_BOBBILI,KODUKARAKAVALASA,0,0,,0
432,02 -  F -06 - 11,VZM_NAG_VEG_BOBBILI,NARLAVALASA,0,0,,0
433,02 -  F -06 - 11,VZM_NAG_VEG_BOBBILI,PEDAPADAMMUTTA,0,0,,0
434,02 -  F -06 - 11,VZM_NAG_VEG_BOBBILI,MIRTIVALASA,0,0,,0
435,02 -  F -06 - 11,VZM_NAG_VEG_BOBBILI,BAGUVALASA,0,0,,0
436,02 -  F -06 - 11,VZM_NAG_VEG_BOBBILI,PUROHITUNIVALASA,0,0,,0
437,02 -  F -06 - 11,VZM_NAG_VEG_BOBBILI,VALLAPURAM,0,0,,0
438,02 -  F -06 - 11,VZM_NAG_VEG_BOBBILI,PEDAPADAM,0,0,,0
439,02 -  F -06 - 11,VZM_NAG_VEG_BOBBILI,MUGADAVALASA,0,0,,0
440,02 -  F -06 - 11,VZM_NAG_VEG_BOBBILI,PAKEERUNAYUNIBODDAVALAS,0,0,,0
441,02 -  F -06 - 11,VZM_NAG_VEG_BOBBILI,KURMARAJUPETA,0,0,,0
442,02 -  F -06 - 11,VZM_NAG_VEG_BOBBILI,CHANDRAPPAVALASA,0,0,,0
443,02 -  F -06 - 11,VZM_NAG_VEG_BOBBILI,TENTUBODDAVALASA,0,0,,0
444,02 -  F -06 - 11,VZM_NAG_VEG_BOBBILI,DEVUBUTCHAMMAPETA,0,0,,0
445,02 -  F -06 - 11,VZM_NAG_VEG_BOBBILI,BORABANDA,0,0,,0
446,02 -  F -06 - 11,VZM_NAG_VEG_BOBBILI,BHAVANIPURAM,0,0,,0
447,02 -  F -06 - 11,VZM_NAG_VEG_BOBBILI,SIVARAMPURAM,0,0,,0
448,02 -  F -06 - 11,VZM_NAG_VEG_BOBBILI,S.R.PURAM (N) SUBHADRA,0,0,,0
449,02 - F - 06 - 10,VZM_NAG_VEG_PEDDAGEDDA,CHERUKUPALLE,0,0,,0
450,02 - F - 06 - 10,VZM_NAG_VEG_PEDDAGEDDA,PANUKUVALASA,0,0,,0
451,02 - F - 06 - 10,VZM_NAG_VEG_PEDDAGEDDA,PANASAPEDDI KONAVALASA,0,0,,0
452,02 - F - 06 - 10,VZM_NAG_VEG_PEDDAGEDDA,VISWANADHAPURAM,0,0,,0
453,02 - F - 06 - 10,VZM_NAG_VEG_PEDDAGEDDA,KARRIVALASA,0,0,,0
454,02 - F - 06 - 10,VZM_NAG_VEG_PEDDAGEDDA,PACHIPENTA,0,0,,0
455,02 - F - 06 - 10,VZM_NAG_VEG_PEDDAGEDDA,KUNAMBANDAVALASA,0,0,,0
456,02 - F - 06 - 10,VZM_NAG_VEG_PEDDAGEDDA,THOTAVALASA,0,0,,0
457,02 - F - 06 - 10,VZM_NAG_VEG_PEDDAGEDDA,GARLAVALASA,0,0,,0
458,02 - F - 06 - 10,VZM_NAG_VEG_PEDDAGEDDA,JEEGIRAM,0,0,,0
459,02 - F - 06 - 10,VZM_NAG_VEG_PEDDAGEDDA,BANGARAMMAPETA,0,0,,0
460,02 - F - 06 - 10,VZM_NAG_VEG_PEDDAGEDDA,GUMADAM,0,0,,0
461,02 - F - 06 - 10,VZM_NAG_VEG_PEDDAGEDDA,SALUR,0,0,,0
462,02 - F - 06 - 10,VZM_NAG_VEG_PEDDAGEDDA,NELIPARTI,0,0,,0
463,02 - F - 06 - 10,VZM_NAG_VEG_PEDDAGEDDA,AJURU,0,0,,0
464,02 - F - 06 - 10,VZM_NAG_VEG_PEDDAGEDDA,KANKANAPALLE,0,0,,0
465,02 - F - 06 - 10,VZM_NAG_VEG_PEDDAGEDDA,KUMBIVALASA,0,0,,0
466,02 - F - 06 - 10,VZM_NAG_VEG_PEDDAGEDDA,CHAKIREVUVALSA,0,0,,0
467,02 - F - 06 - 10,VZM_NAG_VEG_PEDDAGEDDA,BOBBILIVALASA,0,0,,0
468,02 - F - 06 - 10,VZM_NAG_VEG_PEDDAGEDDA,GAVARAMPETA,0,0,,0
469,02 - F - 06 - 10,VZM_NAG_VEG_PEDDAGEDDA,PEDDAVALASA,0,0,,0
470,02 - F - 06 - 10,VZM_NAG_VEG_PEDDAGEDDA,PADMAPURAM,0,0,,0
471,02 - F - 06 - 10,VZM_NAG_VEG_PEDDAGEDDA,KOTTAVALASA,0,0,,0
472,02 - F - 06 - 10,VZM_NAG_VEG_PEDDAGEDDA,MIRTHIVALASA,0,0,,0
473,02 - F - 06 - 10,VZM_NAG_VEG_PEDDAGEDDA,KOTIKIPENTA,0,0,,0
474,02 - F - 06 - 10,VZM_NAG_VEG_PEDDAGEDDA,MALLAPURAJUPETA,0,0,,0
475,02 - F - 06 - 10,VZM_NAG_VEG_PEDDAGEDDA,GARELLAVALASA,0,0,,0
476,02 - F - 06 - 10,VZM_NAG_VEG_PEDDAGEDDA,ALURU,0,0,,0
477,02 - F - 06 - 10,VZM_NAG_VEG_PEDDAGEDDA,KESALI,0,0,,0
478,02 - F - 06 - 10,VZM_NAG_VEG_PEDDAGEDDA,KUNTAMBADEVALASA,0,0,,0
479,02 - F - 06 - 10,VZM_NAG_VEG_PEDDAGEDDA,PARTHAPURAM,0,0,,0
480,02 - F - 06 - 10,VZM_NAG_VEG_PEDDAGEDDA,ADARIPADU,0,0,,0
481,02 - F - 06 - 10,VZM_NAG_VEG_PEDDAGEDDA,MODUGA,0,0,,0
482,02 - F - 06 - 10,VZM_NAG_VEG_PEDDAGEDDA,TURAIPADU,0,0,,0
483,02 - F -  06 - 12,VZM_NAG_VEG_THERLAM,GOLLADI,0,0,0,0
484,02 - F -  06 - 12,VZM_NAG_VEG_THERLAM,BHEEMAVARAM,0,0,0,0
485,02 - F -  06 - 12,VZM_NAG_VEG_THERLAM,PALTHERU,0,0,0,0
486,02 - F -  06 - 12,VZM_NAG_VEG_THERLAM,ANAVARAM,0,0,0,0
487,02 - F -  06 - 12,VZM_NAG_VEG_THERLAM,PINAPENKI,0,0,0,0
488,02 - F -  06 - 12,VZM_NAG_VEG_THERLAM,J.R.RAYAPURAM@KUNKUVANI,0,0,0,0
489,02 - F -  06 - 12,VZM_NAG_VEG_THERLAM,BHOJARAJUPURAM,0,0,0,0
490,02 - F -  06 - 12,VZM_NAG_VEG_THERLAM,BUTCHAMPETA,0,0,0,0
491,02 - F -  06 - 12,VZM_NAG_VEG_THERLAM,GOPALAKRISHNA R.PURAM,0,0,0,0
492,02 - F -  06 - 12,VZM_NAG_VEG_THERLAM,P.VENKAMPETA,0,0,0,0
493,02 - F -  06 - 12,VZM_NAG_VEG_THERLAM,REJERU,0,0,0,0
494,02 - F -  06 - 12,VZM_NAG_VEG_THERLAM,VADADA,0,0,0,0
495,02 - F -  06 - 12,VZM_NAG_VEG_THERLAM,KOTIPALLE,0,0,0,0
496,02 - F -  06 - 12,VZM_NAG_VEG_THERLAM,GUDEPUVALASA,0,0,0,0
497,02 - F -  06 - 12,VZM_NAG_VEG_THERLAM,MALLAMPETA,0,0,0,0
498,02 - F -  06 - 12,VZM_NAG_VEG_THERLAM,PUDIVALASA,0,0,0,0
499,02 - F -  06 - 12,VZM_NAG_VEG_THERLAM,MUGADA,0,0,0,0
500,02 - F -  06 - 12,VZM_NAG_VEG_THERLAM,BADANGI,0,0,0,0
501,02 - F -  06 - 12,VZM_NAG_VEG_THERLAM,KAMANNAVALASA,0,0,0,0
502,02 - F -  06 - 12,VZM_NAG_VEG_THERLAM,AKULAKATTA,0,0,0,0
503,02 - F -  06 - 12,VZM_NAG_VEG_THERLAM,D.VENKAYYAPETA,0,0,0,0
504,02 - F -  06 - 12,VZM_NAG_VEG_THERLAM,KONDAPURAM,0,0,0,0
505,02 - F -  06 - 12,VZM_NAG_VEG_THERLAM,VANTARAM,0,0,0,0
506,02 - F -  06 - 12,VZM_NAG_VEG_THERLAM,GANGADA,0,0,0,0
507,02 - F -  06 - 12,VZM_NAG_VEG_THERLAM,RANGASAIPURAM,0,0,0,0
508,02 - F -  06 - 12,VZM_NAG_VEG_THERLAM,NARAMNNAIDUVALASA,0,0,0,0
509,02 - F -  06 - 12,VZM_NAG_VEG_THERLAM,SRI RANGARAJAPURAM,0,0,0,0
510,02 - F -  06 - 12,VZM_NAG_VEG_THERLAM,GALAVILLI,0,0,0,0
511,02 - F -  06 - 12,VZM_NAG_VEG_THERLAM,BANKURUVALASA,0,0,0,0
512,02 - F -  06 - 12,VZM_NAG_VEG_THERLAM,PULIGUMMI,0,0,0,0
513,02 - F -  06 - 12,VZM_NAG_VEG_THERLAM,SYAMAYAVALASA,0,0,0,0
514,02 - F -  06 - 12,VZM_NAG_VEG_THERLAM,UTTARAVILLI,0,0,0,0
515,02 - F -  06 - 12,VZM_NAG_VEG_THERLAM,RAVIVALASA(NEAR MUDIDAM,0,0,0,0
516,02 - F -  06 - 12,VZM_NAG_VEG_THERLAM,POTTEDUVALASA,0,0,0,0
517,02 - F -  06 - 12,VZM_NAG_VEG_THERLAM,RACHAGUMADAM,0,0,0,0
518,02 - F -  06 - 12,VZM_NAG_VEG_THERLAM,BHEEMAVARAM,0,0,0,0
519,02 - F -  06 - 12,VZM_NAG_VEG_THERLAM,GOLLALAVALASA,0,0,0,0
520,02 - F -  06 - 12,VZM_NAG_VEG_THERLAM,SIRIDEVIPURAM,0,0,0,0
521,02 - F -  06 - 12,VZM_NAG_VEG_THERLAM,ROMPALLE,0,0,0,0
522,02 - F -  06 - 12,VZM_NAG_VEG_THERLAM,RAMABHADRAPURAM,0,0,0,0
523,02 - F -  06 - 12,VZM_NAG_VEG_THERLAM,TARAPURAM,0,0,0,0
524,02 - F -  06 - 12,VZM_NAG_VEG_THERLAM,JANNIVALASA,0,0,0,0
525,02 - F -  06 - 12,VZM_NAG_VEG_THERLAM,SMARTHULACHINTHALAVALAS,0,0,0,0
526,02 - F -  06 - 12,VZM_NAG_VEG_THERLAM,SOMPURAM,0,0,0,0
527,02 - F -  06 - 12,VZM_NAG_VEG_THERLAM,ITLAMAMIDIPALLE,0,0,0,0
528,02 - F -  06 - 12,VZM_NAG_VEG_THERLAM,NANDABALAGA,0,0,0,0
529,02 - F -  06 - 12,VZM_NAG_VEG_THERLAM,KUSUMURU,0,0,0,0
530,02 - F -  06 - 12,VZM_NAG_VEG_THERLAM,RAMANNA AGRAHARAM,0,0,0,0
531,02 - F -  06 - 12,VZM_NAG_VEG_THERLAM,NANDIGAM,0,0,0,0
532,02 - F -  06 - 12,VZM_NAG_VEG_THERLAM,ANTLAVARA,0,0,0,0
533,02 - F -  06 - 12,VZM_NAG_VEG_THERLAM,KORATAM,0,0,0,0
534,02 - F -  06 - 12,VZM_NAG_VEG_THERLAM,KOLLIVALASA,0,0,0,0
535,02 - F -  06 - 12,VZM_NAG_VEG_THERLAM,VIZIARAMPURAM(N)KORATAM,0,0,0,0
536,02 - F -  06 - 12,VZM_NAG_VEG_THERLAM,SEETHARAMPURAM(N)KORATA,0,0,0,0
537,02 - F -  06 - 12,VZM_NAG_VEG_THERLAM,APPALAMMAPETA,0,0,0,0
538,02 - F -  06 - 12,VZM_NAG_VEG_THERLAM,GOLUGUVALASA,0,0,0,0
539,02 - F -  06 - 12,VZM_NAG_VEG_THERLAM,SATHIVADA,0,0,0,0
540,02 - F -  06 - 12,VZM_NAG_VEG_THERLAM,BURJAVALASA (NEAR AMITY,0,0,0,0
541,02 - F -  06 - 12,VZM_NAG_VEG_THERLAM,VIZIARAMPURAM @BURIPETA,0,0,0,0
542,02 - F -  06 - 12,VZM_NAG_VEG_THERLAM,SUNDARADA,0,0,0,0
543,02 - F -  06 - 12,VZM_NAG_VEG_THERLAM,UDDAVOLU,0,0,0,0
544,02 - F -  06 - 12,VZM_NAG_VEG_THERLAM,RAVIMANU GADABAVALASA,0,0,0,0
545,02 - F -  06 - 12,VZM_NAG_VEG_THERLAM,NEMALAM,0,0,0,0
546,02 - F -  06 - 12,VZM_NAG_VEG_THERLAM,KAVIRAYANIVALASA,0,0,0,0
547,02 - F -  06 - 12,VZM_NAG_VEG_THERLAM,SEATHARAMPURAM(N)AMITY,0,0,0,0
548,02 - F -  06 - 12,VZM_NAG_VEG_THERLAM,RAMACHENDRAPURAM(AMITY),0,0,0,0
549,02 - F -  06 - 12,VZM_NAG_VEG_THERLAM,AMITY,0,0,0,0
550,02 - F -  06 - 12,VZM_NAG_VEG_THERLAM,LINGAPURAM,0,0,0,0
551,02 - F -  06 - 12,VZM_NAG_VEG_THERLAM,THERLAM,0,0,0,0
552,02 - F -  06 - 12,VZM_NAG_VEG_THERLAM,RAJAYYAPETA,0,0,0,0
553,02 - F -  06 - 12,VZM_NAG_VEG_THERLAM,GANGANNAPADU,0,0,0,0
554,02 - F -  06 - 12,VZM_NAG_VEG_THERLAM,JANNIVALASA,0,0,0,0
555,02 - F -  06 - 12,VZM_NAG_VEG_THERLAM,KUNAYAVALASA,0,0,0,0
556,02 - F -  06 - 12,VZM_NAG_VEG_THERLAM,VENKAMPETA(KUMMARIPETA),0,0,0,0
557,02 - F -  06 - 12,VZM_NAG_VEG_THERLAM,MADHAVARANGARAYAPURA AG,0,0,0,0
558,02 - F -  06 - 12,VZM_NAG_VEG_THERLAM,RANGAPPAVALSA,0,0,0,0
559,02 - F -  06 - 12,VZM_NAG_VEG_THERLAM,R.C.PURAM(NEAR V.VALASA,0,0,0,0
560,02 - F -  06 - 12,VZM_NAG_VEG_THERLAM,VELAGAVALASA,0,0,0,0
561,02 - F -  06 - 12,VZM_NAG_VEG_THERLAM,LOCHERLA,0,0,0,0
562,02 - F -  06 - 12,VZM_NAG_VEG_THERLAM,SOMIDAVALASA,0,0,0,0
563,02 - F -  06 - 12,VZM_NAG_VEG_THERLAM,CHINNAYYAPETA,0,0,0,0
564,02 - F -  06 - 12,VZM_NAG_VEG_THERLAM,VENKATAPURAM,0,0,0,0
565,02 - F -  06 - 12,VZM_NAG_VEG_THERLAM,CHUKKAVALASA,0,0,0,0
566,02 - F -  06 - 12,VZM_NAG_VEG_THERLAM,KAGAM,0,0,0,0
567,02 - F -  06 - 12,VZM_NAG_VEG_THERLAM,ARASABALAGA,0,0,0,0
568,02 - F -  06 - 12,VZM_NAG_VEG_THERLAM,RAMACHANDRAPURAM@PERUMA,0,0,0,0
569,02 - F -  06 - 12,VZM_NAG_VEG_THERLAM,TEKKALIVALASA,0,0,0,0
570,02 - F -  06 - 12,VZM_NAG_VEG_THERLAM,PANUKUVALASA,0,0,0,0
571,02 - F -  06 - 12,VZM_NAG_VEG_THERLAM,PULLERUVALASA,0,0,0,0
572,02 - F -  06 - 12,VZM_NAG_VEG_THERLAM,DOMMIGANI GADABAVALASA,0,0,0,0
573,02 - F -  06 - 12,VZM_NAG_VEG_THERLAM,PERUMALI,0,0,0,0
574,02 - F -  06 - 12,VZM_NAG_VEG_THERLAM,JADAVARI KOTHAVALASA,0,0,0,0
575,02 - F -  06 - 12,VZM_NAG_VEG_THERLAM,PUNUVALASA,0,0,0,0
576,02 - F -  06 - 12,VZM_NAG_VEG_THERLAM,CHINAPALAVALASA,0,0,0,0
577,02 - F -  06 - 12,VZM_NAG_VEG_THERLAM,PEDAPALAVALASA,0,0,0,0
578,02 - F -  06 - 09,VZM_NAG_VEG_VOTTIGEDDA,PANCHALI,0,0,,0
579,02 - F -  06 - 09,VZM_NAG_VEG_VOTTIGEDDA,MOSURU,0,0,,0
580,02 - F -  06 - 09,VZM_NAG_VEG_VOTTIGEDDA,GURUVINAIDUPETA,0,0,,0
581,02 - F -  06 - 09,VZM_NAG_VEG_VOTTIGEDDA,MATHUMURU,0,0,,0
582,02 - F -  06 - 09,VZM_NAG_VEG_VOTTIGEDDA,MULAKKAYAVALASA,0,0,,0
583,02 - F -  06 - 09,VZM_NAG_VEG_VOTTIGEDDA,BORRAMAMIDI,0,0,,0
584,02 - F -  06 - 09,VZM_NAG_VEG_VOTTIGEDDA,GOTTURU,0,0,,0
585,02 - F -  06 - 09,VZM_NAG_VEG_VOTTIGEDDA,VETAGANIVALASA,0,0,,0
586,02 - F -  06 - 09,VZM_NAG_VEG_VOTTIGEDDA,KUDUMURU,0,0,,0
587,02 - F -  06 - 09,VZM_NAG_VEG_VOTTIGEDDA,KONDATADURU,0,0,,0
588,02 - F -  06 - 09,VZM_NAG_VEG_VOTTIGEDDA,TADURU,0,0,,0
589,02 - F -  06 - 09,VZM_NAG_VEG_VOTTIGEDDA,SARAIVALASA,0,0,,0
590,02 - F -  06 - 09,VZM_NAG_VEG_VOTTIGEDDA,NANDA,0,0,,0
591,02 - F -  06 - 09,VZM_NAG_VEG_VOTTIGEDDA,KATARIKOTA,0,0,,0
592,02 - F -  06 - 09,VZM_NAG_VEG_VOTTIGEDDA,PUDI,0,0,,0
593,02 - F -  06 - 09,VZM_NAG_VEG_VOTTIGEDDA,KONDAMOSURU,0,0,,0
594,02 - F -  06 - 09,VZM_NAG_VEG_VOTTIGEDDA,PEDAKANCHURU,0,0,,0
595,02 - F -  06 - 09,VZM_NAG_VEG_VOTTIGEDDA,KERANGI,0,0,,0
596,02 - F -  06 - 09,VZM_NAG_VEG_VOTTIGEDDA,TUMARAVILLI,0,0,,0
597,02 - F -  06 - 09,VZM_NAG_VEG_VOTTIGEDDA,MELIAKANCHERU,0,0,,0
598,02 - F -  06 - 09,VZM_NAG_VEG_VOTTIGEDDA,KONDALUDDANDI,0,0,,0
599,02 - F -  06 - 09,VZM_NAG_VEG_VOTTIGEDDA,SATHABI,0,0,,0
600,02 - F -  06 - 09,VZM_NAG_VEG_VOTTIGEDDA,CHITTELABA,0,0,,0
601,02 - F -  06 - 09,VZM_NAG_VEG_VOTTIGEDDA,TANGALAM,0,0,,0
602,02 - F -  06 - 09,VZM_NAG_VEG_VOTTIGEDDA,CHITTIPURAM,0,0,,0
603,02 - F -  06 - 09,VZM_NAG_VEG_VOTTIGEDDA,KOTTAKKI,0,0,,0
604,02 - F -  06 - 09,VZM_NAG_VEG_VOTTIGEDDA,DUGDASAGARAM,0,0,,0
605,02 - F - 06  - 03,VZM_NAG_VOTTIGEDDA,GADABAVALASA G.R.PURAM,0,0,,0
606,02 - F - 06  - 03,VZM_NAG_VOTTIGEDDA,LAKHANAPURAM,0,0,,0
607,02 - F - 06  - 03,VZM_NAG_VOTTIGEDDA,CHINAMERANGI,0,0,,0
608,02 - F - 06  - 03,VZM_NAG_VOTTIGEDDA,MOKASUALLUWADA,0,0,,0
609,02 - F - 06  - 03,VZM_NAG_VOTTIGEDDA,TUMBALI,0,0,,0
610,02 - F - 06  - 03,VZM_NAG_VOTTIGEDDA,ALAMANDA,0,0,,0
611,02 - F - 06  - 03,VZM_NAG_VOTTIGEDDA,SIKHABADI,0,0,,0
612,02 - F - 06  - 03,VZM_NAG_VOTTIGEDDA,BOMMIKA JAGANNADHAPURAM,0,0,,0
613,02 - F - 06  - 03,VZM_NAG_VOTTIGEDDA,JOGULADUMMA,0,0,,0
614,02 - F - 06  - 03,VZM_NAG_VOTTIGEDDA,LAKSHMIPURAM(NEAR P.PAD,0,0,,0
615,02 - F - 06  - 03,VZM_NAG_VOTTIGEDDA,RAJAYYAPETA,0,0,,0
616,02 - F - 06  - 03,VZM_NAG_VOTTIGEDDA,SURAPUDORAVALASA,0,0,,0
617,02 - F - 06  - 03,VZM_NAG_VOTTIGEDDA,APPANNADORAVALASA,0,0,,0
618,02 - F - 06  - 03,VZM_NAG_VOTTIGEDDA,GANGAMMAVALASA,0,0,,0
619,02 - F - 06  - 03,VZM_NAG_VOTTIGEDDA,CHINTALABELAGAM,0,0,,0
620,02 - F - 06  - 03,VZM_NAG_VOTTIGEDDA,SINGANAPURAM,0,0,,0
621,02 - F - 06  - 03,VZM_NAG_VOTTIGEDDA,TUMMALAVALASA,0,0,,0
622,02 - F - 06  - 03,VZM_NAG_VOTTIGEDDA,PARAJAPADU,0,0,,0
623,02 - F - 06  - 03,VZM_NAG_VOTTIGEDDA,PIPPALABADRA,0,0,,0
624,02 - F - 06  - 03,VZM_NAG_VOTTIGEDDA,GEDDATIRUVADA,0,0,,0
625,02 - F - 06  - 03,VZM_NAG_VOTTIGEDDA,BOMMIKA,0,0,,0
626,02 - F - 06  - 03,VZM_NAG_VOTTIGEDDA,JIYYAMMAVALASA,0,0,,0
627,02 - F - 06  - 03,VZM_NAG_VOTTIGEDDA,ARNADA,0,0,,0
628,02 - F - 06  - 03,VZM_NAG_VOTTIGEDDA,ANKAVARAM,0,0,,0
629,02 - F - 06  - 03,VZM_NAG_VOTTIGEDDA,KUNDARATIRUVADA,0,0,,0
630,02 - F - 06  - 03,VZM_NAG_VOTTIGEDDA,KUDAMA,0,0,,0
631,02 - F - 06  - 03,VZM_NAG_VOTTIGEDDA,GOWRIPURAM,0,0,,0
632,02 - F - 06  - 03,VZM_NAG_VOTTIGEDDA,GADABAVALASA,0,0,,0
633,02 - F - 06  - 03,VZM_NAG_VOTTIGEDDA,TURAKANAIDUVALASA,0,0,,0
634,02 - F - 06  - 03,VZM_NAG_VOTTIGEDDA,ITIKA,0,0,,0
635,02 - F - 06  - 03,VZM_NAG_VOTTIGEDDA,PEDABUDDIDI,0,0,,0
636,02 - F - 06  - 03,VZM_NAG_VOTTIGEDDA,CHINABUDDIDI,0,0,,0
637,02 - F - 06  - 03,VZM_NAG_VOTTIGEDDA,PANASABHADRA,0,0,,0
638,02 - F - 06  - 03,VZM_NAG_VOTTIGEDDA,LAPPITI,0,0,,0
639,02 - F - 06  - 03,VZM_NAG_VOTTIGEDDA,MULAJAMMU,0,0,,0
640,02 - F - 06  - 03,VZM_NAG_VOTTIGEDDA,ALAVADDA,0,0,,0
641,02 - F - 06  - 03,VZM_NAG_VOTTIGEDDA,VAPPANGI,0,0,,0
642,02 - F - 06  - 03,VZM_NAG_VOTTIGEDDA,GUMMALAKSHMIPURAM,0,0,,0
643,02 - F - 06  - 03,VZM_NAG_VOTTIGEDDA,PUTHIKAVALASA,0,0,,0
644,02 - F - 06  - 03,VZM_NAG_VOTTIGEDDA,P.AMITI,0,0,,0
645,02 - F - 06  - 03,VZM_NAG_VOTTIGEDDA,KUDDAPALAVALASA,0,0,,0
646,02 - F - 06  - 03,VZM_NAG_VOTTIGEDDA,SADUNUGUDA,0,0,,0
647,02 - F - 06  - 03,VZM_NAG_VOTTIGEDDA,YEGUVAMANDA,0,0,,0
648,02 - F - 06  - 03,VZM_NAG_VOTTIGEDDA,MANDA @ DIGUVA MANDA,0,0,,0
649,02 - F - 06  - 03,VZM_NAG_VOTTIGEDDA,LOVAGANGARAJAPURAM,0,0,,0
650,02 - F - 06  - 03,VZM_NAG_VOTTIGEDDA,RAVADA,0,0,,0
651,02 - F - 06  - 03,VZM_NAG_VOTTIGEDDA,MARUWADA,0,0,,0
652,02 - F - 06  - 03,VZM_NAG_VOTTIGEDDA,KONDANIDAGALLU,0,0,,0
653,02 - F - 06  - 03,VZM_NAG_VOTTIGEDDA,KIDIGESU,0,0,,0
654,02 - F - 06  - 03,VZM_NAG_VOTTIGEDDA,BALLERU,0,0,,0
655,02 - F - 06  - 03,VZM_NAG_VOTTIGEDDA,KONDACHILAKAM,0,0,,0
656,02 - F - 06  - 03,VZM_NAG_VOTTIGEDDA,CHINADODIJA,0,0,,0
657,02 - F - 06  - 03,VZM_NAG_VOTTIGEDDA,DAKSHINI,0,0,,0
658,02 - F - 06  - 03,VZM_NAG_VOTTIGEDDA,KUTAMPANDRASINGI,0,0,,0
659,02 - F - 06  - 03,VZM_NAG_VOTTIGEDDA,PEDADODIJA,0,0,,0
660,02 - F - 06  - 03,VZM_NAG_VOTTIGEDDA,TAMARIKANDIJAMMU,0,0,,0
661,02 - F - 06  - 03,VZM_NAG_VOTTIGEDDA,GORLI,0,0,,0
662,02 - F - 06  - 03,VZM_NAG_VOTTIGEDDA,PEDATOLUMANDA,0,0,,0
663,02 - F - 06  - 03,VZM_NAG_VOTTIGEDDA,DANGABADRA (NEAR ARNADA,0,0,,0
664,02 - F - 06  - 03,VZM_NAG_VOTTIGEDDA,GADISINGUPURAM,0,0,,0
665,02 - F - 06  - 03,VZM_NAG_VOTTIGEDDA,CHINARAYUDIPETA@D.GUDA,0,0,,0
666,02 - F - 06  - 03,VZM_NAG_VOTTIGEDDA,YEGULAWADA,0,0,,0
667,02 - F - 06  - 03,VZM_NAG_VOTTIGEDDA,KONAGUDA,0,0,,0
668,02 - F - 06  - 03,VZM_NAG_VOTTIGEDDA,GUMMA,0,0,,0
669,02 - F - 06  - 03,VZM_NAG_VOTTIGEDDA,GUJJUVAI,0,0,,0
670,02 - F - 06  - 03,VZM_NAG_VOTTIGEDDA,KONDABARIDI,0,0,,0
671,02 - F - 06  - 03,VZM_NAG_VOTTIGEDDA,RAJJALI,0,0,,0
672,02 - F - 06  - 03,VZM_NAG_VOTTIGEDDA,MARIPALLE  (NEAR RAJJAL,0,0,,0
673,02 - F - 06  - 03,VZM_NAG_VOTTIGEDDA,RASTAKUNTUBAI,0,0,,0
674,02 - F - 06  - 03,VZM_NAG_VOTTIGEDDA,CHANDANAKOTA,0,0,,0
675,02 - F - 06  - 03,VZM_NAG_VOTTIGEDDA,CHINAVANIJA,0,0,,0
676,02 - F - 06  - 03,VZM_NAG_VOTTIGEDDA,PEDAVANIJA,0,0,,0
677,02 - F - 06  - 03,VZM_NAG_VOTTIGEDDA,BOTHILI,0,0,,0
678,02 - F - 06  - 03,VZM_NAG_VOTTIGEDDA,MARIPALLE(NEAR M.KALLU),0,0,,0
679,02 - F - 06  - 03,VZM_NAG_VOTTIGEDDA,ICHAPURAM,0,0,,0
680,02 - F - 06  - 03,VZM_NAG_VOTTIGEDDA,DONGALABARAMANI,0,0,,0
681,02 - F - 06  - 03,VZM_NAG_VOTTIGEDDA,DOMMIDI,0,0,,0
682,02 - F - 06  - 03,VZM_NAG_VOTTIGEDDA,YEGUVABALLERU,0,0,,0
683,02 - F - 06  - 03,VZM_NAG_VOTTIGEDDA,VALASABALLERU,0,0,,0
684,02 - F - 06  - 03,VZM_NAG_VOTTIGEDDA,LANKAJODU,0,0,,0
685,02 - F - 06  - 03,VZM_NAG_VOTTIGEDDA,PEDAGOTTILI,0,0,,0
686,02 - F - 06  - 03,VZM_NAG_VOTTIGEDDA,PEDABARAMANI @ GUNDUBAR,0,0,,0
687,02 - F - 06  - 03,VZM_NAG_VOTTIGEDDA,KAIRADA,0,0,,0
688,02 - F - 06  - 03,VZM_NAG_VOTTIGEDDA,POTIVADA,0,0,,0
689,02 - F - 06  - 03,VZM_NAG_VOTTIGEDDA,NAGARA,0,0,,0
690,02 - F - 06  - 03,VZM_NAG_VOTTIGEDDA,TATCHIDI,0,0,,0
691,02 - F - 06  - 03,VZM_NAG_VOTTIGEDDA,BARTHANGI,0,0,,0
692,02 - F - 06  - 03,VZM_NAG_VOTTIGEDDA,SANTHOSHAPURAM,0,0,,0
693,02 - F - 06  - 03,VZM_NAG_VOTTIGEDDA,LANDAGORLI,0,0,,0
694,02 - F - 06  - 03,VZM_NAG_VOTTIGEDDA,THENNUKHARJA,0,0,,0
695,02 - F - 06  - 03,VZM_NAG_VOTTIGEDDA,KIRISINGI @ PELLIVALASA,0,0,,0
696,02 - F - 06  - 03,VZM_NAG_VOTTIGEDDA,DIMITIGUDA,0,0,,0
697,02 - F - 06  - 03,VZM_NAG_VOTTIGEDDA,RANGUPURAM,0,0,,0
698,02 - F - 06  - 03,VZM_NAG_VOTTIGEDDA,BHALLUKOTA,0,0,,0
699,02 - F - 06  - 03,VZM_NAG_VOTTIGEDDA,GOTIVADA,0,0,,0
700,02 - F - 06  - 03,VZM_NAG_VOTTIGEDDA,BORE,0,0,,0
701,02 - F - 06  - 03,VZM_NAG_VOTTIGEDDA,MEGADA,0,0,,0
702,02 - F - 06  - 03,VZM_NAG_VOTTIGEDDA,VOPPANGI,0,0,,0
703,02 - F - 06  - 03,VZM_NAG_VOTTIGEDDA,PODI,0,0,,0
704,02 - F - 06  - 03,VZM_NAG_VOTTIGEDDA,SOBBA,0,0,,0
705,02 - F - 06  - 03,VZM_NAG_VOTTIGEDDA,NAGARAKUNTUBAI,0,0,,0
706,02 - F - 06  - 03,VZM_NAG_VOTTIGEDDA,GOTIKUPPA,0,0,,0
707,02 - F - 06  - 03,VZM_NAG_VOTTIGEDDA,ARIKAKORIDI,0,0,,0
708,02 - F - 06  - 03,VZM_NAG_VOTTIGEDDA,CHAPPAGOTTILI,0,0,,0
709,02 - F - 06  - 03,VZM_NAG_VOTTIGEDDA,KOLISA,0,0,,0
710,02 - F - 06  - 03,VZM_NAG_VOTTIGEDDA,CHINTHALAKORIDI,0,0,,0
711,02 - F - 06  - 03,VZM_NAG_VOTTIGEDDA,PODISA,0,0,,0
712,02 - F - 06  - 03,VZM_NAG_VOTTIGEDDA,VOOSAKONDA,0,0,,0
713,02 - F - 06  - 03,VZM_NAG_VOTTIGEDDA,NEELAKANTAPURAM,0,0,,0
714,02 - F - 06  - 03,VZM_NAG_VOTTIGEDDA,DHARMALAXMIPURAM,0,0,,0
715,02 - F - 06  - 03,VZM_NAG_VOTTIGEDDA,JUMBIRI,0,0,,0
716,02 - F - 06  - 03,VZM_NAG_VOTTIGEDDA,JARADA,0,0,,0
717,02 - F - 06  - 03,VZM_NAG_VOTTIGEDDA,PULIPUTTI,0,0,,0
718,02 - F - 06  - 03,VZM_NAG_VOTTIGEDDA,ABIRI,0,0,,0
719,02 - F - 06  - 03,VZM_NAG_VOTTIGEDDA,TULASI,0,0,,0
720,02 - F - 06  - 03,VZM_NAG_VOTTIGEDDA,SEEDIGUDA,0,0,,0
721,02 - F - 06  - 03,VZM_NAG_VOTTIGEDDA,TITTIRI,0,0,,0
722,02 - F - 06  - 03,VZM_NAG_VOTTIGEDDA,GUMMIDIGUDA,0,0,,0
723,02 - F - 06  - 03,VZM_NAG_VOTTIGEDDA,BHEEMPURAM,0,0,,0
724,02 - F - 06  - 03,VZM_NAG_VOTTIGEDDA,GADALI,0,0,,0
725,02 - F - 06  - 03,VZM_NAG_VOTTIGEDDA,LIKKIDI,0,0,,0
726,02 - F - 06  - 03,VZM_NAG_VOTTIGEDDA,KAKILI(NEAR N.K.PURAM),0,0,,0
727,02 - F - 06  - 03,VZM_NAG_VOTTIGEDDA,VOBBANGI,0,0,,0
728,02 - F - 06  - 03,VZM_NAG_VOTTIGEDDA,TIYYALI,0,0,,0
729,02 - F - 06  - 03,VZM_NAG_VOTTIGEDDA,SAKI,0,0,,0
730,02 - F - 09 - 02,VZM_CMP_Eduvampulagedda,UDDANGI,0,0,0,0
731,02 - F - 09 - 02,VZM_CMP_Eduvampulagedda,PEDAMEDAPALLE,0,0,0,0
732,02 - F - 09 - 02,VZM_CMP_Eduvampulagedda,PORAM,0,0,0,0
733,02 - F - 09 - 02,VZM_CMP_Eduvampulagedda,JAYATHI,0,0,0,0
734,02 - F - 09 - 02,VZM_CMP_Eduvampulagedda,IPPALAVALASA,0,0,0,0
735,02 - F - 09 - 02,VZM_CMP_Eduvampulagedda,MENTADA,0,0,0,0
736,02 - F - 09 - 02,VZM_CMP_Eduvampulagedda,CHINTALAVALASA,0,0,0,0
737,02 - F - 09 - 02,VZM_CMP_Eduvampulagedda,TIMITERU,0,0,0,0
738,02 - F - 09 - 02,VZM_CMP_Eduvampulagedda,MULAKALA GUMADAM,0,0,0,0
739,02 - F - 09 - 02,VZM_CMP_Eduvampulagedda,T.K.SEETHARAMAPURAM,0,0,0,0
740,02 - F - 09 - 02,VZM_CMP_Eduvampulagedda,SRIRANGA RAJAPURAM,0,0,0,0
741,02 - F - 09 - 02,VZM_CMP_Eduvampulagedda,DOLA PALEM,0,0,0,0
742,02 - F - 09 - 02,VZM_CMP_Eduvampulagedda,KALAMRAJUPETA,0,0,0,0
743,02 - F - 09 - 02,VZM_CMP_Eduvampulagedda,INGILAPALLE,0,0,0,0
744,02 - F - 09 - 02,VZM_CMP_Eduvampulagedda,LAKSHMIPURAM,0,0,0,0
745,02 - F - 09 - 02,VZM_CMP_Eduvampulagedda,VIZIARAMAPURAM(D.PETA),0,0,0,0
746,02 - F - 09 - 02,VZM_CMP_Eduvampulagedda,PEDAMANAPURAM,0,0,0,0
747,02 - F - 09 - 02,VZM_CMP_Eduvampulagedda,BANGARAMMAPETA,0,0,0,0
748,02 - F - 09 - 02,VZM_CMP_Eduvampulagedda,GUDIVADA,0,0,0,0
749,02 - F - 09 - 02,VZM_CMP_Eduvampulagedda,THIMURUVALASA,0,0,0,0
750,02 - F - 09 - 02,VZM_CMP_Eduvampulagedda,KUNERU,0,0,0,0
751,02 - F - 09 - 02,VZM_CMP_Eduvampulagedda,PORAMLOVA,0,0,0,0
752,02 - F - 09 - 02,VZM_CMP_Eduvampulagedda,PULIGUMMI,0,0,0,0
753,02 - F - 09 - 02,VZM_CMP_Eduvampulagedda,BUTCHIRAJUPETA,0,0,0,0
754,02 - F - 09 - 02,VZM_CMP_Eduvampulagedda,SEELAVALASA,0,0,0,0
755,02 - F - 09 - 02,VZM_CMP_Eduvampulagedda,KONDA LINGALA VALASA,0,0,0,0
756,02 - F - 09 - 02,VZM_CMP_Eduvampulagedda,GAJAMGUDDIVALASA,0,0,0,0
757,02 - F - 09 - 02,VZM_CMP_Eduvampulagedda,MIRTHIVALASA,0,0,0,0
758,02 - F - 09 - 02,VZM_CMP_Eduvampulagedda,JAKKUVA,0,0,0,0
759,02 - F - 09 - 02,VZM_CMP_Eduvampulagedda,GURRAMMA VALASA,0,0,0,0
760,02 - F - 09 - 02,VZM_CMP_Eduvampulagedda,PEDACHAMALAPALLE,0,0,0,0
761,02 - F - 09 - 02,VZM_CMP_Eduvampulagedda,BADEVALASA,0,0,0,0
762,02 - F - 09 - 02,VZM_CMP_Eduvampulagedda,RABANDA,0,0,0,0
763,02 - F - 09 - 02,VZM_CMP_Eduvampulagedda,MEESALAPETA,0,0,0,0
764,02 - F - 09 - 02,VZM_CMP_Eduvampulagedda,KOMPANGI,0,0,0,0
765,02 - F - 09 - 02,VZM_CMP_Eduvampulagedda,IDDANAVALASA,0,0,0,0
766,02 - F - 09 - 02,VZM_CMP_Eduvampulagedda,CHALLAPETA,0,0,0,0
767,02 - F - 09 - 02,VZM_CMP_Eduvampulagedda,KHAILAM,0,0,0,0
768,02 - F - 09 - 02,VZM_CMP_Eduvampulagedda,AMARAYAVALASA,0,0,0,0
769,02 - F - 09 - 02,VZM_CMP_Eduvampulagedda,VINDHYAVASI,0,0,0,0
770,02 - F - 09 - 02,VZM_CMP_Eduvampulagedda,KOMATIPALLE,0,0,0,0
771,02 - F - 09 - 02,VZM_CMP_Eduvampulagedda,TADENDORAVALASA,0,0,0,0
772,02 - F - 09 - 02,VZM_CMP_Eduvampulagedda,MULACHELAGAM,0,0,0,0
773,02 - F - 09 - 02,VZM_CMP_Eduvampulagedda,PEDACHELAGAM,0,0,0,0
774,02 - F - 09 - 02,VZM_CMP_Eduvampulagedda,RAVIVALASA,0,0,0,0
775,02 - F - 09 - 02,VZM_CMP_Eduvampulagedda,LOLLARAPADU,0,0,0,0
776,02 - F - 09 - 02,VZM_CMP_Eduvampulagedda,ENUBARUVU,0,0,0,0
777,02 - F - 09 - 02,VZM_CMP_Eduvampulagedda,CHINTALAVALASA,0,0,0,0
778,02 - F - 09 - 02,VZM_CMP_Eduvampulagedda,CHANDAPURAM,0,0,0,0
779,02 - F - 09 - 02,VZM_CMP_Eduvampulagedda,KONDAKENGEUVA,0,0,0,0
780,02 - F - 09 - 02,VZM_CMP_Eduvampulagedda,PATAREGA,0,0,0,0
781,02 - F - 09 - 02,VZM_CMP_Eduvampulagedda,DONKINIVALASA,0,0,0,0
782,02 - F - 09 - 02,VZM_CMP_Eduvampulagedda,LAKSHMIPURAM,0,0,0,0
783,02 - F - 09 - 02,VZM_CMP_Eduvampulagedda,GAJARAYUNIVALASA,0,0,0,0
784,02 - F - 09 - 02,VZM_CMP_Eduvampulagedda,TENTUVALASA,0,0,0,0
785,02 - F - 09 - 02,VZM_CMP_Eduvampulagedda,PEDAPALLI,0,0,0,0
786,02 - F - 09 - 02,VZM_CMP_Eduvampulagedda,PINDRANGIVALASA,0,0,0,0
787,02 - F - 09 - 02,VZM_CMP_Eduvampulagedda,VEERASAGARAM,0,0,0,0
788,02 - F - 09 - 02,VZM_CMP_Eduvampulagedda,KRISHNAPURAM,0,0,0,0
789,02 - F - 09 - 02,VZM_CMP_Eduvampulagedda,KODURU,0,0,0,0
790,02 - F - 09 - 02,VZM_CMP_Eduvampulagedda,RAMACHANDRAPURAM,0,0,0,0
791,02 - F - 09 - 02,VZM_CMP_Eduvampulagedda,CHOWDANTIVALASA,0,0,0,0
792,02 - F - 09 - 02,VZM_CMP_Eduvampulagedda,KORAPUKRISHNAPURAM,0,0,0,0
793,02 - F - 09 - 02,VZM_CMP_Eduvampulagedda,PAPPALA LINGALAVALASA,0,0,0,0
794,02 - F - 09 - 02,VZM_CMP_Eduvampulagedda,SHIKARUGANJI,0,0,0,0
795,02 - F - 09 - 02,VZM_CMP_Eduvampulagedda,LINGARAJAPURAM,0,0,0,0
796,02 - F - 09 - 02,VZM_CMP_Eduvampulagedda,NEELAKANTA RAJAPURAM,0,0,0,0
797,02 - F - 09 - 02,VZM_CMP_Eduvampulagedda,KORAPA,0,0,0,0
798,02 - F - 09 - 02,VZM_CMP_Eduvampulagedda,S. BURJAVALASA,0,0,0,0
799,02 - F - 09 - 02,VZM_CMP_Eduvampulagedda,KORAPA KOTHAVALASA,0,0,0,0
800,02 - F - 09 - 02,VZM_CMP_Eduvampulagedda,CHERAKUPALLE,0,0,0,0
801,02 - F - 09 - 02,VZM_CMP_Eduvampulagedda,S.CHINTALAVALASA,0,0,0,0
802,02 - F - 09 - 02,VZM_CMP_Eduvampulagedda,PACHALAVALASA,0,0,0,0
803,02 - F - 09 - 02,VZM_CMP_Eduvampulagedda,MARRIVALASA,0,0,0,0
804,02 - F - 09 - 02,VZM_CMP_Eduvampulagedda,MARADAM,0,0,0,0
805,02 - F - 09 - 02,VZM_CMP_Eduvampulagedda,BHOJARAJAPURAM,0,0,0,0
806,02 - F - 09 - 02,VZM_CMP_Eduvampulagedda,GUTCHIMI,0,0,0,0
807,02 - F - 09 - 02,VZM_CMP_Eduvampulagedda,V. KRISHNAPURAM,0,0,0,0
808,02 - F - 09 - 02,VZM_CMP_Eduvampulagedda,MAMIDIVALASA,0,0,0,0
809,02 - F - 09 - 02,VZM_CMP_Eduvampulagedda,BUSAYAVALASA,0,0,0,0
810,02 - F - 09 - 02,VZM_CMP_Eduvampulagedda,G.PALAVALASA@T.V.P.VALA,0,0,0,0
811,02 - F - 09 - 02,VZM_CMP_Eduvampulagedda,KONDAPALAVALASA,0,0,0,0
812,02 - F - 09 - 02,VZM_CMP_Eduvampulagedda,NAIDUVALASA,0,1,0,1
813,02 - F - 09 - 02,VZM_CMP_Eduvampulagedda,MARRIVALASA,0,0,0,0
814,02 - F - 09 - 02,VZM_CMP_Eduvampulagedda,MUTCHERLAVALASA,0,0,0,0
815,02 - F - 09 - 02,VZM_CMP_Eduvampulagedda,KOTASIRLAM,0,0,0,0
816,02 - F - 09 - 02,VZM_CMP_Eduvampulagedda,DUPPALAPUDI,0,0,0,0
817,02 - F - 09 - 02,VZM_CMP_Eduvampulagedda,NARASAPURAM,0,0,0,0
818,02 - F - 09 - 02,VZM_CMP_Eduvampulagedda,ARIKATOTA,0,0,0,0
819,02 - F - 09 - 02,VZM_CMP_Eduvampulagedda,ROMPALLIVALASA,0,0,0,0
820,02 - F - 09 - 02,VZM_CMP_Eduvampulagedda,DATTI,0,0,0,0
821,02 - F - 09 - 02,VZM_CMP_Eduvampulagedda,DATTI VENKATAPURAM,0,0,0,0
822,02 - F - 09 - 02,VZM_CMP_Eduvampulagedda,TIMITERU BURJAVALASA,0,0,0,0
823,02 - F - 09 - 02,VZM_CMP_Eduvampulagedda,BHUPALARAJAPURAM,0,0,0,0
824,02 - F - 09 - 02,VZM_CMP_Eduvampulagedda,DATTI RAJERU,0,0,0,0
825,02 - F - 09 - 02,VZM_CMP_Eduvampulagedda,CHINACHAMALAPALLE,0,0,0,0
826,02 - F - 09 - 02,VZM_CMP_Eduvampulagedda,GADABAVALASA,0,0,0,0
827,02 - F - 09 - 02,VZM_CMP_Eduvampulagedda,VANGARA,0,0,0,0
828,02 - F - 09 - 02,VZM_CMP_Eduvampulagedda,GOBHYAM,0,0,0,0
829,02 - F - 09 - 02,VZM_CMP_Eduvampulagedda,BALABHADRA RAJAPURAM,0,0,0,0
830,02 - F - 09 - 02,VZM_CMP_Eduvampulagedda,VENKATA KRISHNARAJAPURA,0,0,0,0
831,02 - F - 09 - 02,VZM_CMP_Eduvampulagedda,PORALI,0,0,0,0
832,02 - F - 09 - 02,VZM_CMP_Eduvampulagedda,SARAYYAVALSA,0,0,0,0
833,02 - F - 09 - 02,VZM_CMP_Eduvampulagedda,GADASAM,0,0,0,0
834,02 - F - 09 - 02,VZM_CMP_Eduvampulagedda,DASUPETA,0,0,0,0
835,02 - F - 09 - 02,VZM_CMP_Eduvampulagedda,KANNAM,0,0,0,0
836,02 - F - 09 - 02,VZM_CMP_Eduvampulagedda,VISWESWARA RAYAPURAM,0,0,0,0
837,02 - F - 09 - 02,VZM_CMP_Eduvampulagedda,M.LINGALAVALASA,0,0,0,0
838,02 - F - 09 - 02,VZM_CMP_Eduvampulagedda,VOOTAVALLI,0,0,0,0
839,02 - F - 09 - 02,VZM_CMP_Eduvampulagedda,MERAKAMUDIDAM,0,0,0,0
840,02 - F - 09 - 02,VZM_CMP_Eduvampulagedda,SIVVAMDORAVALASA,0,0,0,0
841,02 - F - 09 - 02,VZM_CMP_Eduvampulagedda,GOTTIPALLE,0,0,0,0
842,02 - F - 09 - 02,VZM_CMP_Eduvampulagedda,GARBHAM,0,0,0,0
843,02 - F - 09 - 02,VZM_CMP_Eduvampulagedda,BHYRIPURAM,0,0,0,0
844,02 - F - 09 - 02,VZM_CMP_Eduvampulagedda,VISHWANADHAPURAM,0,0,0,0
845,02 - F - 09 - 02,VZM_CMP_Eduvampulagedda,CHELLAPURAM,0,0,0,0
846,02 - F - 09 - 02,VZM_CMP_Eduvampulagedda,PEDAKADA,0,0,0,0
847,02 - F - 09 - 02,VZM_CMP_Eduvampulagedda,CHINAKADA,0,0,0,0
848,02 - F - 09 - 02,VZM_CMP_Eduvampulagedda,VIZIARAMA GAJAPATHI RAJ,0,0,0,0
849,02 - F - 09 - 02,VZM_CMP_Eduvampulagedda,LINGALAVALASA,0,0,0,0
850,02 - F - 09 - 02,VZM_CMP_Eduvampulagedda,ZINNAM,0,0,0,0
851,02 - F - 09 - 02,VZM_CMP_Eduvampulagedda,BHAGIRADHAPURAM,0,0,0,0
852,02 - F - 09 - 02,VZM_CMP_Eduvampulagedda,RAMANNAPETA,0,0,0,0
853,02 - F - 09 - 02,VZM_CMP_Eduvampulagedda,VEMALI,0,0,0,0
854,02 - F - 09 - 03,VZM_CHAMPAVATI,BHAGIRATHIPURAM AGRAHAR,0,0,,0
855,02 - F - 09 - 03,VZM_CHAMPAVATI,BADAM,0,0,,0
856,02 - F - 09 - 03,VZM_CHAMPAVATI,PAKEERUKITTALI,0,0,,0
857,02 - F - 09 - 03,VZM_CHAMPAVATI,TATAVARIKITTALI,0,0,,0
858,02 - F - 09 - 03,VZM_CHAMPAVATI,PALLIGANDREDU,0,0,,0
859,02 - F - 09 - 03,VZM_CHAMPAVATI,GARIKAVALASA,0,0,,0
860,02 - F - 09 - 03,VZM_CHAMPAVATI,KENGUVA,0,0,,0
861,02 - F - 09 - 03,VZM_CHAMPAVATI,KONDADADI,0,0,,0
862,02 - F - 09 - 03,VZM_CHAMPAVATI,VEDULLAVALASA,0,0,,0
863,02 - F - 09 - 03,VZM_CHAMPAVATI,AVAGUDEM,0,0,,0
864,02 - F - 09 - 03,VZM_CHAMPAVATI,ITAMVALASA,0,0,,0
865,02 - F - 09 - 03,VZM_CHAMPAVATI,BAGUVALASA,0,0,,0
866,02 - F - 09 - 03,VZM_CHAMPAVATI,NEELADRIPURAM @SURAMMAP,0,0,,0
867,02 - F - 09 - 03,VZM_CHAMPAVATI,K. PALAVALASA,0,0,,0
868,02 - F - 09 - 03,VZM_CHAMPAVATI,DEVUNIKANAPAKA,0,0,,0
869,02 - F - 09 - 03,VZM_CHAMPAVATI,GATHADA @ SRIRANGARAJAP,0,0,,0
870,02 - F - 09 - 03,VZM_CHAMPAVATI,RAMAYAVALASA,0,0,,0
871,02 - F - 09 - 03,VZM_CHAMPAVATI,SOMALINGAPURAM,0,0,,0
872,02 - F - 09 - 03,VZM_CHAMPAVATI,BUDARAYAVALASA,0,0,,0
873,02 - F - 09 - 03,VZM_CHAMPAVATI,GOPANNAVALASA,0,0,,0
874,02 - F - 09 - 03,VZM_CHAMPAVATI,MARRIVALASA,0,0,,0
875,02 - F - 09 - 03,VZM_CHAMPAVATI,KONDALAVERU,0,0,,0
876,02 - F - 09 - 03,VZM_CHAMPAVATI,SATHAMVALASA,0,0,,0
877,02 - F - 09 - 03,VZM_CHAMPAVATI,PUTHIKAVALASA,0,0,,0
878,02 - F - 09 - 03,VZM_CHAMPAVATI,DASUMANTHAPURAM,0,0,,0
879,02 - F - 09 - 03,VZM_CHAMPAVATI,YADIKA,0,0,,0
880,02 - F - 09 - 03,VZM_CHAMPAVATI,GARUGUBILLI,0,0,,0
881,02 - F - 09 - 03,VZM_CHAMPAVATI,KOTHAKARRA,0,0,,0
882,02 - F - 09 - 03,VZM_CHAMPAVATI,KORLAM,0,0,,0
883,02 - F - 09 - 03,VZM_CHAMPAVATI,BILLALAVALASA,0,0,,0
884,02 - F - 09 - 03,VZM_CHAMPAVATI,KUNCHIGUMADAM,0,0,,0
885,02 - F - 09 - 03,VZM_CHAMPAVATI,SINGAVARAM,0,0,,0
886,02 - F - 09 - 03,VZM_CHAMPAVATI,IPPALAVALASA,0,0,,0
887,02 - F - 09 - 03,VZM_CHAMPAVATI,RANGUPURAM,0,0,,0
888,02 - F - 09 - 03,VZM_CHAMPAVATI,M.KOTHAVALASA,0,0,,0
889,02 - F - 09 - 03,VZM_CHAMPAVATI,CHANDAPURAM,0,0,,0
890,02 - F - 09 - 03,VZM_CHAMPAVATI,JAGANNADHAPURAM,0,0,,0
891,02 - F - 09 - 03,VZM_CHAMPAVATI,REGATIAGRAHARAM,0,0,,0
892,02 - F - 09 - 03,VZM_CHAMPAVATI,VENKUPATRUNIREGA,0,0,,0
893,02 - F - 09 - 03,VZM_CHAMPAVATI,KUMARAM,0,0,,0
894,02 - F - 09 - 03,VZM_CHAMPAVATI,YENUGUVALASA,0,0,,0
895,02 - F - 09 - 03,VZM_CHAMPAVATI,KONDA LAKSHMIPURAM,0,0,,0
896,02 - F - 09 - 03,VZM_CHAMPAVATI,THATIGUDA,0,0,,0
897,02 - F - 09 - 03,VZM_CHAMPAVATI,VIJAYARAMPURAM (NEAR KU,0,0,,0
898,02 - F - 09 - 03,VZM_CHAMPAVATI,GEDDAPUVALASA,0,0,,0
899,02 - F - 09 - 03,VZM_CHAMPAVATI,GARIVIDI (URBAN),0,0,,0
900,02 - F - 09 - 03,VZM_CHAMPAVATI,KONDAPALEM@S.NAGAR,0,0,,0
901,02 - F - 09 - 03,VZM_CHAMPAVATI,GOTNANDI,0,0,,0
902,02 - F - 09 - 03,VZM_CHAMPAVATI,BONDAPALLI,0,0,,0
903,02 - F - 09 - 03,VZM_CHAMPAVATI,GADABAVALASA,0,0,,0
904,02 - F - 09 - 03,VZM_CHAMPAVATI,MOKHASADUGGIVALASA,0,0,,0
905,02 - F - 09 - 03,VZM_CHAMPAVATI,APPANNAVALASA,0,0,,0
906,02 - F - 09 - 03,VZM_CHAMPAVATI,CHUKKAVALASA,0,0,,0
907,02 - F - 09 - 03,VZM_CHAMPAVATI,PEDABANTUPALLI,0,0,,0
908,02 - F - 09 - 03,VZM_CHAMPAVATI,LAVIDAM,0,0,,0
909,02 - F - 09 - 03,VZM_CHAMPAVATI,KONDAGANDREDU,0,0,,0
910,02 - F - 09 - 03,VZM_CHAMPAVATI,PENUBARTHI,0,0,,0
911,02 - F - 09 - 03,VZM_CHAMPAVATI,CHINTHAPALLIPETA,0,0,,0
912,02 - F - 09 - 03,VZM_CHAMPAVATI,POLAYAVALASA,0,0,,0
913,02 - F - 09 - 03,VZM_CHAMPAVATI,THETTANGI,0,0,,0
914,02 - F - 09 - 03,VZM_CHAMPAVATI,PEDARAVYAM,0,0,,0
915,02 - F - 09 - 03,VZM_CHAMPAVATI,CHINARAVYAM,0,0,,0
916,02 - F - 09 - 03,VZM_CHAMPAVATI,CHINABANTUPALLE,0,0,,0
917,02 - F - 09 - 03,VZM_CHAMPAVATI,VASUDEVAPURAM,0,0,,0
918,02 - F - 09 - 03,VZM_CHAMPAVATI,LOGISA,0,0,,0
919,02 - F - 09 - 03,VZM_CHAMPAVATI,THUMMIKAPALLI,0,0,,0
920,02 - F - 09 - 03,VZM_CHAMPAVATI,MUTCHERLA,0,0,,0
921,02 - F -  09 - 05,VZM_CMP_KUMILI,PALAVALASA,0,0,,0
922,02 - F -  09 - 05,VZM_CMP_KUMILI,GUDEM,0,0,,0
923,02 - F -  09 - 05,VZM_CMP_KUMILI,SARIPALLE,0,0,,0
924,02 - F -  09 - 05,VZM_CMP_KUMILI,CHOLANGIPETA,0,0,,0
925,02 - F -  09 - 05,VZM_CMP_KUMILI,DWARAPUREDDIPALEM,0,0,,0
926,02 - F -  09 - 05,VZM_CMP_KUMILI,CHINABATTIVALASA,0,0,,0
927,02 - F -  09 - 05,VZM_CMP_KUMILI,PEDABATTIVALASA,0,0,,0
928,02 - F -  09 - 05,VZM_CMP_KUMILI,LOVA JAGANNADHAPURAM,0,0,,0
929,02 - F -  09 - 05,VZM_CMP_KUMILI,KUMILI,0,0,,0
930,02 - F -  09 - 05,VZM_CMP_KUMILI,BORRAVANIPALEM,0,0,,0
931,02 - F -  09 - 05,VZM_CMP_KUMILI,RELLIVALASA,0,0,,0
932,02 - F -  09 - 05,VZM_CMP_KUMILI,PUSAPATIREGA,0,0,,0
933,02 - F -  09 - 05,VZM_CMP_KUMILI,PERAPURAM,0,0,,0
934,02 - F -  09 - 05,VZM_CMP_KUMILI,PUSAPATIPALEM,0,0,,0
935,02 - F -  09 - 05,VZM_CMP_KUMILI,KOPPERLA,0,0,,0
936,02 - F -  09 - 05,VZM_CMP_KUMILI,NADIPALLE,0,0,,0
937,02 - F -  09 - 05,VZM_CMP_KUMILI,YERUKONDA,0,0,,0
938,02 - F -  09 - 05,VZM_CMP_KUMILI,PASUPAM,0,0,,0
939,02 - F -  09 - 05,VZM_CMP_KUMILI,SERIPETA,0,0,,0
940,02 - F -  09 - 05,VZM_CMP_KUMILI,THONDRANGI,0,0,,0
941,02 - F -  09 - 05,VZM_CMP_KUMILI,DUVVAM,0,0,,0
942,02 - F -  09 - 05,VZM_CMP_KUMILI,CHODAVARAM,0,0,,0
943,02 - F -  09 - 05,VZM_CMP_KUMILI,GUJJANGIVALASA,0,0,,0
944,02 - F -  09 - 05,VZM_CMP_KUMILI,MEESALAPETA,0,0,,0
945,02 - F -  09 - 05,VZM_CMP_KUMILI,JAMMU,0,0,,0
946,02 - F -  09 - 05,VZM_CMP_KUMILI,THATIPUDI,0,0,,0
947,02 - F -  09 - 05,VZM_CMP_KUMILI,VALLAPURAM,0,0,,0
948,02 - F -  09 - 05,VZM_CMP_KUMILI,GORLEPETAJAGANNADHAPURA,0,0,,0
949,02 - F -  09 - 05,VZM_CMP_KUMILI,GARIDA,0,0,,0
950,02 - F -  09 - 05,VZM_CMP_KUMILI,GURLA,0,0,,0
951,02 - F -  09 - 05,VZM_CMP_KUMILI,SOLIPISOMARAJUPETA,0,0,,0
952,02 - F -  09 - 05,VZM_CMP_KUMILI,MANYAPURIPETA,0,0,,0
953,02 - F -  09 - 05,VZM_CMP_KUMILI,KELLA,0,0,,0
954,02 - F -  09 - 05,VZM_CMP_KUMILI,DAMARASINGI,0,0,,0
955,02 - F -  09 - 05,VZM_CMP_KUMILI,KOTAGANDREDU,0,0,,0
956,02 - F -  09 - 05,VZM_CMP_KUMILI,SEETHARAMUNIPETA,0,0,,0
957,02 - F -  09 - 05,VZM_CMP_KUMILI,GORLEPETA,0,0,,0
958,02 - F -  09 - 05,VZM_CMP_KUMILI,RAMATHIRTHAM,0,0,,0
959,02 - F -  09 - 05,VZM_CMP_KUMILI,D. NELIVADA,0,0,,0
960,02 - F -  09 - 05,VZM_CMP_KUMILI,NEELAMRAJUPETA,0,0,,0
961,02 - F -  09 - 05,VZM_CMP_KUMILI,DANNANAPETA,0,0,,0
962,02 - F -  09 - 05,VZM_CMP_KUMILI,KORADAPETA,0,0,,0
963,02 - F -  09 - 05,VZM_CMP_KUMILI,THANGUDUBILLI,0,0,,0
964,02 - F -  09 - 05,VZM_CMP_KUMILI,ATMARAMUNIAGRAHARAM,0,0,,0
965,02 - F -  09 - 05,VZM_CMP_KUMILI,KONADA,0,0,,0
966,02 - F -  09 - 01,VZM_CMP_PEDDAGEDDA,DEVUPALLI(p),0,0,,0
967,02 - F -  09 - 01,VZM_CMP_PEDDAGEDDA,GITTUPALLI,0,0,,0
968,02 - F -  09 - 01,VZM_CMP_PEDDAGEDDA,KANIMERAKA,0,0,,0
969,02 - F -  09 - 01,VZM_CMP_PEDDAGEDDA,RAYINDRAM,0,0,,0
970,02 - F -  09 - 01,VZM_CMP_PEDDAGEDDA,BONDAPALLI,0,0,,0
971,02 - F -  09 - 01,VZM_CMP_PEDDAGEDDA,MUDDURU,0,0,,0
972,02 - F -  09 - 01,VZM_CMP_PEDDAGEDDA,PATHABAGGAM,0,0,,0
973,02 - F -  09 - 01,VZM_CMP_PEDDAGEDDA,SALIPETA,0,0,,0
974,02 - F -  09 - 01,VZM_CMP_PEDDAGEDDA,KOTHABAGGAM,0,0,,0
975,02 - F -  09 - 01,VZM_CMP_PEDDAGEDDA,CHITTAYYAVALASA,0,0,,0
976,02 - F -  09 - 01,VZM_CMP_PEDDAGEDDA,KONISA,0,0,,0
977,02 - F -  09 - 01,VZM_CMP_PEDDAGEDDA,PATRUVADA,0,0,,0
978,02 - F -  09 - 01,VZM_CMP_PEDDAGEDDA,PURITIPENTA,0,0,,0
979,02 - F -  09 - 01,VZM_CMP_PEDDAGEDDA,GANGACHOLLAPENTA,0,0,,0
980,02 - F -  09 - 01,VZM_CMP_PEDDAGEDDA,DAVALAPETA,0,0,,0
981,02 - F -  09 - 01,VZM_CMP_PEDDAGEDDA,M.VENKATAPURAM,0,0,,0
982,02 - F -  09 - 01,VZM_CMP_PEDDAGEDDA,PIDISEELA,0,0,,0
983,02 - F -  09 - 01,VZM_CMP_PEDDAGEDDA,SEETHARAMAPURAM,0,0,,0
984,02 - F -  09 - 01,VZM_CMP_PEDDAGEDDA,CHINAMEDAPALLE,0,0,,0
985,02 - F -  09 - 01,VZM_CMP_PEDDAGEDDA,PITTADA,0,0,,0
986,02 - F -  09 - 01,VZM_CMP_PEDDAGEDDA,GURLATAMMRAJUPETA,0,0,,0
987,02 - F -  09 - 01,VZM_CMP_PEDDAGEDDA,AGURU,0,0,,0
988,02 - F -  09 - 01,VZM_CMP_PEDDAGEDDA,INUGANTIVENKANNA AGRAHA,0,0,,0
989,02 - F -  09 - 01,VZM_CMP_PEDDAGEDDA,KUMMARIGUNTA A.@ MUTYAL,0,0,,0
990,02 - F -  09 - 01,VZM_CMP_PEDDAGEDDA,CHAMALAVALASA,0,0,,0
991,02 - F -  09 - 01,VZM_CMP_PEDDAGEDDA,TAMATADA,0,0,,0
992,02 - F -  09 - 01,VZM_CMP_PEDDAGEDDA,BHUDEVIPETA,0,0,,0
993,02 - F -  09 - 01,VZM_CMP_PEDDAGEDDA,MARUPALLI,0,0,,0
994,02 - F -  09 - 01,VZM_CMP_PEDDAGEDDA,MADHUPADA,0,0,,0
995,02 - F -  09 - 01,VZM_CMP_PEDDAGEDDA,GAJAPATHINAGARAM,0,0,,0
996,02 - F -  09 - 01,VZM_CMP_PEDDAGEDDA,N.G. RAJA PURAM,0,0,,0
997,02 - F -  09 - 01,VZM_CMP_PEDDAGEDDA,KUNTINAVALASA,0,0,,0
998,02 - F -  09 - 01,VZM_CMP_PEDDAGEDDA,NIKKALAVALASA,0,0,,0
999,02 - F -  09 - 01,VZM_CMP_PEDDAGEDDA,LOTHUGEDDA,0,0,,0
1000,02 - F -  09 - 01,VZM_CMP_PEDDAGEDDA,VONKASOMIDI,0,0,,0
1001,02 - F -  09 - 01,VZM_CMP_PEDDAGEDDA,ANDRA,0,0,,0
1002,02 - F -  09 - 01,VZM_CMP_PEDDAGEDDA,VONIJI,0,0,,0
1003,02 - F -  09 - 04,VZM_CMP_VIZIANAGARAM,BHOGHAPURAM,0,0,,0
1004,02 - F -  09 - 04,VZM_CMP_VIZIANAGARAM,LAKSHMIPURAM,0,0,,0
1005,02 - F -  09 - 04,VZM_CMP_VIZIANAGARAM,KOTABHOGHAPURAM,0,0,,0
1006,02 - F -  09 - 04,VZM_CMP_VIZIANAGARAM,NANDIGAM,0,0,,0
1007,02 - F -  09 - 04,VZM_CMP_VIZIANAGARAM,MUNJERU,0,0,,0
1008,02 - F -  09 - 04,VZM_CMP_VIZIANAGARAM,RACHAKINDAM,0,0,,0
1009,02 - F -  09 - 04,VZM_CMP_VIZIANAGARAM,SINGAVARAM,0,0,,0
1010,02 - F -  09 - 04,VZM_CMP_VIZIANAGARAM,NATHAVALASA,0,0,,0
1011,02 - F -  09 - 04,VZM_CMP_VIZIANAGARAM,DENKADA,0,0,,0
1012,02 - F -  09 - 04,VZM_CMP_VIZIANAGARAM,PEDATADIVADA,0,0,,0
1013,02 - F -  09 - 04,VZM_CMP_VIZIANAGARAM,PINATADIVADA,0,0,,0
1014,02 - F -  09 - 04,VZM_CMP_VIZIANAGARAM,VEDULLAVALASA,0,0,,0
1015,02 - F -  09 - 04,VZM_CMP_VIZIANAGARAM,RAJULA TAMMAPURAM,0,0,,0
1016,02 - F -  09 - 04,VZM_CMP_VIZIANAGARAM,PEDADA,0,0,,0
1017,02 - F -  09 - 04,VZM_CMP_VIZIANAGARAM,BANTUPALLI,0,0,,0
1018,02 - F -  09 - 04,VZM_CMP_VIZIANAGARAM,NAKKALAPETA,0,0,,0
1019,02 - F -  09 - 04,VZM_CMP_VIZIANAGARAM,NALLACHERUVU,0,0,,0
1020,02 - F -  09 - 04,VZM_CMP_VIZIANAGARAM,GOSHADA,0,0,,0
1021,02 - F -  09 - 04,VZM_CMP_VIZIANAGARAM,KALAVACHERLA,0,0,,0
1022,02 - F -  09 - 04,VZM_CMP_VIZIANAGARAM,PARASAM,0,0,,0
1023,02 - F -  09 - 04,VZM_CMP_VIZIANAGARAM,SUBBANNAPETA@PILAKAVANI,0,0,,0
1024,02 - F -  09 - 04,VZM_CMP_VIZIANAGARAM,KONGAVANIPALEM,0,0,,0
1025,02 - F -  09 - 04,VZM_CMP_VIZIANAGARAM,JAGGAYYAPETA,0,0,,0
1026,02 - F -  09 - 04,VZM_CMP_VIZIANAGARAM,CHAKIVALASA,0,0,,0
1027,02 - F -  09 - 04,VZM_CMP_VIZIANAGARAM,GUDEPUVALASA,0,0,,0
1028,02 - F -  09 - 04,VZM_CMP_VIZIANAGARAM,KANCHERU,0,0,,0
1029,02 - F -  09 - 04,VZM_CMP_VIZIANAGARAM,KANCHERUPALEM,0,0,,0
1030,02 - F -  09 - 04,VZM_CMP_VIZIANAGARAM,KINDAM AGRAHARAM,0,0,,0
1031,02 - F -  09 - 04,VZM_CMP_VIZIANAGARAM,BILLALAVALASA,0,0,,0
1032,02 - F -  09 - 04,VZM_CMP_VIZIANAGARAM,KERATAM,0,0,,0
1033,02 - F -  09 - 04,VZM_CMP_VIZIANAGARAM,NELIVADA,0,0,,0
1034,02 - F -  09 - 04,VZM_CMP_VIZIANAGARAM,GARUDABILLI,0,0,,0
1035,02 - F -  09 - 04,VZM_CMP_VIZIANAGARAM,AYYANNA AGRAHARAM,0,0,,0
1036,02 - F -  09 - 04,VZM_CMP_VIZIANAGARAM,AMBATIVALASA,0,0,,0
1037,02 - F -  09 - 04,VZM_CMP_VIZIANAGARAM,ROLLAVAKA,0,0,,0
1038,02 - F -  09 - 04,VZM_CMP_VIZIANAGARAM,GOTLAM,0,0,,0
1039,02 - F -  09 - 04,VZM_CMP_VIZIANAGARAM,JIYYANNAVALASA,0,0,,0
1040,02 - F -  09 - 04,VZM_CMP_VIZIANAGARAM,DEVUNIKOLLAM,0,0,,0
1041,02 - F -  09 - 04,VZM_CMP_VIZIANAGARAM,MUNGINAPALLI,0,0,,0
1042,02 - F -  09 - 04,VZM_CMP_VIZIANAGARAM,GUNUPURU,0,0,,0
1043,02 - F -  09 - 04,VZM_CMP_VIZIANAGARAM,BELLAM,0,0,,0
1044,02 - F -  09 - 04,VZM_CMP_VIZIANAGARAM,D.TALLAVALASA,0,0,,0
1045,02 - F -  09 - 04,VZM_CMP_VIZIANAGARAM,CHITTIGUNKALAM,0,0,,0
1046,02 - F -  09 - 04,VZM_CMP_VIZIANAGARAM,AMAKAM,0,0,,0
1047,02 - F -  09 - 04,VZM_CMP_VIZIANAGARAM,RAGHUMANDA,0,0,,0
1048,02 - F -  09 - 04,VZM_CMP_VIZIANAGARAM,CHINTALAVALASA,0,0,,0
1049,02 - F -  09 - 04,VZM_CMP_VIZIANAGARAM,BODDAVALASA,0,0,,0
1050,02 - F -  09 - 04,VZM_CMP_VIZIANAGARAM,NADUPURU,0,0,,0
1051,02 - F -  09 - 04,VZM_CMP_VIZIANAGARAM,ANANDAPURAM,0,0,,0
1052,02 - F -  09 - 04,VZM_CMP_VIZIANAGARAM,CHINTHALAPETA,0,0,,0
1053,02 - F -  09 - 04,VZM_CMP_VIZIANAGARAM,BURADAPETA,0,0,,0
1054,02 - F -  09 - 04,VZM_CMP_VIZIANAGARAM,TEKKALI,0,0,,0
1055,02 - F -  09 - 04,VZM_CMP_VIZIANAGARAM,GARIKAPETA,0,0,,0
1056,02 - F -  09 - 04,VZM_CMP_VIZIANAGARAM,MOIDAVIJAYARAMPURAM,0,0,,0
1057,02 - F -  09 - 04,VZM_CMP_VIZIANAGARAM,PUTHIKAPETA,0,0,,0
1058,02 - F -  09 - 04,VZM_CMP_VIZIANAGARAM,JARAJAPUPETA,0,0,,0
1059,02 - F -  09 - 04,VZM_CMP_VIZIANAGARAM,KONDAGUMPAM,0,0,,0
1060,02 - F -  09 - 04,VZM_CMP_VIZIANAGARAM,KONDAVELAGADA,0,0,,0
1061,02 - F -  09 - 04,VZM_CMP_VIZIANAGARAM,LAKSHMINARASIMHAPURAM,0,0,,0
1062,02 - F -  09 - 04,VZM_CMP_VIZIANAGARAM,NELLIMARLA,0,0,,0
1063,02 - F -  09 - 04,VZM_CMP_VIZIANAGARAM,KONDAKARAKAM,0,0,,0
1064,02 - F -  09 - 04,VZM_CMP_VIZIANAGARAM,VENUGOPALAPURAM,0,0,,0
1065,02 - F -  09 - 04,VZM_CMP_VIZIANAGARAM,GAJULAREGA,0,0,,0
1066,02 - F -  09 - 04,VZM_CMP_VIZIANAGARAM,KUKALAMETTA LAKSHMIPURA,0,0,,0
1067,02 - F -  09 - 04,VZM_CMP_VIZIANAGARAM,KANAPAKA,0,0,,0
1068,02 - F -  09 - 04,VZM_CMP_VIZIANAGARAM,JAMMU NARAYANAPURAM,0,0,,0
1069,02 - F -  09 - 04,VZM_CMP_VIZIANAGARAM,DHARMAPURI,0,0,,0
1070,02 - F -  09 - 04,VZM_CMP_VIZIANAGARAM,MALICHERLA,0,0,,0
1071,02 - F -  09 - 04,VZM_CMP_VIZIANAGARAM,CHELUVURU,0,0,,0
1072,02 -  F - 10 - 05,VZM_GOST_ALAMANDA,ANNAMRAJUPETA,0,,,0
1073,02 -  F - 10 - 05,VZM_GOST_ALAMANDA,SIRIKIPALEM,0,,,0
1074,02 -  F - 10 - 05,VZM_GOST_ALAMANDA,GODIKOMMU,0,,,0
1075,02 -  F - 10 - 05,VZM_GOST_ALAMANDA,GODIKOMMU SINGAVARAM,0,,,0
1076,02 -  F - 10 - 05,VZM_GOST_ALAMANDA,ALAMANDA,0,,,0
1077,02 -  F - 10 - 05,VZM_GOST_ALAMANDA,LOTLAPALLE,0,,,0
1078,02 -  F - 10 - 05,VZM_GOST_ALAMANDA,UTTARAPALLI,0,,,0
1079,02 -  F - 10 - 05,VZM_GOST_ALAMANDA,CHINNIPALEM,0,,,0
1080,02 -  F - 10 - 05,VZM_GOST_ALAMANDA,CHINARAOPALLI,0,,,0
1081,02 -  F - 10 - 05,VZM_GOST_ALAMANDA,PEDARAOPALLI,0,,,0
1082,02 -  F - 10 - 05,VZM_GOST_ALAMANDA,KATAKAPALLI,0,,,0
1083,02 -  F - 10 - 05,VZM_GOST_ALAMANDA,KANTAKAPALLI,0,,,0
1084,02 -  F - 10 - 05,VZM_GOST_ALAMANDA,DATHI,0,,,0
1085,02 -  F - 10 - 05,VZM_GOST_ALAMANDA,BALIGHATAM,0,,,0
1086,02 -  F - 10 - 05,VZM_GOST_ALAMANDA,L.KOTA  TALARI,0,,,0
1087,02 -  F - 10 - 05,VZM_GOST_ALAMANDA,DASULLAPALEM,0,,,0
1088,02 -  F - 10 - 05,VZM_GOST_ALAMANDA,GANIVADA,0,,,0
1089,02 -  F - 10 - 05,VZM_GOST_ALAMANDA,BHEEMALI,0,,,0
1090,02 -  F -10 - 01,VZM_GOST_L.KOTA,BHEEMASINGI,0,0,,0
1091,02 -  F -10 - 01,VZM_GOST_L.KOTA,JAMIAGRAHARAM,0,0,,0
1092,02 -  F -10 - 01,VZM_GOST_L.KOTA,JAMI,0,0,,0
1093,02 -  F -10 - 01,VZM_GOST_L.KOTA,GOLJAM,0,0,,0
1094,02 -  F -10 - 01,VZM_GOST_L.KOTA,KALLAMPUDI,0,0,,0
1095,02 -  F -10 - 01,VZM_GOST_L.KOTA,VASI,0,0,,0
1096,02 -  F -10 - 01,VZM_GOST_L.KOTA,VINAYAKAPALLE,0,0,,0
1097,02 -  F -10 - 01,VZM_GOST_L.KOTA,THIMIDI,0,0,,0
1098,02 -  F -10 - 01,VZM_GOST_L.KOTA,BALAKRISHNARAJAPURAM,0,0,,0
1099,02 -  F -10 - 01,VZM_GOST_L.KOTA,KOTHAVOORU,0,0,,0
1100,02 -  F -10 - 01,VZM_GOST_L.KOTA,MALLIPUDI,0,0,,0
1101,02 -  F -10 - 01,VZM_GOST_L.KOTA,KASIPATHI RAJAPURAM,0,0,,0
1102,02 -  F -10 - 01,VZM_GOST_L.KOTA,KONDAMALLIPUDI,0,0,,0
1103,02 -  F -10 - 01,VZM_GOST_L.KOTA,DAMPURAM,0,0,,0
1104,02 -  F -10 - 01,VZM_GOST_L.KOTA,VEERANARAYANAM,0,0,,0
1105,02 -  F -10 - 01,VZM_GOST_L.KOTA,MARIKA,0,0,,0
1106,02 -  F -10 - 01,VZM_GOST_L.KOTA,KONDAGANGUPUDI,0,0,,0
1107,02 -  F -10 - 01,VZM_GOST_L.KOTA,S.S.R.PURAM,0,0,,0
1108,02 -  F -10 - 01,VZM_GOST_L.KOTA,MUKUNDAPURAM,0,0,,0
1109,02 -  F -10 - 01,VZM_GOST_L.KOTA,OBULAYYAPALEM,0,0,,0
1110,02 -  F -10 - 01,VZM_GOST_L.KOTA,L.KOTA SEETHARAMPURAM,0,0,,0
1111,02 -  F -10 - 01,VZM_GOST_L.KOTA,KITHANNAPETA,0,0,,0
1112,02 -  F -10 - 01,VZM_GOST_L.KOTA,CHANDULURU,0,0,,0
1113,02 -  F -10 - 01,VZM_GOST_L.KOTA,KUDDUVALASA,0,0,,0
1114,02 -  F -10 - 01,VZM_GOST_L.KOTA,RAMASWAMIPETA,0,0,,0
1115,02 -  F -10 - 01,VZM_GOST_L.KOTA,JAKERU,0,0,,0
1116,02 -  F -10 - 01,VZM_GOST_L.KOTA,KARAKAVALASA,0,0,,0
1117,02 -  F -10 - 01,VZM_GOST_L.KOTA,CHAMALAPALLI,0,0,,0
1118,02 -  F -10 - 01,VZM_GOST_L.KOTA,DABBIRAJUPETA,0,0,,0
1119,02 -  F -10 - 01,VZM_GOST_L.KOTA,GUDIVADA,0,0,,0
1120,02 -  F -10 - 01,VZM_GOST_L.KOTA,SOMPURAM,0,0,,0
1121,02 -  F -10 - 01,VZM_GOST_L.KOTA,BODDAM,0,0,,0
1122,02 -  F -10 - 01,VZM_GOST_L.KOTA,PATURU,0,0,,0
1123,02 -  F -10 - 01,VZM_GOST_L.KOTA,ARIGIPALEM,0,0,,0
1124,02 -  F -10 - 01,VZM_GOST_L.KOTA,SINGARAI,0,0,,0
1125,02 -  F -10 - 01,VZM_GOST_L.KOTA,POTHAMPETA,0,0,,0
1126,02 -  F -10 - 01,VZM_GOST_L.KOTA,NARASAMPETA,0,0,,0
1127,02 -  F -10 - 01,VZM_GOST_L.KOTA,NEELAKANTAPURAM,0,0,,0
1128,02 -  F -10 - 01,VZM_GOST_L.KOTA,PEDAKRISHNARAJAPURAM,0,0,,0
1129,02 -  F -10 - 01,VZM_GOST_L.KOTA,VEPADA,0,0,,0
1130,02 -  F -10 - 01,VZM_GOST_L.KOTA,VEELUPARTHI,0,0,,0
1131,02 -  F -10 - 01,VZM_GOST_L.KOTA,VELDAM,0,0,,0
1132,02 -  F -10 - 01,VZM_GOST_L.KOTA,PEDADUNGADA,0,0,,0
1133,02 -  F -10 - 01,VZM_GOST_L.KOTA,VAVILAPADU,0,0,,0
1134,02 -  F -10 - 01,VZM_GOST_L.KOTA,CHAMALADEVI AGRAHARAM,0,0,,0
1135,02 -  F -10 - 01,VZM_GOST_L.KOTA,RAYUDUPETA,0,0,,0
1136,02 -  F -10 - 01,VZM_GOST_L.KOTA,NALLABILLI KASIPATIRAJ,0,0,,0
1137,02 -  F -10 - 01,VZM_GOST_L.KOTA,CHINAGUDIPALA,0,0,,0
1138,02 -  F -10 - 01,VZM_GOST_L.KOTA,JAMMADEVIPETA,0,0,,0
1139,02 -  F -10 - 01,VZM_GOST_L.KOTA,NEELAKANTARAJAPURAM AGR,0,0,,0
1140,02 -  F -10 - 01,VZM_GOST_L.KOTA,PEDAGUDIPALA,0,0,,0
1141,02 -  F -10 - 01,VZM_GOST_L.KOTA,MYCHERLASINGAVARAM,0,0,,0
1142,02 -  F -10 - 01,VZM_GOST_L.KOTA,VALLAMPUDI,0,0,,0
1143,02 -  F -10 - 01,VZM_GOST_L.KOTA,ATHAVA,0,0,,0
1144,02 -  F -10 - 01,VZM_GOST_L.KOTA,BANADI,0,0,,0
1145,02 -  F -10 - 01,VZM_GOST_L.KOTA,BALLANKI,0,0,,0
1146,02 -  F -10 - 01,VZM_GOST_L.KOTA,BALLANKTUNI K.R. PURAM,0,0,,0
1147,02 -  F -10 - 01,VZM_GOST_L.KOTA,MUKUNDARAJAPURAM,0,0,,0
1148,02 -  F -10 - 01,VZM_GOST_L.KOTA,ANKAJOSYULAPALEM,0,0,,0
1149,02 -  F -10 - 01,VZM_GOST_L.KOTA,KRISHNARAYUDUPETA,0,0,,0
1150,02 -  F -10 - 01,VZM_GOST_L.KOTA,KUMMAPALLI,0,0,,0
1151,02 -  F -10 - 01,VZM_GOST_L.KOTA,LAKKAVARAPUKOTA,0,0,,0
1152,02 -  F -10 - 01,VZM_GOST_L.KOTA,MARLAPALLI,0,0,,0
1153,02 -  F -10 - 01,VZM_GOST_L.KOTA,VENKANNAPALEM,0,0,,0
1154,02 -  F -10 - 01,VZM_GOST_L.KOTA,NIDUGATTU,0,0,,0
1155,02 -  F -10 - 01,VZM_GOST_L.KOTA,MALLIVEEDU,0,0,,0
1156,02 -  F -10 - 01,VZM_GOST_L.KOTA,RELLIGAVIRAMMAPETA,0,0,,0
1157,02 -  F -10 - 01,VZM_GOST_L.KOTA,LATCHAMPETA,0,0,,0
1158,02 -  F -10 - 01,VZM_GOST_L.KOTA,REGA,0,0,,0
1159,02 -  F -10 - 01,VZM_GOST_L.KOTA,KALLEPALLI,0,0,,0
1160,02 -  F -10 - 01,VZM_GOST_L.KOTA,SREERAMPURAM,0,0,,0
1161,02 -  F -10 - 01,VZM_GOST_L.KOTA,TAMARAPALLI,0,0,,0
1162,02 -  F -10 - 01,VZM_GOST_L.KOTA,GAJAPATHINAGARAM,0,0,,0
1163,02 -  F -10 - 01,VZM_GOST_L.KOTA,GANGUBUDI,0,0,,0
1164,02 -  F -10 - 01,VZM_GOST_L.KOTA,CHINTADA,0,0,,0
1165,02 -  F -10 - 01,VZM_GOST_L.KOTA,PAVADA,0,0,,0
1166,02 -  F -10 - 01,VZM_GOST_L.KOTA,VEERABHADRAPETA,0,0,,0
1167,02 -  F -10 - 01,VZM_GOST_L.KOTA,KOTYADA,0,0,,0
1168,02 -  F -10 - 01,VZM_GOST_L.KOTA,KHASAPETA,0,0,,0
1169,02 -  F -10 - 01,VZM_GOST_L.KOTA,RANGARAYAPURAMAGRAHARAM,0,0,,0
1170,02 -  F -10 - 01,VZM_GOST_L.KOTA,RANGAPURAM,0,0,,0
1171,02 -  F -10 - 01,VZM_GOST_L.KOTA,KURMAVARAM,0,0,,0
1172,02 -  F -10 - 01,VZM_GOST_L.KOTA,LAKSHMIPURAM,0,0,,0
1173,02 -  F -10 - 01,VZM_GOST_L.KOTA,RAMABHADRAPURAM,0,0,,0
1174,02 -  F -10 - 01,VZM_GOST_L.KOTA,KALAGADA,0,0,,0
1175,02 -  F -10 - 01,VZM_GOST_L.KOTA,MAMIDIPALLE,0,0,,0
1176,02 -  F -10 - 01,VZM_GOST_L.KOTA,KIRLA,0,0,,0
1177,02 -  F -10 - 01,VZM_GOST_L.KOTA,JADDETIVALASA,0,0,,0
1178,02 - F - 10 - 04,VZM_GOST_POLIPALLI,CHERAKUPALLE,0,0,,0
1179,02 - F - 10 - 04,VZM_GOST_POLIPALLI,GUDIVADA,0,0,,0
1180,02 - F - 10 - 04,VZM_GOST_POLIPALLI,POLIPALLE,0,0,,0
1181,02 - F - 10 - 04,VZM_GOST_POLIPALLI,MOKHASA KOTHAVALASA,0,0,,0
1182,02 - F - 10 - 04,VZM_GOST_POLIPALLI,KUMARAM,0,0,,0
1183,02 - F - 10 - 04,VZM_GOST_POLIPALLI,RAJAPULOVA,0,0,,0
1184,02 - F - 10 - 04,VZM_GOST_POLIPALLI,MODAVALASA,0,0,,0
1185,02 - F - 10 - 04,VZM_GOST_POLIPALLI,AMATAM RAVIVALASA,0,0,,0
1186,02 - F - 10 - 04,VZM_GOST_POLIPALLI,SAVARAVILLI,0,0,,0
1187,02 - F - 10 - 04,VZM_GOST_POLIPALLI,RAVADA,0,0,,0
1188,02 - F - 10 - 04,VZM_GOST_POLIPALLI,BASAVAPALEM,0,0,,0
1189,02 - F - 10 - 04,VZM_GOST_POLIPALLI,KAVULAVADA,0,0,,0
1190,02 - F - 10 - 04,VZM_GOST_POLIPALLI,AKKIVARAM,0,0,,0
1191,02 - F - 10 - 04,VZM_GOST_POLIPALLI,GANTLAM,0,0,,0
1192,02 - F - 10 - 04,VZM_GOST_POLIPALLI,JONNADA,0,0,,0
1193,02 - F - 10 - 04,VZM_GOST_POLIPALLI,BANGARRAJUPETA,0,0,,0
1194,02 - F - 10 - 04,VZM_GOST_POLIPALLI,MOPADA,0,0,,0
1195,02 - F - 10 - 04,VZM_GOST_POLIPALLI,GOLAGAM,0,0,,0
1196,02 -  F - 10 - 02,VZM_GOST_TATIPUDI,MADHUPADA,0,0,,0
1197,02 -  F - 10 - 02,VZM_GOST_TATIPUDI,THATIPUDI,0,0,,0
1198,02 -  F - 10 - 02,VZM_GOST_TATIPUDI,THANAVARAM,0,0,,0
1199,02 -  F - 10 - 02,VZM_GOST_TATIPUDI,VIZINIGIRI,0,0,,0
1200,02 -  F - 10 - 02,VZM_GOST_TATIPUDI,THANDRANGI,0,0,,0
1201,02 -  F - 10 - 02,VZM_GOST_TATIPUDI,MAMIDIPALLE,0,0,,0
1202,02 -  F - 10 - 02,VZM_GOST_TATIPUDI,GOPALAPALLE,0,0,,0
1203,02 -  F - 10 - 02,VZM_GOST_TATIPUDI,KOTHAKOTA,0,0,,0
1204,02 -  F - 10 - 02,VZM_GOST_TATIPUDI,CHAMALAPALLE,0,0,,0
1205,02 -  F - 10 - 02,VZM_GOST_TATIPUDI,JAGARAM,0,0,,0
1206,02 -  F - 10 - 02,VZM_GOST_TATIPUDI,ALUGUBILLI,0,0,,0
1207,02 -  F - 10 - 02,VZM_GOST_TATIPUDI,MADHANAPURAM,0,0,,0
1208,02 -  F - 10 - 02,VZM_GOST_TATIPUDI,BONANGI,0,0,,0
1209,02 -  F - 10 - 02,VZM_GOST_TATIPUDI,RAMABHADRAPURAM,0,0,,0
1210,02 -  F - 10 - 02,VZM_GOST_TATIPUDI,MOKALAPADU,0,0,,0
1211,02 -  F - 10 - 02,VZM_GOST_TATIPUDI,DONKADA,0,0,,0
1212,02 -  F - 10 - 02,VZM_GOST_TATIPUDI,JANNIVALASA,0,0,,0
1213,02 -  F - 10 - 02,VZM_GOST_TATIPUDI,KOTTAM,0,0,,0
1214,02 -  F - 10 - 02,VZM_GOST_TATIPUDI,EGUVAKONDAPARTHI,0,0,,0
1215,02 -  F - 10 - 02,VZM_GOST_TATIPUDI,ADDATHEEGA,0,0,,0
1216,02 -  F - 10 - 02,VZM_GOST_TATIPUDI,DIGUVAKONDAPARTHI,0,0,,0
1217,02 -  F - 10 - 02,VZM_GOST_TATIPUDI,MOSALIKANDI,0,0,,0
1218,02 -  F - 10 - 02,VZM_GOST_TATIPUDI,ALAPARTHI,0,0,,0
1219,02 -  F - 10 - 02,VZM_GOST_TATIPUDI,BHEEMAVARAM,0,0,,0
1220,02 -  F - 10 - 02,VZM_GOST_TATIPUDI,JADDERU,0,0,,0
1221,02 -  F - 10 - 02,VZM_GOST_TATIPUDI,DARAPARTHI,0,0,,0
1222,02 -  F - 10 - 02,VZM_GOST_TATIPUDI,KURIDI,0,0,,0
1223,02 -  F - 10 - 02,VZM_GOST_TATIPUDI,GUNAPADU,0,0,,0
1224,02 -  F - 10 - 02,VZM_GOST_TATIPUDI,MOOLABODDAVARA,0,0,,0
1225,02 -  F - 10 - 02,VZM_GOST_TATIPUDI,TENNUBODDAVARA,0,0,,0
1226,02 -  F - 10 - 02,VZM_GOST_TATIPUDI,CHEEDIPALEM,0,0,,0
1227,02 -  F - 10 - 02,VZM_GOST_TATIPUDI,MUSHIDIPALLE,0,0,,0
1228,02 -  F - 10 - 02,VZM_GOST_TATIPUDI,CHINAKHANDEPALLE,0,0,,0
1229,02 -  F - 10 - 02,VZM_GOST_TATIPUDI,KILTAMPALEM,0,0,,0
1230,02 -  F - 10 - 02,VZM_GOST_TATIPUDI,VISWANADHAPURAM,0,0,,0
1231,02 -  F - 10 - 02,VZM_GOST_TATIPUDI,KRISHNAPURAM,0,0,,0
1232,02 -  F - 10 - 02,VZM_GOST_TATIPUDI,VEMULAPALLE,0,0,,0
1233,02 -  F - 10 - 02,VZM_GOST_TATIPUDI,DHARMAVARAM,0,0,,0
1234,02 -  F - 10 - 02,VZM_GOST_TATIPUDI,PEDAKHANDEPALLE,0,0,,0
1235,02 -  F - 10 - 02,VZM_GOST_TATIPUDI,JIRAYATHI MUKUNDAPURAM,0,0,,0
1236,02 -  F - 10 - 02,VZM_GOST_TATIPUDI,JIRAYATHI KUMARAM,0,0,,0
1237,02 -  F - 10 - 02,VZM_GOST_TATIPUDI,MARUPALLE,0,0,,0
1238,02 -  F - 10 - 02,VZM_GOST_TATIPUDI,KRISHNAMAHANTIPURAM,0,0,,0
1239,02 -  F - 10 - 02,VZM_GOST_TATIPUDI,KAPUSOMPURAM,0,0,,0
1240,02 -  F - 10 - 02,VZM_GOST_TATIPUDI,SRUNGAVARAPUKOTA,0,0,,0
1241,02 -  F - 10 - 02,VZM_GOST_TATIPUDI,POTHANAPALLE,0,0,,0
1242,02 -  F - 10 - 02,VZM_GOST_TATIPUDI,USIRI,0,0,,0
1243,02 -  F - 10 - 02,VZM_GOST_TATIPUDI,S. KOTATALARI,0,0,,0
1244,02 -  F - 10 - 02,VZM_GOST_TATIPUDI,SANTAGAVARAMPETA,0,0,,0
1245,02 -  F - 10 - 02,VZM_GOST_TATIPUDI,PEDAVEMALI,0,0,,0
1246,02 - 06 - F  - 03,VZM_MEHADRIGEDDA,322,,,,5
1247,02 - 06 - F  - 03,VZM_MEHADRIGEDDA,354,,,,15
1248,02 - 06 - F  - 03,VZM_MEHADRIGEDDA,487,,,,18
1249,02 - 06 - F  - 03,VZM_MEHADRIGEDDA,225,,,,11
1250,02 - 06 - F  - 03,VZM_MEHADRIGEDDA,133,,,,7
1251,02 - 06 - F  - 03,VZM_MEHADRIGEDDA,1118,,,,18
1252,02 - 06 - F  - 03,VZM_MEHADRIGEDDA,180,,,,6
1253,02 - 06 - F  - 03,VZM_MEHADRIGEDDA,584,,,,11
1254,02 - 06 - F  - 03,VZM_MEHADRIGEDDA,291,,,,25
1255,02 - 06 - F  - 03,VZM_MEHADRIGEDDA,811,,,,43
1256,02 - 06 - F  - 03,VZM_MEHADRIGEDDA,3387,,,,10
1257,02 - 06 - F  - 03,VZM_MEHADRIGEDDA,348,,,,9
1258,02 - 06 - F  - 03,VZM_MEHADRIGEDDA,828,,,,10
1259,02 - 06 - F  - 03,VZM_MEHADRIGEDDA,384,,,,9
1260,02 - 06 - F  - 03,VZM_MEHADRIGEDDA,423,,,,12
1261,02 - 06 - F  - 03,VZM_MEHADRIGEDDA,529,,,,14
1262,02 - 06 - F  - 03,VZM_MEHADRIGEDDA,168,,,,9
1263,02 - 06 - F  - 03,VZM_MEHADRIGEDDA,373,,,,6
1264,02 - 06 - F  - 03,VZM_MEHADRIGEDDA,900,,,,17
1265,02 -  F - 06 - 02,VZM_NAG_GUMMIDIGEDDA,382,,,,0
1266,02 -  F - 06 - 02,VZM_NAG_GUMMIDIGEDDA,398,,,,1
1267,02 -  F - 06 - 02,VZM_NAG_GUMMIDIGEDDA,284,,,,1
1268,02 -  F - 06 - 02,VZM_NAG_GUMMIDIGEDDA,316,,,,0
1269,02 -  F - 06 - 02,VZM_NAG_GUMMIDIGEDDA,131,,,,0
1270,02 -  F - 06 - 02,VZM_NAG_GUMMIDIGEDDA,76,,,,0
1271,02 -  F - 06 - 02,VZM_NAG_GUMMIDIGEDDA,70,,,,0
1272,02 -  F - 06 - 02,VZM_NAG_GUMMIDIGEDDA,42,,,,0
1273,02 -  F - 06 - 02,VZM_NAG_GUMMIDIGEDDA,23,,,,0
1274,02 -  F - 06 - 02,VZM_NAG_GUMMIDIGEDDA,48,,,,0
1275,02 -  F - 06 - 02,VZM_NAG_GUMMIDIGEDDA,55,,,,0
1276,02 -  F - 06 - 02,VZM_NAG_GUMMIDIGEDDA,34,,,,0
1277,02 -  F - 06 - 02,VZM_NAG_GUMMIDIGEDDA,42,,,,0
1278,02 -  F - 06 - 02,VZM_NAG_GUMMIDIGEDDA,9,,,,0
1279,02 -  F - 06 - 02,VZM_NAG_GUMMIDIGEDDA,303,,,,0
1280,02 -  F - 06 - 02,VZM_NAG_GUMMIDIGEDDA,50,,,,0
1281,02 -  F - 06 - 02,VZM_NAG_GUMMIDIGEDDA,297,,,,0
1282,02 -  F - 06 - 02,VZM_NAG_GUMMIDIGEDDA,116,,,,0
1283,02 -  F - 06 - 02,VZM_NAG_GUMMIDIGEDDA,82,,,,0
1284,02 -  F - 06 - 02,VZM_NAG_GUMMIDIGEDDA,546,,,,0
1285,02 -  F - 06 - 02,VZM_NAG_GUMMIDIGEDDA,430,,,,0
1286,02 -  F - 06 - 02,VZM_NAG_GUMMIDIGEDDA,38,,,,0
1287,02 -  F - 06 - 02,VZM_NAG_GUMMIDIGEDDA,418,,,,0
1288,02 -  F - 06 - 02,VZM_NAG_GUMMIDIGEDDA,12,,,,0
1289,02 -  F - 06 - 02,VZM_NAG_GUMMIDIGEDDA,34,,,,0
1290,02 -  F - 06 - 02,VZM_NAG_GUMMIDIGEDDA,11,,,,0
1291,02 -  F - 06 - 02,VZM_NAG_GUMMIDIGEDDA,62,,,,1
1292,02 -  F - 06 - 02,VZM_NAG_GUMMIDIGEDDA,50,,,,1
1293,02 -  F - 06 - 02,VZM_NAG_GUMMIDIGEDDA,948,,,,0
1294,02 -  F - 06 - 02,VZM_NAG_GUMMIDIGEDDA,33,,,,0
1295,02 -  F - 06 - 02,VZM_NAG_GUMMIDIGEDDA,100,,,,0
1296,02 -  F - 06 - 02,VZM_NAG_GUMMIDIGEDDA,421,,,,0
1297,02 -  F - 06 - 02,VZM_NAG_GUMMIDIGEDDA,106,,,,0
1298,02 -  F - 06 - 02,VZM_NAG_GUMMIDIGEDDA,524,,,,0
1299,02 -  F - 06 - 02,VZM_NAG_GUMMIDIGEDDA,419,,,,0
1300,02 -  F - 06 - 02,VZM_NAG_GUMMIDIGEDDA,515,,,,0
1301,02 -  F - 06 - 02,VZM_NAG_GUMMIDIGEDDA,710,,,,1
1302,02 -  F - 06 - 02,VZM_NAG_GUMMIDIGEDDA,53,,,,0
1303,02 -  F - 06 - 02,VZM_NAG_GUMMIDIGEDDA,569,,,,0
1304,02 -  F - 06 - 02,VZM_NAG_GUMMIDIGEDDA,40,,,,0
1305,02 -  F - 06 - 02,VZM_NAG_GUMMIDIGEDDA,572,,,,1
1306,02 -  F - 06 - 02,VZM_NAG_GUMMIDIGEDDA,288,,,,0
1307,02 -  F - 06 - 02,VZM_NAG_GUMMIDIGEDDA,400,,,,0
1308,02 -  F - 06 - 02,VZM_NAG_GUMMIDIGEDDA,471,,,,0
1309,02 -  F - 06 - 02,VZM_NAG_GUMMIDIGEDDA,19,,,,0
1310,02 -  F - 06 - 02,VZM_NAG_GUMMIDIGEDDA,17,,,,0
1311,02 -  F - 06 - 02,VZM_NAG_GUMMIDIGEDDA,42,,,,0
1312,02 -  F - 06 - 02,VZM_NAG_GUMMIDIGEDDA,317,,,,0
1313,02 -  F - 06 - 02,VZM_NAG_GUMMIDIGEDDA,318,,,,0
1314,02 -  F - 06 - 02,VZM_NAG_GUMMIDIGEDDA,560,,,,0
1315,02 -  F - 06 - 02,VZM_NAG_GUMMIDIGEDDA,737,,,,0
1316,02 -  F - 06 - 02,VZM_NAG_GUMMIDIGEDDA,769,,,,0
1317,02 -  F - 06 - 02,VZM_NAG_GUMMIDIGEDDA,77,,,,0
1318,02 -  F - 06 - 02,VZM_NAG_GUMMIDIGEDDA,287,,,,1
1319,02 -  F - 06 - 02,VZM_NAG_GUMMIDIGEDDA,125,,,,3
1320,02 -  F - 06 - 02,VZM_NAG_GUMMIDIGEDDA,131,,,,2
1321,02 -  F - 06 - 02,VZM_NAG_GUMMIDIGEDDA,140,,,,2
1322,02 -  F - 06 - 02,VZM_NAG_GUMMIDIGEDDA,331,,,,1
1323,02 -  F - 06 - 02,VZM_NAG_GUMMIDIGEDDA,150,,,,1
1324,02 -  F - 06 - 02,VZM_NAG_GUMMIDIGEDDA,76.1024,,,,0
1325,02 -  F - 06 - 02,VZM_NAG_GUMMIDIGEDDA,485.76,,,,8
1326,02 -  F - 06 - 02,VZM_NAG_GUMMIDIGEDDA,454.9952,,,,2
1327,02 -  F - 06 - 02,VZM_NAG_GUMMIDIGEDDA,746.856,,,,2
1328,02 -  F - 06 - 02,VZM_NAG_GUMMIDIGEDDA,351.7712,,,,2
1329,02 -  F - 06 - 02,VZM_NAG_GUMMIDIGEDDA,139.2512,,,,2
1330,02 -  F - 06 - 02,VZM_NAG_GUMMIDIGEDDA,299.9568,,,,0
1331,02 -  F - 06 - 02,VZM_NAG_GUMMIDIGEDDA,217.7824,,,,0
1332,02 -  F - 06 - 02,VZM_NAG_GUMMIDIGEDDA,97.9616,,,,8
1333,02 -  F - 06 - 02,VZM_NAG_GUMMIDIGEDDA,366.65,,,,0
1334,02 -  F - 06 - 02,VZM_NAG_GUMMIDIGEDDA,365.03,,,,0
1335,02 -  F - 06 - 02,VZM_NAG_GUMMIDIGEDDA,155.4,,,,0
1336,02 -  F - 06 - 02,VZM_NAG_GUMMIDIGEDDA,370.29,,,,0
1337,02 -  F - 06 - 02,VZM_NAG_GUMMIDIGEDDA,68.8,,,,3
1338,02 -  F - 06 - 02,VZM_NAG_GUMMIDIGEDDA,608.24,,,,8
1339,02 -  F - 06 - 02,VZM_NAG_GUMMIDIGEDDA,270.73,,,,0
1340,02 -  F - 06 - 02,VZM_NAG_GUMMIDIGEDDA,390.93,,,,7
1341,02 -  F - 06 - 02,VZM_NAG_GUMMIDIGEDDA,653.97,,,,21
1342,02 -  F - 06 - 02,VZM_NAG_GUMMIDIGEDDA,227.84,,,,0
1343,02 -  F - 06 - 02,VZM_NAG_GUMMIDIGEDDA,385.26,,,,0
1344,02 -  F - 06 - 02,VZM_NAG_GUMMIDIGEDDA,399.83,,,,0
1345,02 -  F - 06 - 02,VZM_NAG_GUMMIDIGEDDA,728.43,,,,0
1346,02 -  F - 06 - 01,VZM_NAG_JANJAVATHI,898,,,,0
1347,02 -  F - 06 - 01,VZM_NAG_JANJAVATHI,317,,,,0
1348,02 -  F - 06 - 01,VZM_NAG_JANJAVATHI,221,,,,0
1349,02 -  F - 06 - 01,VZM_NAG_JANJAVATHI,461,,,,0
1350,02 -  F - 06 - 01,VZM_NAG_JANJAVATHI,501,,,,0
1351,02 -  F - 06 - 01,VZM_NAG_JANJAVATHI,630,,,,0
1352,02 -  F - 06 - 01,VZM_NAG_JANJAVATHI,478,,,,0
1353,02 -  F - 06 - 01,VZM_NAG_JANJAVATHI,176,,,,0
1354,02 -  F - 06 - 01,VZM_NAG_JANJAVATHI,567,,,,0
1355,02 -  F - 06 - 01,VZM_NAG_JANJAVATHI,633,,,,0
1356,02 -  F - 06 - 01,VZM_NAG_JANJAVATHI,565,,,,0
1357,02 -  F - 06 - 01,VZM_NAG_JANJAVATHI,303,,,,0
1358,02 -  F - 06 - 01,VZM_NAG_JANJAVATHI,441,,,,0
1359,02 -  F - 06 - 01,VZM_NAG_JANJAVATHI,49,,,,0
1360,02 -  F - 06 - 01,VZM_NAG_JANJAVATHI,16,,,,0
1361,02 -  F - 06 - 01,VZM_NAG_JANJAVATHI,33,,,,0
1362,02 -  F - 06 - 01,VZM_NAG_JANJAVATHI,172,,,,0
1363,02 -  F - 06 - 01,VZM_NAG_JANJAVATHI,10,,,,0
1364,02 -  F - 06 - 01,VZM_NAG_JANJAVATHI,37,,,,0
1365,02 -  F - 06 - 01,VZM_NAG_JANJAVATHI,243,,,,0
1366,02 -  F - 06 - 01,VZM_NAG_JANJAVATHI,432,,,,0
1367,02 -  F - 06 - 01,VZM_NAG_JANJAVATHI,216,,,,0
1368,02 -  F - 06 - 01,VZM_NAG_JANJAVATHI,145,,,,0
1369,02 -  F - 06 - 01,VZM_NAG_JANJAVATHI,312,,,,0
1370,02 -  F - 06 - 01,VZM_NAG_JANJAVATHI,49,,,,0
1371,02 -  F - 06 - 01,VZM_NAG_JANJAVATHI,464.7104,,,,0
1372,02 -  F - 06 - 01,VZM_NAG_JANJAVATHI,220.2656,,,,0
1373,02 -  F - 06 - 01,VZM_NAG_JANJAVATHI,124.3043,,,,0
1374,02 -  F - 06 - 01,VZM_NAG_JANJAVATHI,1820.8353,,,,0
1375,02 -  F - 06 - 01,VZM_NAG_JANJAVATHI,333.96,,,,0
1376,02 -  F - 06 - 01,VZM_NAG_JANJAVATHI,195.9232,,,,0
1377,02 -  F - 06 - 01,VZM_NAG_JANJAVATHI,102.4144,,,,0
1378,02 -  F - 06 - 01,VZM_NAG_JANJAVATHI,122.6544,,,,0
1379,02 -  F - 06 - 01,VZM_NAG_JANJAVATHI,233.9744,,,,0
1380,02 -  F - 06 - 01,VZM_NAG_JANJAVATHI,250.1664,,,,0
1381,02 -  F - 06 - 01,VZM_NAG_JANJAVATHI,191.4704,,,,0
1382,02 -  F - 06 - 01,VZM_NAG_JANJAVATHI,73.2688,,,,0
1383,02 -  F - 06 - 01,VZM_NAG_JANJAVATHI,65.1728,,,,0
1384,02 -  F - 06 - 01,VZM_NAG_JANJAVATHI,638.3696,,,,0
1385,02 -  F - 06 - 01,VZM_NAG_JANJAVATHI,113.344,,,,0
1386,02 -  F - 06 - 01,VZM_NAG_JANJAVATHI,283.36,,,,0
1387,02 -  F - 06 - 01,VZM_NAG_JANJAVATHI,148.9664,,,,0
1388,02 -  F - 06 - 01,VZM_NAG_JANJAVATHI,141.2752,,,,0
1389,02 -  F - 06 - 01,VZM_NAG_JANJAVATHI,1737.4016,,,,0
1390,02 -  F - 06 - 01,VZM_NAG_JANJAVATHI,387.7984,,,,0
1391,02 -  F - 06 - 01,VZM_NAG_JANJAVATHI,231.5456,,,,0
1392,02 -  F - 06 - 01,VZM_NAG_JANJAVATHI,133.9888,,,,0
1393,02 -  F - 06 - 01,VZM_NAG_JANJAVATHI,56.672,,,,0
1394,02 -  F - 06 - 01,VZM_NAG_JANJAVATHI,16.192,,,,0
1395,02 -  F - 06 - 01,VZM_NAG_JANJAVATHI,753.7376,,,,0
1396,02 -  F - 06 - 01,VZM_NAG_JANJAVATHI,61.9344,,,,0
1397,02 -  F - 06 - 01,VZM_NAG_JANJAVATHI,47.3616,,,,0
1398,02 -  F - 06 - 01,VZM_NAG_JANJAVATHI,104.8432,,,,0
1399,02 -  F - 06 - 01,VZM_NAG_JANJAVATHI,183.7792,,,,0
1400,02 -  F - 06 - 01,VZM_NAG_JANJAVATHI,175.6832,,,,0
1401,02 -  F - 06 - 01,VZM_NAG_JANJAVATHI,230.3312,,,,0
1402,02 -  F - 06 - 01,VZM_NAG_JANJAVATHI,156.6576,,,,0
1403,02 -  F - 06 - 01,VZM_NAG_JANJAVATHI,116.5824,,,,0
1404,02 -  F - 06 - 01,VZM_NAG_JANJAVATHI,64.3632,,,,0
1405,02 -  F - 06 - 01,VZM_NAG_JANJAVATHI,444.8752,,,,0
1406,02 -  F - 06 - 01,VZM_NAG_JANJAVATHI,276.4784,,,,0
1407,02 -  F - 06 - 01,VZM_NAG_JANJAVATHI,259.4768,,,,0
1408,02 -  F - 06 - 01,VZM_NAG_JANJAVATHI,154.6336,,,,0
1409,02 -  F - 06 - 01,VZM_NAG_JANJAVATHI,18.216,,,,0
1410,02 -  F - 06 - 01,VZM_NAG_JANJAVATHI,352.176,,,,0
1411,02 -  F - 06 - 01,VZM_NAG_JANJAVATHI,1073.5296,,,,0
1412,02 -  F - 06 - 01,VZM_NAG_JANJAVATHI,414.1104,,,,0
1413,02 -  F - 06 - 01,VZM_NAG_JANJAVATHI,308.4576,,,,0
1414,02 -  F - 06 - 01,VZM_NAG_JANJAVATHI,619.7488,,,,0
1415,02 -  F - 06 - 01,VZM_NAG_JANJAVATHI,331.936,,,,0
1416,02 -  F - 06 - 01,VZM_NAG_JANJAVATHI,42.504,,,,0
1417,02 -  F - 06 - 01,VZM_NAG_JANJAVATHI,233.5696,,,,0
1418,02 -  F - 06 - 01,VZM_NAG_JANJAVATHI,187.0176,,,,0
1419,02 -  F - 06 - 01,VZM_NAG_JANJAVATHI,922.1344,,,,0
1420,02 -  F - 06 - 01,VZM_NAG_JANJAVATHI,338.8176,,,,0
1421,02 -  F - 06 - 01,VZM_NAG_JANJAVATHI,233.5696,,,,0
1422,02 -  F - 06 - 01,VZM_NAG_JANJAVATHI,112.9392,,,,0
1423,02 -  F - 06 - 01,VZM_NAG_JANJAVATHI,355.4144,,,,0
1424,02 -  F - 06 - 01,VZM_NAG_JANJAVATHI,148.1568,,,,0
1425,02 -  F - 06 - 01,VZM_NAG_JANJAVATHI,727.4256,,,,0
1426,02 -  F - 06 - 01,VZM_NAG_JANJAVATHI,167.5872,,,,0
1427,02 -  F - 06 - 01,VZM_NAG_JANJAVATHI,125.488,,,,0
1428,02 -  F - 06 - 01,VZM_NAG_JANJAVATHI,145.3232,,,,0
1429,02 -  F - 06 - 01,VZM_NAG_JANJAVATHI,291.0512,,,,2
1430,02 -  F - 06 - 01,VZM_NAG_JANJAVATHI,205.6384,,,,2
1431,02 -  F - 06 - 01,VZM_NAG_JANJAVATHI,291.8608,,,,2
1432,02 -  F - 06 - 01,VZM_NAG_JANJAVATHI,70.84,,,,2
1433,02 -  F - 06 - 01,VZM_NAG_JANJAVATHI,161.1104,,,,2
1434,02 -  F - 06 - 01,VZM_NAG_JANJAVATHI,246.5232,,,,2
1435,02 -  F - 06 - 01,VZM_NAG_JANJAVATHI,55.4576,,,,2
1436,02 -  F - 06 - 01,VZM_NAG_JANJAVATHI,497.904,,,,5
1437,02 -  F - 06 - 01,VZM_NAG_JANJAVATHI,131.9648,,,,2
1438,02 -  F - 06 - 01,VZM_NAG_JANJAVATHI,441.6368,,,,2
1439,02 -  F - 06 - 01,VZM_NAG_JANJAVATHI,622.1776,,,,3
1440,02 -  F - 06 - 01,VZM_NAG_JANJAVATHI,253,,,,0
1441,02 -  F - 06 - 01,VZM_NAG_JANJAVATHI,236.808,,,,2
1442,02 -  F - 06 - 01,VZM_NAG_JANJAVATHI,181.7552,,,,2
1443,02 -  F - 06 - 01,VZM_NAG_JANJAVATHI,246.5232,,,,2
1444,02 -  F - 06 - 01,VZM_NAG_JANJAVATHI,185.8032,,,,2
1445,02 -  F - 06 - 01,VZM_NAG_JANJAVATHI,231.9504,,,,2
1446,02 -  F - 06 - 01,VZM_NAG_JANJAVATHI,87.8416,,,,2
1447,02 -  F - 06 - 01,VZM_NAG_JANJAVATHI,442.0416,,,,0
1448,02 -  F - 06 - 01,VZM_NAG_JANJAVATHI,129.536,,,,0
1449,02 -  F - 06 - 01,VZM_NAG_JANJAVATHI,306.8384,,,,0
1450,02 -  F - 06 - 01,VZM_NAG_JANJAVATHI,671.5632,,,,12
1451,02 -  F - 06 - 01,VZM_NAG_JANJAVATHI,41.6944,,,,0
1452,02 -  F - 06 - 01,VZM_NAG_JANJAVATHI,50.1952,,,,2
1453,02 -  F - 06 - 01,VZM_NAG_JANJAVATHI,36.8368,,,,2
1454,02 -  F - 06 - 01,VZM_NAG_JANJAVATHI,577.6496,,,,2
1455,02 -  F - 06 - 01,VZM_NAG_JANJAVATHI,363.5104,,,,4
1456,02 -  F - 06 - 01,VZM_NAG_JANJAVATHI,104.4384,,,,4
1457,02 -  F - 06 - 01,VZM_NAG_JANJAVATHI,79.7456,,,,4
1458,02 -  F - 06 - 01,VZM_NAG_JANJAVATHI,435.5648,,,,18
1459,02 -  F - 06 - 01,VZM_NAG_JANJAVATHI,460.6624,,,,11
1460,02 -  F - 06 - 01,VZM_NAG_JANJAVATHI,393.0608,,,,12
1461,02 -  F - 06 - 01,VZM_NAG_JANJAVATHI,539,,,,5
1462,02 -  F - 06 - 01,VZM_NAG_JANJAVATHI,514,,,,3
1463,02 -  F - 06 - 01,VZM_NAG_JANJAVATHI,543,,,,3
1464,02 -  F - 06 - 01,VZM_NAG_JANJAVATHI,137,,,,3
1465,02 -  F - 06 - 01,VZM_NAG_JANJAVATHI,88,,,,4
1466,02 -  F - 06 - 01,VZM_NAG_JANJAVATHI,208,,,,12
1467,02 -  F - 06 - 01,VZM_NAG_JANJAVATHI,206,,,,6
1468,02 -  F - 06 - 01,VZM_NAG_JANJAVATHI,317,,,,12
1469,02 -  F - 06 - 01,VZM_NAG_JANJAVATHI,356,,,,6
1470,02 -  F - 06 - 01,VZM_NAG_JANJAVATHI,121,,,,8
1471,02 -  F - 06 - 01,VZM_NAG_JANJAVATHI,354,,,,8
1472,02 -  F - 06 - 01,VZM_NAG_JANJAVATHI,426,,,,25
1473,02 -  F - 06 - 01,VZM_NAG_JANJAVATHI,346,,,,19
1474,02 -  F - 06 - 01,VZM_NAG_JANJAVATHI,425,,,,11
1475,02 -  F - 06 - 01,VZM_NAG_JANJAVATHI,728,,,,12
1476,02 -  F - 06 - 01,VZM_NAG_JANJAVATHI,184,,,,15
1477,02 -  F - 06 - 01,VZM_NAG_JANJAVATHI,153,,,,4
1478,02 -  F - 06 - 01,VZM_NAG_JANJAVATHI,272,,,,5
1479,02 - 06 - F  - 04,VZM_NAG_KEDARIPURAM,6,,,,1
1480,02 - 06 - F  - 04,VZM_NAG_KEDARIPURAM,6,,,,1
1481,02 - 06 - F  - 04,VZM_NAG_KEDARIPURAM,13,,,,2
1482,02 - 06 - F  - 04,VZM_NAG_KEDARIPURAM,4,,,,1
1483,02 - 06 - F  - 04,VZM_NAG_KEDARIPURAM,182,,,,2
1484,02 - 06 - F  - 04,VZM_NAG_KEDARIPURAM,1,,,,
1485,02 - 06 - F  - 04,VZM_NAG_KEDARIPURAM,234,,,,4
1486,02 - 06 - F  - 04,VZM_NAG_KEDARIPURAM,17,,,,4
1487,02 - 06 - F  - 04,VZM_NAG_KEDARIPURAM,277,,,,5
1488,02 - 06 - F  - 04,VZM_NAG_KEDARIPURAM,17,,,,1
1489,02 - 06 - F  - 04,VZM_NAG_KEDARIPURAM,110,,,,3
1490,02 - 06 - F  - 04,VZM_NAG_KEDARIPURAM,240,,,,20
1491,02 - 06 - F  - 04,VZM_NAG_KEDARIPURAM,385,,,,7
1492,02 - 06 - F  - 04,VZM_NAG_KEDARIPURAM,126,,,,4
1493,02 - 06 - F  - 04,VZM_NAG_KEDARIPURAM,1198,,,,14
1494,02 - 06 - F  - 04,VZM_NAG_KEDARIPURAM,157,,,,8
1495,02 - 06 - F  - 04,VZM_NAG_KEDARIPURAM,606,,,,8
1496,02 - 06 - F  - 04,VZM_NAG_KEDARIPURAM,340,,,,7
1497,02 - 06 - F  - 04,VZM_NAG_KEDARIPURAM,374,,,,4
1498,02 - 06 - F  - 04,VZM_NAG_KEDARIPURAM,334,,,,6
1499,02 - 06 - F  - 04,VZM_NAG_KEDARIPURAM,901,,,,3
1500,02 - 06 - F  - 04,VZM_NAG_KEDARIPURAM,366,,,,3
1501,02 - 06 - F  - 04,VZM_NAG_KEDARIPURAM,2,,,,0
1502,02 - 06 - F  - 04,VZM_NAG_KEDARIPURAM,337,,,,1
1503,02 - 06 - F  - 04,VZM_NAG_KEDARIPURAM,6,,,,1
1504,02 - 06 - F  - 04,VZM_NAG_KEDARIPURAM,354,,,,2
1505,02 - 06 - F  - 04,VZM_NAG_KEDARIPURAM,5,,,,1
1506,02 - 06 - F  - 04,VZM_NAG_KEDARIPURAM,108,,,,8
1507,02 - 06 - F  - 04,VZM_NAG_KEDARIPURAM,48,,,,1
1508,02 - 06 - F  - 04,VZM_NAG_KEDARIPURAM,134,,,,6
1509,02 - 06 - F  - 04,VZM_NAG_KEDARIPURAM,440,,,,4
1510,02 - 06 - F  - 04,VZM_NAG_KEDARIPURAM,653,,,,5
1511,02 - 06 - F  - 04,VZM_NAG_KEDARIPURAM,186,,,,2
1512,02 - 06 - F  - 04,VZM_NAG_KEDARIPURAM,775,,,,7
1513,02 - 06 - F  - 04,VZM_NAG_KEDARIPURAM,540,,,,3
1514,02 - 06 - F  - 04,VZM_NAG_KEDARIPURAM,356,,,,1
1515,02 - 06 - F  - 04,VZM_NAG_KEDARIPURAM,535,,,,1
1516,02 - 06 - F  - 04,VZM_NAG_KEDARIPURAM,1005,,,,7
1517,02 - 06 - F  - 04,VZM_NAG_KEDARIPURAM,918,,,,6
1518,02 - 06 - F  - 04,VZM_NAG_KEDARIPURAM,460,,,,4
1519,02 - 06 - F  - 04,VZM_NAG_KEDARIPURAM,495,,,,1
1520,02 - 06 - F  - 04,VZM_NAG_KEDARIPURAM,55,,,,0
1521,02 - 06 - F  - 04,VZM_NAG_KEDARIPURAM,11,,,,0
1522,02 - 06 - F  - 04,VZM_NAG_KEDARIPURAM,16,,,,1
1523,02 - 06 - F  - 04,VZM_NAG_KEDARIPURAM,74,,,,4
1524,02 - 06 - F  - 04,VZM_NAG_KEDARIPURAM,428,,,,4
1525,02 - 06 - F  - 04,VZM_NAG_KEDARIPURAM,396,,,,14
1526,02 - 06 - F  - 04,VZM_NAG_KEDARIPURAM,777,,,,8
1527,02 - 06 - F  - 04,VZM_NAG_KEDARIPURAM,949,,,,11
1528,02 - 06 - F  - 04,VZM_NAG_KEDARIPURAM,869,,,,14
1529,02 - 06 - F  - 04,VZM_NAG_KEDARIPURAM,83,,,,2
1530,02 - 06 - F  - 04,VZM_NAG_KEDARIPURAM,16,,,,3
1531,02 - 06 - F  - 04,VZM_NAG_KEDARIPURAM,500,,,,0
1532,02 - 06 - F  - 04,VZM_NAG_KEDARIPURAM,438,,,,10
1533,02 - 06 - F  - 04,VZM_NAG_KEDARIPURAM,404.69,,,,13
1534,02 - 06 - F  - 04,VZM_NAG_KEDARIPURAM,441.51,,,,4
1535,02 - 06 - F  - 04,VZM_NAG_KEDARIPURAM,728.43,,,,9
1536,02 - 06 - F  - 04,VZM_NAG_KEDARIPURAM,525.69,,,,3
1537,02 - 06 - F  - 04,VZM_NAG_KEDARIPURAM,416.42,,,,4
1538,02 - 06 - F  - 04,VZM_NAG_KEDARIPURAM,427.75,,,,4
1539,02 - 06 - F  - 04,VZM_NAG_KEDARIPURAM,350.05,,,,10
1540,02 - 06 - F  - 04,VZM_NAG_KEDARIPURAM,549.16,,,,9
1541,02 - 06 - F  - 04,VZM_NAG_KEDARIPURAM,530.54,,,,12
1542,02 - 06 - F  - 04,VZM_NAG_KEDARIPURAM,322.53,,,,15
1543,02 - 06 - F  - 04,VZM_NAG_KEDARIPURAM,255.76,,,,8
1544,02 - 06 - F  - 04,VZM_NAG_KEDARIPURAM,696.87,,,,26
1545,02 - 06 - F  - 04,VZM_NAG_KEDARIPURAM,205.99,,,,2
1546,02 - 06 - F  - 04,VZM_NAG_KEDARIPURAM,284.09,,,,1
1547,02 - 06 - F  - 04,VZM_NAG_KEDARIPURAM,405.9,,,,14
1548,02 - 06 - F  - 04,VZM_NAG_KEDARIPURAM,456.49,,,,4
1549,1,1,1,1,1,1,1
