,,,,Command Area,,Non command Area,,Poor quality area,,
Sr.no,Watershed code,GW watershed name,village name,Residential,,Residential,,Residential,,
1,09_C_62_6,NLR_C_62_BRAHMANAKRAKA,Kesavaram,,,11,1,,,12
2,09_C_62_6,NLR_C_62_BRAHMANAKRAKA,Annavaram,19,1,,,,,20
3,09_C_62_6,NLR_C_62_BRAHMANAKRAKA,Chinakraka,16,1,,,,,17
4,09_C_62_6,NLR_C_62_BRAHMANAKRAKA,Kodandaramapuram,,,5,1,,,6
5,09_C_62_6,NLR_C_62_BRAHMANAKRAKA,Brahmanakraka,6,1,,,,,7
6,09_C_62_6,NLR_C_62_BRAHMANAKRAKA,Chamadala,,1,,,,,1
7,09_C_62_6,NLR_C_62_BRAHMANAKRAKA,Krishnampadu,6,1,,,,,7
8,09_C_62_6,NLR_C_62_BRAHMANAKRAKA,Somavarampadu,30,1,,,,,31
9,09_C_62_6,NLR_C_62_BRAHMANAKRAKA,Mungamuru,4,1,,,,,5
10,09_C_62_6,NLR_C_62_BRAHMANAKRAKA,Sambasivapuram,5,1,,,,,6
11,09_C_62_6,NLR_C_62_BRAHMANAKRAKA,Krakutur,,,21,1,,,22
12,09_C_62_6,NLR_C_62_BRAHMANAKRAKA,Pedakonduru,,,8,1,,,9
13,09_C_62_6,NLR_C_62_BRAHMANAKRAKA,Kummarakonduru,,,8,1,,,9
14,09_C_62_6,NLR_C_62_BRAHMANAKRAKA,Parrikota agraharam,,,8,1,,,9
15,09_C_62_6,NLR_C_62_BRAHMANAKRAKA,Siddanakonduru,,,3,1,,,4
16,09_C_62_6,NLR_C_62_BRAHMANAKRAKA,Anantapuram,,,13,1,,,14
17,09_C_62_6,NLR_C_62_BRAHMANAKRAKA,Lakshmipuram,15,1,,,,,16
18,09_C_62_6,NLR_C_62_BRAHMANAKRAKA,Gudladona,25,1,,,,,26
19,09_C_62_6,NLR_C_62_BRAHMANAKRAKA,Manubolupadu,13,1,,,,,14
20,09_C_62_6,NLR_C_62_BRAHMANAKRAKA,Bodagudipadu,7,1,,,,,8
21,09_C_62_7,NLR_C_62_BRAHMANAKRAKA,Total,146,12,77,8,0,0,243
22,09_C_62_9,NLR_C_62_BOGOLE,Gowravaram,5,4,,,,,9
23,09_C_62_9,NLR_C_62_BOGOLE,Bitragunta,7,5,,,,,12
24,09_C_62_9,NLR_C_62_BOGOLE,Talluru,10,3,,,,,13
25,09_C_62_9,NLR_C_62_BOGOLE,Jakkapalliguduru,19,2,,,,,21
26,09_C_62_9,NLR_C_62_BOGOLE,Bogole,6,3,,,,,9
27,09_C_62_9,NLR_C_62_BOGOLE,Kovurpalli,5,2,,,,,7
28,09_C_62_9,NLR_C_62_BOGOLE,Umamaheswarapuram,4,2,,,,,6
29,09_C_62_9,NLR_C_62_BOGOLE,Allimadugu,6,2,,,,,8
30,09_C_62_9,NLR_C_62_BOGOLE,Juvvaladinne,5,2,,,,,7
31,09_C_62_9,NLR_C_62_BOGOLE,Siddavarapu Venkatesupalem,2,2,,,,,4
32,09_C_62_9,NLR_C_62_BOGOLE,Mallayapalem,5,2,,,,,7
33,09_C_62_9,NLR_C_62_BOGOLE,Kaminenipalem,,,6,1,,,7
34,09_C_62_9,NLR_C_62_BOGOLE,Damavaram,,,27,4,,,31
35,09_C_62_9,NLR_C_62_BOGOLE,Anantavaram,,,10,2,,,12
36,09_C_62_9,NLR_C_62_BOGOLE,Ulavapalla,,,9,2,,,11
37,09_C_62_9,NLR_C_62_BOGOLE,Kottapallikowregunta,,,24,1,,,25
38,09_C_62_9,NLR_C_62_BOGOLE,Velicherla,2,2,,,,,4
39,09_C_62_9,NLR_C_62_BOGOLE,Singapeta,3,3,,,,,6
40,09_C_62_9,NLR_C_62_BOGOLE,Allurupeta,1,7,,,,,8
41,09_C_62_9,NLR_C_62_BOGOLE,Iskapalli,0,7,,,,,7
42,09_C_62_9,NLR_C_62_BOGOLE,Gogulapalli,6,3,,,,,9
43,09_C_62_9,NLR_C_62_BOGOLE,Allur,5,3,,,,,8
44,09_C_62_9,NLR_C_62_BOGOLE,Graddagunta,4,2,,,,,6
45,09_C_62_9,NLR_C_62_BOGOLE,Batrakagollu,,,4,1,,,5
46,09_C_62_9,NLR_C_62_BOGOLE,Total,95,56,80,11,0,0,242
47,09_C_62_7,NLR_C_62_JALADANKI,Gattupalli,,,33,3,,,36
48,09_C_62_7,NLR_C_62_JALADANKI,Jaladanki,65,10,,,,,75
49,09_C_62_7,NLR_C_62_JALADANKI,Rajovari Chintalapalem,,,6,2,,,8
50,09_C_62_7,NLR_C_62_JALADANKI,Total,65,10,39,5,0,0,119
51,09_C_62_8,NLR_C_62_KAVALI,Jammalapalem,,,26,1,,,27
52,09_C_62_8,NLR_C_62_KAVALI,Chelamcherla,,,37,2,,,39
53,09_C_62_8,NLR_C_62_KAVALI,Kottapalli,,,10,1,,,11
54,09_C_62_8,NLR_C_62_KAVALI,Maddurupadu,,,13,1,,,14
55,09_C_62_8,NLR_C_62_KAVALI,Rudrakota,,,16,1,,,17
56,09_C_62_8,NLR_C_62_KAVALI,Chennayapalem,,,7,1,,,8
57,09_C_62_8,NLR_C_62_KAVALI,Anemadugu,,,3,1,,,4
58,09_C_62_8,NLR_C_62_KAVALI,Tummalapenta,,,3,1,,,4
59,09_C_62_8,NLR_C_62_KAVALI,Kavali  II,12,2,,,,,14
60,09_C_62_8,NLR_C_62_KAVALI,Kavali I (U),600,40,,,,,640
61,09_C_62_8,NLR_C_62_KAVALI,Budamgunta,,,8,1,,,9
62,09_C_62_8,NLR_C_62_KAVALI,Musanuru,,,22,1,,,23
63,09_C_62_8,NLR_C_62_KAVALI,Mannangidinne,,,4,1,,,5
64,09_C_62_8,NLR_C_62_KAVALI,Tallapalem,,,4,1,,,5
65,09_C_62_8,NLR_C_62_KAVALI,Total,612,42,153,13,0,0,820
66,09_C_76_42,NLR_C_76_TADA,Mizuru,,,5,1,,,6
67,09_C_76_42,NLR_C_76_TADA,Krishna reddi tagelu,,,9,0,,,9
68,09_C_76_42,NLR_C_76_TADA,Davidagunta,,,,,,,0
69,09_C_76_42,NLR_C_76_TADA,Pandalagunta,,,,,,,0
70,09_C_76_42,NLR_C_76_TADA,Jangalapalli,,,2,,,,2
71,09_C_76_42,NLR_C_76_TADA,Mannemutturu,,,2,1,,,3
72,09_C_76_42,NLR_C_76_TADA,Degapalem,,,2,,,,2
73,09_C_76_42,NLR_C_76_TADA,K.C.N.gunta,,,6,1,,,7
74,09_C_76_42,NLR_C_76_TADA,Gopala reddy palem,,,2,,,,2
75,09_C_76_42,NLR_C_76_TADA,Kudiri,,,1,1,,,2
76,09_C_76_42,NLR_C_76_TADA,Kudiritippa kandriga,,,3,1,,,4
77,09_C_76_42,NLR_C_76_TADA,Pulivendra,,,2,0,,,2
78,09_C_76_42,NLR_C_76_TADA,Konduru,,,9,1,,,10
79,09_C_76_42,NLR_C_76_TADA,GOLLAMULUVU,,,,,,,0
80,09_C_76_42,NLR_C_76_TADA,VELAGALA VAGU,,,3,0,,,3
81,09_C_76_42,NLR_C_76_TADA,PALLEPALEM,,,2,,,,2
82,09_C_76_42,NLR_C_76_TADA,THOPU KHANDRIKA,,,,,,,0
83,09_C_76_42,NLR_C_76_TADA,KARIJATHA,,,4,1,,,5
84,09_C_76_42,NLR_C_76_TADA,VATAMBEDU,,,6,1,,,7
85,09_C_76_42,NLR_C_76_TADA,DEVUNI KHANDRIKA,,,2,,,,2
86,09_C_76_42,NLR_C_76_TADA,AKKAMPETA,,,4,0,,,4
87,09_C_76_42,NLR_C_76_TADA,GRADDAGUNTA,,,20,1,,,21
88,09_C_76_42,NLR_C_76_TADA,ANDAGUNDALA,,,4,1,,,5
89,09_C_76_42,NLR_C_76_TADA,TADA KHANDRIKA,,,5,1,,,6
90,09_C_76_42,NLR_C_76_TADA,TADA,,,2,1,,,3
91,09_C_76_42,NLR_C_76_TADA,Poodi,,,3,1,,,4
92,09_C_76_42,NLR_C_76_TADA,KARUR,,,3,1,,,4
93,09_C_76_42,NLR_C_76_TADA,BHEEMULAVARIPALEM,,,2,,,,2
94,09_C_76_42,NLR_C_76_TADA,PERIAVATTU,,,3,,,,3
95,09_C_76_42,NLR_C_76_TADA,RAMAPURAM,,,1,1,,,2
96,09_C_76_42,NLR_C_76_TADA,PANNAMGADU,,,4,1,,,5
97,09_C_76_42,NLR_C_76_TADA,Pulicat lake,,,,,,,0
98,09_C_76_42,NLR_C_76_TADA,Total,0,0,111,16,0,0,127
99,09_C_72_12,NLR_C_72_A.S.PETA,Ravulakollu,,,10,1,,,11
100,09_C_72_12,NLR_C_72_A.S.PETA,Kaligiri,,,55,4,,,59
101,09_C_72_12,NLR_C_72_A.S.PETA,Veerannakollu,,,23,1,,,24
102,09_C_72_12,NLR_C_72_A.S.PETA,Nagasamudram,,,9,1,,,10
103,09_C_72_12,NLR_C_72_A.S.PETA,Venkannapalem,,,5,1,,,6
104,09_C_72_12,NLR_C_72_A.S.PETA,Peddaannalur,,,4,1,,,5
105,09_C_72_12,NLR_C_72_A.S.PETA,Velagapadu,,,27,3,,,30
106,09_C_72_12,NLR_C_72_A.S.PETA,Kavalimustapuram,,,10,2,,,12
107,09_C_72_12,NLR_C_72_A.S.PETA,Kothapeta,,,9,1,,,10
108,09_C_72_12,NLR_C_72_A.S.PETA,Vinjamur,,,145,4,,,149
109,09_C_72_12,NLR_C_72_A.S.PETA,Bukkapuram,,,16,2,,,18
110,09_C_72_12,NLR_C_72_A.S.PETA,Chandrapadia,,,6,1,,,7
111,09_C_72_12,NLR_C_72_A.S.PETA,Chintalapalem,,,9,1,,,10
112,09_C_72_12,NLR_C_72_A.S.PETA,Nabbinagaram,,,3,1,,,4
113,09_C_72_12,NLR_C_72_A.S.PETA,Pamidipadu,,,1,1,,,2
114,09_C_72_12,NLR_C_72_A.S.PETA,Nellorepalem,6,1,,,,,7
115,09_C_72_12,NLR_C_72_A.S.PETA,Atmakur,,,125,8,,,133
116,09_C_72_12,NLR_C_72_A.S.PETA,Vasili,,,14,2,,,16
117,09_C_72_12,NLR_C_72_A.S.PETA,Dubagunta,,,10,1,,,11
118,09_C_72_12,NLR_C_72_A.S.PETA,Chowtabheemavaram,,,20,2,,,22
119,09_C_72_12,NLR_C_72_A.S.PETA,Gudipadu,,,39,2,,,41
120,09_C_72_12,NLR_C_72_A.S.PETA,Gumparlapadu,,,23,1,,,24
121,09_C_72_12,NLR_C_72_A.S.PETA,Pandipadu,,,7,1,,,8
122,09_C_72_12,NLR_C_72_A.S.PETA,Peddaabbipuram,,,10,2,,,12
123,09_C_72_12,NLR_C_72_A.S.PETA,Rajavolu,,,30,1,,,31
124,09_C_72_12,NLR_C_72_A.S.PETA,Ponugodu,,,12,1,,,13
125,09_C_72_12,NLR_C_72_A.S.PETA,Anumasamudrampeta,11,1,,,,,12
126,09_C_72_12,NLR_C_72_A.S.PETA,Kakarlapadu,,,10,1,,,11
127,09_C_72_12,NLR_C_72_A.S.PETA,Zammavaram,,,14,1,,,15
128,09_C_72_12,NLR_C_72_A.S.PETA,Kavali yadavalli,26,1,,,,,27
129,09_C_72_12,NLR_C_72_A.S.PETA,Velpulagunta,,,4,1,,,5
130,09_C_72_12,NLR_C_72_A.S.PETA,Akbarabad,,,8,1,,,9
131,09_C_72_12,NLR_C_72_A.S.PETA,Chiramana,,,31,2,,,33
132,09_C_72_12,NLR_C_72_A.S.PETA,Chandalurupadu,,,10,1,,,11
133,09_C_72_12,NLR_C_72_A.S.PETA,Anumasamudram,,,38,1,,,39
134,09_C_72_12,NLR_C_72_A.S.PETA,Kuppurupadu,,,9,1,,,10
135,09_C_72_12,NLR_C_72_A.S.PETA,Kondameedikonduru,,,10,1,,,11
136,09_C_72_12,NLR_C_72_A.S.PETA,Peramana,,,24,1,,,25
137,09_C_72_12,NLR_C_72_A.S.PETA,Neelayapalem,,,4,1,,,5
138,09_C_72_12,NLR_C_72_A.S.PETA,Kolagatla,3,1,,,,,4
139,09_C_72_12,NLR_C_72_A.S.PETA,Total,46,4,784,58,0,0,892
140,09_c_72_15,NLR_C_72_ANANTASAGARAM,Yerrakonda hills,,,,0,,,0
141,09_c_72_15,NLR_C_72_ANANTASAGARAM,Velikonda hills,,,,0,,,0
142,09_c_72_15,NLR_C_72_ANANTASAGARAM,Naginenigunta,,,18,2,,,20
143,09_c_72_15,NLR_C_72_ANANTASAGARAM,Singannapalle,,,15,1,,,16
144,09_c_72_15,NLR_C_72_ANANTASAGARAM,Padamatinaidupalle,,,42,2,,,44
145,09_c_72_15,NLR_C_72_ANANTASAGARAM,Chunchuluru,,,29,1,,,30
146,09_c_72_15,NLR_C_72_ANANTASAGARAM,Pallavolu,,,35,1,,,36
147,09_c_72_15,NLR_C_72_ANANTASAGARAM,Ponguru,,,25,1,,,26
148,09_c_72_15,NLR_C_72_ANANTASAGARAM,Bandarupalli,,,9,2,,,11
149,09_c_72_15,NLR_C_72_ANANTASAGARAM,Kanupurupalli,,,4,1,,,5
150,09_c_72_15,NLR_C_72_ANANTASAGARAM,Velikonda hills,,,,,,,0
151,09_c_72_15,NLR_C_72_ANANTASAGARAM,Chapuralllapalle,,,8,1,,,9
152,09_c_72_15,NLR_C_72_ANANTASAGARAM,Bommavaram,,,30,4,,,34
153,09_c_72_15,NLR_C_72_ANANTASAGARAM,Tholijapuram,,,,,,,0
154,09_c_72_15,NLR_C_72_ANANTASAGARAM,Gowravaram,,,16,1,,,17
155,09_c_72_15,NLR_C_72_ANANTASAGARAM,Amanichiruvella,10,2,,,,,12
156,09_c_72_15,NLR_C_72_ANANTASAGARAM,Inagalur,14,1,,,,,15
157,09_c_72_15,NLR_C_72_ANANTASAGARAM,Anantasagaram,75,5,,,,,80
158,09_c_72_15,NLR_C_72_ANANTASAGARAM,Kamereddipadu,17,1,,,,,18
159,09_c_72_15,NLR_C_72_ANANTASAGARAM,Mangupalle,46,4,,,,,50
160,09_c_72_15,NLR_C_72_ANANTASAGARAM,Patalapalle,16,2,,,,,18
161,09_c_72_15,NLR_C_72_ANANTASAGARAM,Padamatikambhampadu,23,2,,,,,25
162,09_c_72_15,NLR_C_72_ANANTASAGARAM,Somasila,7,1,,,,,8
163,09_c_72_15,NLR_C_72_ANANTASAGARAM,Uppalapadu,9,1,,,,,10
164,09_c_72_15,NLR_C_72_ANANTASAGARAM,Varikuntapadu,,,3,1,,,4
165,09_c_72_15,NLR_C_72_ANANTASAGARAM,Bedusupalli,16,1,,,,,17
166,09_c_72_15,NLR_C_72_ANANTASAGARAM,Devarayapalli-1,50,4,,,,,54
167,09_c_72_15,NLR_C_72_ANANTASAGARAM,Devarayapalli-II,2,1,,,,,3
168,09_c_72_15,NLR_C_72_ANANTASAGARAM,Revuru,,,28,3,,,31
169,09_C_72_17,NLR_C_72_CHEJARLA,Yanamadala,,,9,1,,,10
170,09_C_72_17,NLR_C_72_CHEJARLA,Chejarla,48,3,,,,,51
171,09_C_72_17,NLR_C_72_CHEJARLA,Timmayapalem,4,1,,,,,5
172,09_C_72_17,NLR_C_72_CHEJARLA,Kalayapalem,3,1,,,,,4
173,09_C_72_17,NLR_C_72_CHEJARLA,Nagulavellaturu,5,3,,,,,8
174,09_C_72_17,NLR_C_72_CHEJARLA,Billupadu,9,1,,,,,10
175,09_C_72_17,NLR_C_72_CHEJARLA,Kakivoya,21,3,,,,,24
176,09_C_72_17,NLR_C_72_CHEJARLA,Topugunta,,,6,1,,,7
177,09_C_72_17,NLR_C_72_CHEJARLA,Cheepinapi,,,14,1,,,15
178,09_C_72_17,NLR_C_72_CHEJARLA,Chintalatmakur,,,18,1,,,19
179,09_C_72_17,NLR_C_72_CHEJARLA,Pallakonda,,,11,1,,,12
180,09_C_72_17,NLR_C_72_CHEJARLA,Kesamanenipalle,,,16,1,,,17
181,09_C_72_17,NLR_C_72_CHEJARLA,Chinagopavaram,,,21,1,,,22
182,09_C_72_17,NLR_C_72_CHEJARLA,Kanupurupalle,,,31,1,,,32
183,09_C_72_16,NLR_C_72_KALUVOYA,Kotitheertham,20,2,,,,,22
184,09_C_72_16,NLR_C_72_KALUVOYA,Veligonda hills,,,,,,,0
185,09_C_72_16,NLR_C_72_KALUVOYA,Kullur,50,5,,,,,55
186,09_C_72_16,NLR_C_72_KALUVOYA,Brahmanapalle,23,1,,,,,24
187,09_C_72_16,NLR_C_72_KALUVOYA,Baddevolu,22,2,,,,,24
188,09_C_72_16,NLR_C_72_KALUVOYA,Kaluvai,60,8,,,,,68
189,09_C_72_16,NLR_C_72_KALUVOYA,Iskapalle,2,1,,,,,3
190,09_C_72_16,NLR_C_72_KALUVOYA,Nukanapalle,10,2,,,,,12
191,09_C_72_16,NLR_C_72_KALUVOYA,Telugurayapuram,10,2,,,,,12
192,09_C_72_16,NLR_C_72_KALUVOYA,Topuguntaagraharam,,,4,2,,,6
193,09_C_72_16,NLR_C_72_KALUVOYA,Madannagaripalle,,,22,2,,,24
194,09_C_72_16,NLR_C_72_KALUVOYA,Chintalapalem,,,15,2,,,17
195,09_C_72_16,NLR_C_72_KALUVOYA,Uyyalapalle,,,14,2,,,16
196,09_C_72_16,NLR_C_72_KALUVOYA,Koturupalle,,,4,1,,,5
197,09_C_72_16,NLR_C_72_KALUVOYA,Yerraballe,,,7,1,,,8
198,09_C_72_16,NLR_C_72_KALUVOYA,Tegacherla,,,16,2,,,18
199,09_C_72_14,NLR_C_72_KODAVALUR,Dundigum,,,24,1,,,25
200,09_C_72_14,NLR_C_72_KODAVALUR,Marellapadu,,,11,1,,,12
201,09_C_72_14,NLR_C_72_KODAVALUR,Katrayapadu,,,10,1,,,11
202,09_C_72_14,NLR_C_72_KODAVALUR,Lingalapadu,,,9,1,,,10
203,09_C_72_14,NLR_C_72_KODAVALUR,Rangasamudram,,,6,1,,,7
204,09_C_72_14,NLR_C_72_KODAVALUR,Itampadu,,,15,1,,,16
205,09_C_72_14,NLR_C_72_KODAVALUR,Chennuru,37,2,,,,,39
206,09_C_72_14,NLR_C_72_KODAVALUR,Velupodu,,,22,1,,,23
207,09_C_72_14,NLR_C_72_KODAVALUR,Dagadarti,26,1,,,,,27
208,09_C_72_14,NLR_C_72_KODAVALUR,Turimerla,29,,,,,,29
209,09_C_72_14,NLR_C_72_KODAVALUR,Yelamanchipadu,16,1,,,,,17
210,09_C_72_14,NLR_C_72_KODAVALUR,Pedaputtedu,55,1,,,,,56
211,09_C_72_14,NLR_C_72_KODAVALUR,Chawataputtedu,18,,,,,,18
212,09_C_72_14,NLR_C_72_KODAVALUR,Uchaguntapalem,16,1,,,,,17
213,09_C_72_14,NLR_C_72_KODAVALUR,North Amuluru,,,4,1,,,5
214,09_C_72_14,NLR_C_72_KODAVALUR,North Mopuru,10,1,,,,,11
215,09_C_72_14,NLR_C_72_KODAVALUR,Indupuru,6,1,,,,,7
216,09_C_72_14,NLR_C_72_KODAVALUR,Purini,4,2,,,,,6
217,09_C_72_14,NLR_C_72_KODAVALUR,Beeramgunta,18,0,,,,,18
218,09_C_72_14,NLR_C_72_KODAVALUR,Kalambotlavarikhandra,7,1,,,,,8
219,09_C_72_14,NLR_C_72_KODAVALUR,Anantabatlavarikandriga,6,1,,,,,7
220,09_C_72_14,NLR_C_72_KODAVALUR,Varini,8,11,,,,,19
221,09_C_72_14,NLR_C_72_KODAVALUR,Talamanchi,29,6,,,,,35
222,09_C_72_14,NLR_C_72_KODAVALUR,Damegunta,9,2,,,,,11
223,09_C_72_14,NLR_C_72_KODAVALUR,Basavaipalem,5,2,,,,,7
224,09_C_72_14,NLR_C_72_KODAVALUR,Venkannapuram,9,3,,,,,12
225,09_C_72_14,NLR_C_72_KODAVALUR,Gundalammapalem,5,2,,,,,7
226,09_C_72_14,NLR_C_72_KODAVALUR,Naidupalem,12,5,,,,,17
227,09_C_72_14,NLR_C_72_KODAVALUR,Bodduvaripalem,3,0,,,,,3
228,09_C_72_14,NLR_C_72_KODAVALUR,Gotlapalem,9,1,,,,,10
229,09_C_72_14,NLR_C_72_KODAVALUR,Kothavangallu,15,5,,,,,20
230,09_C_72_14,NLR_C_72_KODAVALUR,Gandavaram,4,2,,,,,6
231,09_C_72_14,NLR_C_72_KODAVALUR,Kodavalur,5,1,,,,,6
232,09_C_72_13,NLR_C_72_KOVUR,Kunalammapadu,,,7,3,,,10
233,09_C_72_13,NLR_C_72_KOVUR,Hasanapuram,,,4,1,,,5
234,09_C_72_13,NLR_C_72_KOVUR,Zuvvalaguntapalle,,,10,1,,,11
235,09_C_72_13,NLR_C_72_KOVUR,Srikolanu,,,3,2,,,5
236,09_C_72_13,NLR_C_72_KOVUR,Thiruveedipadu,,,10,2,,,12
237,09_C_72_13,NLR_C_72_KOVUR,Parlapalli,12,2,,,,,14
238,09_C_72_13,NLR_C_72_KOVUR,Chowkicherla,17,4,,,,,21
239,09_C_72_13,NLR_C_72_KOVUR,Dampuru,10,3,,,,,13
240,09_C_72_13,NLR_C_72_KOVUR,Vavilla,20,2,,,,,22
241,09_C_72_13,NLR_C_72_KOVUR,Dandigunta,4,2,,,,,6
242,09_C_72_13,NLR_C_72_KOVUR,Utukur,5,8,,,,,13
243,09_C_72_13,NLR_C_72_KOVUR,Alaganipadu,4,2,,,,,6
244,09_C_72_13,NLR_C_72_KOVUR,Vidavalur,45,8,,,,,53
245,09_C_72_13,NLR_C_72_KOVUR,Mudivarti,6,6,,,,,12
246,09_C_72_13,NLR_C_72_KOVUR,Allurpadu,6,3,,,,,9
247,09_C_72_13,NLR_C_72_KOVUR,Ramannapalem,0,2,,,,,2
248,09_C_72_13,NLR_C_72_KOVUR,North rajupalem,5,6,,,,,11
249,09_C_72_13,NLR_C_72_KOVUR,Yellayapalem,8,6,,,,,14
250,09_C_72_13,NLR_C_72_KOVUR,Maneguntapadu,4,4,,,,,8
251,09_C_72_13,NLR_C_72_KOVUR,Munulapudi,12,2,,,,,14
252,09_C_72_13,NLR_C_72_KOVUR,Vavveru,32,20,,,,,52
253,09_C_72_13,NLR_C_72_KOVUR,Nagamambapuram,15,2,,,,,17
254,09_C_72_13,NLR_C_72_KOVUR,Rebala,8,8,,,,,16
255,09_C_72_13,NLR_C_72_KOVUR,Iskapalem,19,9,,,,,28
256,09_C_72_13,NLR_C_72_KOVUR,Chellayapalem,3,2,,,,,5
257,09_C_72_13,NLR_C_72_KOVUR,Kavetipalem,5,1,,,,,6
258,09_C_72_13,NLR_C_72_KOVUR,Panchedu,5,2,,,,,7
259,09_C_72_13,NLR_C_72_KOVUR,Minagallu,86,4,,,,,90
260,09_C_72_13,NLR_C_72_KOVUR,Jonnawada,8,6,,,,,14
261,09_C_72_13,NLR_C_72_KOVUR,Penuballe,4,3,,,,,7
262,09_C_72_13,NLR_C_72_KOVUR,Kalayakagolu,3,2,,,,,5
263,09_C_72_13,NLR_C_72_KOVUR,Srirangarajapuram,5,1,,,,,6
264,09_C_72_13,NLR_C_72_KOVUR,Damaramadugu,6,7,,,,,13
265,09_C_72_13,NLR_C_72_KOVUR,Korimerla kandriga,,,4,1,,,5
266,09_C_72_13,NLR_C_72_KOVUR,Talupurupadu,,,5,1,,,6
267,09_C_72_13,NLR_C_72_KOVUR,Chennavarappadu,2,1,,,,,3
268,09_C_72_13,NLR_C_72_KOVUR,Marripadu,31,3,,,,,34
269,09_C_72_13,NLR_C_72_KOVUR,Jangala khandrika,5,1,,,,,6
270,09_C_72_13,NLR_C_72_KOVUR,Kaligirikonduru,,,,,,,0
271,09_C_72_13,NLR_C_72_KOVUR,Vangallu,24,1,,,,,25
272,09_C_72_13,NLR_C_72_KOVUR,Tarunavai,6,2,,,,,8
273,09_C_72_13,NLR_C_72_KOVUR,Sangam,17,5,,,,,22
274,09_C_72_13,NLR_C_72_KOVUR,Korimerla,,,,24,,,24
275,09_C_72_13,NLR_C_72_KOVUR,Padamatipalem,28,6,,,,,34
276,09_C_72_13,NLR_C_72_KOVUR,Duvvuru,17,7,,,,,24
277,09_C_72_13,NLR_C_72_KOVUR,Makthapuram,7,2,,,,,9
278,09_C_72_13,NLR_C_72_KOVUR,Annareddipalem,3,2,,,,,5
279,09_C_72_13,NLR_C_72_KOVUR,Patur,2,4,,,,,6
280,09_C_72_13,NLR_C_72_KOVUR,Gangavaram,2,2,,,,,4
281,09_C_72_13,NLR_C_72_KOVUR,Pothireddipalem,4,3,,,,,7
282,09_C_72_13,NLR_C_72_KOVUR,Padugupadu,16,3,,,,,19
283,09_C_72_13,NLR_C_72_KOVUR,Kovur,24,15,,,,,39
284,09_C_72_13,NLR_C_72_KOVUR,Modegunta,9,2,,,,,11
285,09_C_72_13,NLR_C_72_KOVUR,Veguru,12,4,,,,,16
286,09_C_72_13,NLR_C_72_KOVUR,Leguntapadu,2,3,,,,,5
287,09_C_72_13,NLR_C_72_KOVUR,Inamadugu,20,6,,,,,26
288,09_C_72_13,NLR_C_72_KOVUR,Cherlopalem,7,2,,,,,9
289,09_C_72_13,NLR_C_72_KOVUR,Srirangarajapuram,,,,,,,0
290,09_C_72_13,NLR_C_72_KOVUR,Korimerla kandriga,,,23,2,,,25
291,09_C_72_13,NLR_C_72_KOVUR,Talupurupadu,,,11,2,,,13
292,09_C_72_13,NLR_C_72_KOVUR,Chennavarappadu,,,11,2,,,13
293,09_C_72_13,NLR_C_72_KOVUR,Marripadu,8,4,,,,,12
294,09_C_72_13,NLR_C_72_KOVUR,Jangala khandrika,15,1,,,,,16
295,09_C_72_13,NLR_C_72_KOVUR,Kaligirikonduru,18,2,,,,,20
296,09_C_72_13,NLR_C_72_KOVUR,Vangallu,22,2,,,,,24
297,09_C_72_13,NLR_C_72_KOVUR,Tarunavai,,,48,5,,,53
298,09_C_72_13,NLR_C_72_KOVUR,Sangam ,31,2,,,,,33
299,09_C_72_13,NLR_C_72_KOVUR,Korimerla,204,40,,,,,244
300,09_C_72_13,NLR_C_72_KOVUR,Padamatipalem,3500,45,,,,,3545
301,09_C_72_13,NLR_C_72_KOVUR,Duvvuru,153,10,,,,,163
302,09_C_72_13,NLR_C_72_KOVUR,Makthapuram,25,5,,,,,30
303,09_C_72_13,NLR_C_72_KOVUR,Annareddipalem,1,2,,,,,3
304,09_C_72_13,NLR_C_72_KOVUR,Patur,1,3,,,,,4
305,09_C_72_13,NLR_C_72_KOVUR,Gangavaram,402,6,,,,,408
306,09_C_72_13,NLR_C_72_KOVUR,Pothireddipalem,,,153,5,,,158
307,09_C_72_13,NLR_C_72_KOVUR,Padugupadu,,,306,6,,,312
308,09_C_72_13,NLR_C_72_KOVUR,Kovur,,,128,3,,,131
309,09_C_72_13,NLR_C_72_KOVUR,Modegunta,,,3,1,,,4
310,09_C_72_13,NLR_C_72_KOVUR,Veguru,,,5,1,,,6
311,09_C_72_13,NLR_C_72_KOVUR,Leguntapadu,,,21,2,,,23
312,09_C_72_13,NLR_C_72_KOVUR,Inamadugu,27,2,,,,,29
313,09_C_72_13,NLR_C_72_KOVUR,Cherlopalem,19,2,,,,,21
314,09_C_72_13,NLR_C_72_KOVUR,Total,13,1,,,,,14
315,09_C_72_19,NLR_C_72_NELLORE,Ayyavaripalem,317,2,,,,,319
316,09_C_72_19,NLR_C_72_NELLORE,Toderu,3,2,,,,,5
317,09_C_72_19,NLR_C_72_NELLORE,Marupuru,15,2,,,,,17
318,09_C_72_19,NLR_C_72_NELLORE,Kandamur,11,2,,,,,13
319,09_C_72_19,NLR_C_72_NELLORE,Sajjapuram,10,2,,,,,12
320,09_C_72_19,NLR_C_72_NELLORE,Vellanti,4,2,,,,,6
321,09_C_72_19,NLR_C_72_NELLORE,Ayyavaripalem,,,23,2,,,25
322,09_C_72_19,NLR_C_72_NELLORE,Toderu,,,11,2,,,13
323,09_C_72_19,NLR_C_72_NELLORE,Marupuru,,,11,2,,,13
324,09_C_72_19,NLR_C_72_NELLORE,Kandamur,8,4,,,,,12
325,09_C_72_19,NLR_C_72_NELLORE,Sajjapuram,15,1,,,,,16
326,09_C_72_19,NLR_C_72_NELLORE,Vellanti,18,2,,,,,20
327,09_C_72_19,NLR_C_72_NELLORE,Mulumudi,22,2,,,,,24
328,09_C_72_19,NLR_C_72_NELLORE,Devarapalem,,,48,5,,,53
329,09_C_72_19,NLR_C_72_NELLORE,Pottepalem,31,2,,,,,33
330,09_C_72_19,NLR_C_72_NELLORE,Nellore rural,204,40,,,,,244
331,09_C_72_19,NLR_C_72_NELLORE,Nellore urban,3500,45,,,,,3545
332,09_C_72_19,NLR_C_72_NELLORE,Allipuram,153,10,,,,,163
333,09_C_72_19,NLR_C_72_NELLORE,Gudipallipadu,25,5,,,,,30
334,09_C_72_19,NLR_C_72_NELLORE,Pedacherukuru,1,2,,,,,3
335,09_C_72_19,NLR_C_72_NELLORE,Chintareddipalem,1,3,,,,,4
336,09_C_72_19,NLR_C_72_NELLORE,Kondayapalem-Nellore urban,402,6,,,,,408
337,09_C_72_19,NLR_C_72_NELLORE,Padarupalli-Nellore urban,,,153,5,,,158
338,09_C_72_19,NLR_C_72_NELLORE,Vedayapalem-Nellore urban,,,306,6,,,312
339,09_C_72_19,NLR_C_72_NELLORE,Ambapuram,,,128,3,,,131
340,09_C_72_19,NLR_C_72_NELLORE,Vogurupadu,,,3,1,,,4
341,09_C_72_19,NLR_C_72_NELLORE,Akkacheruvupadu,,,5,1,,,6
342,09_C_72_19,NLR_C_72_NELLORE,Mannavarappadu,,,21,2,,,23
343,09_C_72_19,NLR_C_72_NELLORE,Mogallapalem,27,2,,,,,29
344,09_C_72_19,NLR_C_72_NELLORE,South Mopuru,19,2,,,,,21
345,09_C_72_19,NLR_C_72_NELLORE,Upputuru,13,1,,,,,14
346,09_C_72_19,NLR_C_72_NELLORE,Bujabujanellore,317,2,,,,,319
347,09_C_72_19,NLR_C_72_NELLORE,Pallepadu,3,2,,,,,5
348,09_C_72_19,NLR_C_72_NELLORE,Leburu-I,15,2,,,,,17
349,09_C_72_19,NLR_C_72_NELLORE,Nidumusali,11,2,,,,,13
350,09_C_72_19,NLR_C_72_NELLORE,Mudivartipalem,10,2,,,,,12
351,09_C_72_19,NLR_C_72_NELLORE,Kuditipalem,4,2,,,,,6
352,09_C_72_19,NLR_C_72_NELLORE,Gangapatnam,21,2,,,,,23
353,09_C_72_19,NLR_C_72_NELLORE,Mypadu,0,3,,,,,3
354,09_C_72_19,NLR_C_72_NELLORE,Somarajupalli,10,4,,,,,14
355,09_C_72_19,NLR_C_72_NELLORE,Komarika,18,2,,,,,20
356,09_C_72_19,NLR_C_72_NELLORE,Punnur,9,3,,,,,12
357,09_C_72_19,NLR_C_72_NELLORE,Leburu-II,10,3,,,,,13
358,09_C_72_19,NLR_C_72_NELLORE,Indukurupeta - II,21,4,,,,,25
359,09_C_72_19,NLR_C_72_NELLORE,Indukurupeta 1,10,4,,,,,14
360,09_C_72_19,NLR_C_72_NELLORE,Jangamvani Doruvu,3,2,,,,,5
361,09_C_72_19,NLR_C_72_NELLORE,Pogadadoruvu kandriga,2,1,,,,,3
362,09_C_72_19,NLR_C_72_NELLORE,Koruturu,1,4,,,,,5
363,09_C_72_19,NLR_C_72_NELLORE,Narukuru,0,2,,,,,2
364,09_C_72_19,NLR_C_72_NELLORE,Peduru,2,1,,,,,3
365,09_C_72_19,NLR_C_72_NELLORE,Mungaladoruvu,0,3,,,,,3
366,09_C_72_19,NLR_C_72_NELLORE,South Amlur,11,2,,,,,13
367,09_C_72_19,NLR_C_72_NELLORE,Vilukanipalle,3,2,,,,,5
368,09_C_72_19,NLR_C_72_NELLORE,Potlapudi,7,2,,,,,9
369,09_C_72_19,NLR_C_72_NELLORE,Kottapalem,3,1,,,,,4
370,09_C_72_19,NLR_C_72_NELLORE,Venkannapalem,12,2,,,,,14
371,09_C_72_18,NLR_C_72_PRABHUGIRIPATNAM,Gollapalle,21,1,,,,,22
372,09_C_72_18,NLR_C_72_PRABHUGIRIPATNAM,Perumallapadu,7,1,,,,,8
373,09_C_72_18,NLR_C_72_PRABHUGIRIPATNAM,Pelleru,46,1,,,,,47
374,09_C_72_18,NLR_C_72_PRABHUGIRIPATNAM,Mamuduru,26,1,,,,,27
375,09_C_72_18,NLR_C_72_PRABHUGIRIPATNAM,Pathapadu,21,1,,,,,22
376,09_C_72_18,NLR_C_72_PRABHUGIRIPATNAM,Paderu,8,1,,,,,9
377,09_C_72_18,NLR_C_72_PRABHUGIRIPATNAM,Vavileru,32,1,,,,,33
378,09_C_72_18,NLR_C_72_PRABHUGIRIPATNAM,Yeturu,,,31,1,,,32
379,09_C_72_18,NLR_C_72_PRABHUGIRIPATNAM,Chittalur,,,20,1,,,21
380,09_C_72_18,NLR_C_72_PRABHUGIRIPATNAM,Bogasamudram,10,1,,,,,11
381,09_C_72_18,NLR_C_72_PRABHUGIRIPATNAM,Bathulapalle,14,1,,,,,15
382,09_C_72_18,NLR_C_72_PRABHUGIRIPATNAM,Surayapalem,11,1,,,,,12
383,09_C_72_18,NLR_C_72_PRABHUGIRIPATNAM,viroor,2,1,,,,,3
384,09_C_72_18,NLR_C_72_PRABHUGIRIPATNAM,Nedurupalli,26,1,,,,,27
385,09_C_72_18,NLR_C_72_PRABHUGIRIPATNAM,Velikantipalem,7,1,,,,,8
386,09_C_72_18,NLR_C_72_PRABHUGIRIPATNAM,Nallapalem,6,1,,,,,7
387,09_C_72_18,NLR_C_72_PRABHUGIRIPATNAM,Tatiparti,7,1,,,,,8
388,09_C_72_18,NLR_C_72_PRABHUGIRIPATNAM,Mohammadapuram,21,1,,,,,22
389,09_C_72_18,NLR_C_72_PRABHUGIRIPATNAM,Battlapallipadu,11,1,,,,,12
390,09_C_72_18,NLR_C_72_PRABHUGIRIPATNAM,Prabhugiripatnam,11,1,,,,,12
391,09_C_72_18,NLR_C_72_PRABHUGIRIPATNAM,Navur,15,1,,,,,16
392,09_C_72_18,NLR_C_72_PRABHUGIRIPATNAM,Althurti,8,1,,,,,9
393,09_C_72_18,NLR_C_72_PRABHUGIRIPATNAM,Ravilla Yeruguntapalem,8,1,,,,,9
394,09_C_72_18,NLR_C_72_PRABHUGIRIPATNAM,Kanuparti,13,1,,,,,14
395,09_C_72_18,NLR_C_72_PRABHUGIRIPATNAM,Nandivai,12,1,,,,,13
396,09_C_72_18,NLR_C_72_PRABHUGIRIPATNAM,Gollakandukur,22,1,,,,,23
397,09_C_75_45,NLR_C_75_IRKAM,Venadu,,,6,1,,,7
398,09_C_75_45,NLR_C_75_IRKAM,Irkam,,,5,1,,,6
399,09_C_75_45,NLR_C_75_IRKAM,Pulicat lake,,,,,,,0
400,09_C_75_44,NLR_C_75_SHAR,Karikadu,,,1,2,,,3
401,09_C_75_44,NLR_C_75_SHAR,Damarayakandriga,,,0,,,,0
402,09_C_75_44,NLR_C_75_SHAR,Velukaadu,,,1,2,,,3
403,09_C_75_44,NLR_C_75_SHAR,Atakani Tippa,,,3,1,,,4
404,09_C_75_44,NLR_C_75_SHAR,Koridi,,,2,2,,,4
405,09_C_75_44,NLR_C_75_SHAR,Damaraya,,,2,2,,,4
406,09_C_75_44,NLR_C_75_SHAR,Kadapatra,,,2,2,,,4
407,09_C_75_44,NLR_C_75_SHAR,Pantrangam,,,2,2,,,4
408,09_C_75_44,NLR_C_75_SHAR,Shar Project,,,15,10,,,25
409,09_C_75_44,NLR_C_75_SHAR,Pulicat lake,,,,,,,0
410,09_C_73_21,NLR_C_73_DEGAPUDI,Nernur,,,2,2,,,4
411,09_C_73_21,NLR_C_73_DEGAPUDI,Thanamcherla,,,14,1,,,15
412,09_C_73_21,NLR_C_73_DEGAPUDI,Thokapalem,,,2,1,,,3
413,09_C_73_21,NLR_C_73_DEGAPUDI,Kambhalapalle,,,,2,,,2
414,09_C_73_21,NLR_C_73_DEGAPUDI,Adurupalle,,,6,1,,,7
415,09_C_73_21,NLR_C_73_DEGAPUDI,Sanayapalem,,,12,1,,,13
416,09_C_73_21,NLR_C_73_DEGAPUDI,Thatipalle,,,9,1,,,10
417,09_C_73_21,NLR_C_73_DEGAPUDI,Nayanipalle,,,3,1,,,4
418,09_C_73_21,NLR_C_73_DEGAPUDI,Sankurathiripalle,,,7,1,,,8
419,09_C_73_21,NLR_C_73_DEGAPUDI,Vepinapi Akkamambapuram,,,2,1,,,3
420,09_C_73_21,NLR_C_73_DEGAPUDI,Tumaya,,,11,1,,,12
421,09_C_73_21,NLR_C_73_DEGAPUDI,Gilakapadu,,,45,2,,,47
422,09_C_73_21,NLR_C_73_DEGAPUDI,Gandurupalli,,,6,1,,,7
423,09_C_73_21,NLR_C_73_DEGAPUDI,Chuttupalem,,,10,1,,,11
424,09_C_73_21,NLR_C_73_DEGAPUDI,M.Venkatapuram,,,3,1,,,4
425,09_C_73_21,NLR_C_73_DEGAPUDI,Gonu narasayapalem,,,4,1,,,5
426,09_C_73_21,NLR_C_73_DEGAPUDI,Veerayapalem,,,6,1,,,7
427,09_C_73_21,NLR_C_73_DEGAPUDI,Podalakur,,,85,3,,,88
428,09_C_73_21,NLR_C_73_DEGAPUDI,Guravayapalem,,,7,1,,,8
429,09_C_73_21,NLR_C_73_DEGAPUDI,Mogalluru,,,13,1,,,14
430,09_C_73_21,NLR_C_73_DEGAPUDI,Ankupalle,,,11,1,,,12
431,09_C_73_21,NLR_C_73_DEGAPUDI,Pulikallu,,,19,2,,,21
432,09_C_73_21,NLR_C_73_DEGAPUDI,Vavintparti,,,7,1,,,8
433,09_C_73_21,NLR_C_73_DEGAPUDI,Utchapalli,,,4,1,,,5
434,09_C_73_21,NLR_C_73_DEGAPUDI,Duggunta Rajupalem,,,5,1,,,6
435,09_C_73_21,NLR_C_73_DEGAPUDI,Inukurthy,,,39,2,,,41
436,09_C_73_21,NLR_C_73_DEGAPUDI,Marripalle Gopasamudram,,,11,1,,,12
437,09_C_73_21,NLR_C_73_DEGAPUDI,Degapudi,,,6,1,,,7
438,09_C_73_21,NLR_C_73_DEGAPUDI,Degapudirajupalem,,,7,1,,,8
439,09_C_73_21,NLR_C_73_DEGAPUDI,Duggunta,,,17,1,,,18
440,09_C_73_21,NLR_C_73_DEGAPUDI,Utlapalem,,,13,1,,,14
441,09_C_73_21,NLR_C_73_DEGAPUDI,Munagapadu,,,12,1,,,13
442,09_C_73_21,NLR_C_73_DEGAPUDI,Perumallapadu,,,2,1,,,3
443,09_C_73_21,NLR_C_73_DEGAPUDI,Malichedu,,,2,1,,,3
444,09_C_73_21,NLR_C_73_DEGAPUDI,Kalichedu,,,6,1,,,7
445,09_C_73_21,NLR_C_73_DEGAPUDI,Devaravemuru,7,2,,,,,9
446,09_C_73_21,NLR_C_73_DEGAPUDI,Turimerla,,,4,2,,,6
447,09_C_73_21,NLR_C_73_DEGAPUDI,Orupalle,,,4,1,,,5
448,09_C_73_21,NLR_C_73_DEGAPUDI,Tocham,,,5,1,,,6
449,09_C_73_21,NLR_C_73_DEGAPUDI,Krishnareddipalle,,,6,1,,,7
450,09_C_73_21,NLR_C_73_DEGAPUDI,Timmanaramapuram,,,2,1,,,3
451,09_C_73_21,NLR_C_73_DEGAPUDI,Komatigunta rajupalem,,,2,1,,,3
452,09_C_73_21,NLR_C_73_DEGAPUDI,Gulimcherla,,,7,1,,,8
453,09_C_73_21,NLR_C_73_DEGAPUDI,Chaganam,,,6,1,,,7
454,09_C_73_21,NLR_C_73_DEGAPUDI,Jaflapuram,,,1,1,,,2
455,09_C_73_21,NLR_C_73_DEGAPUDI,Jogipalle,,,3,1,,,4
456,09_C_73_21,NLR_C_73_DEGAPUDI,Utukur,,,17,1,,,18
457,09_C_73_21,NLR_C_73_DEGAPUDI,Pokkandala,,,2,1,,,3
458,09_C_73_21,NLR_C_73_DEGAPUDI,Griddalur,,,16,2,,,18
459,09_C_73_22,NLR_C_73_KASUMUR,Chatagotla,,,7,1,,,8
460,09_C_73_22,NLR_C_73_KASUMUR,Parlapalle,,,7,1,,,8
461,09_C_73_22,NLR_C_73_KASUMUR,Biradavolu,,,32,2,,,34
462,09_C_73_22,NLR_C_73_KASUMUR,Mattempadu,,,11,2,,,13
463,09_C_73_22,NLR_C_73_KASUMUR,Amancherla,,,13,2,,,15
464,09_C_73_22,NLR_C_73_KASUMUR,Dontali,,,8,1,,,9
465,09_C_73_22,NLR_C_73_KASUMUR,Palicherlapadu,,,16,1,,,17
466,09_C_73_22,NLR_C_73_KASUMUR,Kuricherlapadu,25,2,,,,,27
467,09_C_73_22,NLR_C_73_KASUMUR,Kasumuru,52,6,,,,,58
468,09_C_73_22,NLR_C_73_KASUMUR,Kandalapadu,13,1,,,,,14
469,09_C_73_22,NLR_C_73_KASUMUR,Kanupuru bit I,15,2,,,,,17
470,09_C_73_22,NLR_C_73_KASUMUR,Kanupuru bit II,17,2,,,,,19
471,09_C_73_22,NLR_C_73_KASUMUR,Idimepalli,17,3,,,,,20
472,09_C_73_22,NLR_C_73_KASUMUR,Survepalli bit-II,23,6,,,,,29
473,09_C_73_22,NLR_C_73_KASUMUR,Edagali,10,5,,,,,15
474,09_C_73_22,NLR_C_73_KASUMUR,Vadlapudi,37,1,,,,,38
475,09_C_73_22,NLR_C_73_KASUMUR,Akkampeta,6,1,,,,,7
476,09_C_73_22,NLR_C_73_KASUMUR,Cherukumudi,24,1,,,,,25
477,09_C_73_22,NLR_C_73_KASUMUR,Muddumudi,4,1,,,,,5
478,09_C_73_22,NLR_C_73_KASUMUR,Anupallipadu,,,1,1,,,2
479,09_C_73_22,NLR_C_73_KASUMUR,Gurivendapudi,,,,,,,0
480,09_C_73_22,NLR_C_73_KASUMUR,Bandepalle,32,1,,,,,33
481,09_C_73_22,NLR_C_73_KASUMUR,Parlapadu,3,1,,,,,4
482,09_C_73_22,NLR_C_73_KASUMUR,Kuditipalle,5,1,,,,,6
483,09_C_73_22,NLR_C_73_KASUMUR,Kagitalapur,,,17,1,,,18
484,09_C_73_22,NLR_C_73_KASUMUR,Manubolu,44,1,42,1,,,88
485,09_C_73_22,NLR_C_73_KASUMUR,Piduru,,,34,1,,,35
486,09_C_73_22,NLR_C_73_KASUMUR,Kolanukuduru,,,1,1,,,2
487,09_C_73_22,NLR_C_73_KASUMUR,Pidurupalem,,,3,1,,,4
488,09_C_73_22,NLR_C_73_KASUMUR,Venkannapalem,,,5,1,,,6
489,09_C_73_22,NLR_C_73_KASUMUR,Baddevolu,,,3,1,,,4
490,09_C_73_22,NLR_C_73_KASUMUR,Kattuvapalle,,,3,1,,,4
491,09_C_73_23,NLR_C_73_MUTTUKUR,Vaviletipadu,13,1,,,,,14
492,09_C_73_23,NLR_C_73_MUTTUKUR,Gundlapalem,10,1,,,,,11
493,09_C_73_23,NLR_C_73_MUTTUKUR,Kallurupalli,260,2,,,,,262
494,09_C_73_23,NLR_C_73_MUTTUKUR,Kanupartipadu,7,2,,,,,9
495,09_C_73_23,NLR_C_73_MUTTUKUR,Kakupalli-1,7,5,,,,,12
496,09_C_73_23,NLR_C_73_MUTTUKUR,Kakupalli-II,,,7,1,,,8
497,09_C_73_23,NLR_C_73_MUTTUKUR,Penubarti,1,6,,,,,7
498,09_C_73_23,NLR_C_73_MUTTUKUR,China Cherukur,10,0,,,,,10
499,09_C_73_23,NLR_C_73_MUTTUKUR,Koduru I,3,8,,,,,11
500,09_C_73_23,NLR_C_73_MUTTUKUR,Koduru-II,4,2,,,,,6
501,09_C_73_23,NLR_C_73_MUTTUKUR,Koduru Khandriga,17,1,,,,,18
502,09_C_73_23,NLR_C_73_MUTTUKUR,Eduru  II,4,1,,,,,5
503,09_C_73_23,NLR_C_73_MUTTUKUR,Eduru I,0,3,,,,,3
504,09_C_73_23,NLR_C_73_MUTTUKUR,Totapalli,2,5,,,,,7
505,09_C_73_23,NLR_C_73_MUTTUKUR,T.P.Gudur  II,5,3,,,,,8
506,09_C_73_23,NLR_C_73_MUTTUKUR,Varigonda,6,5,,,,,11
507,09_C_73_23,NLR_C_73_MUTTUKUR,T.P.Gudur I,0,4,,,,,4
508,09_C_73_23,NLR_C_73_MUTTUKUR,Anantapuram,0,1,,,,,1
509,09_C_73_23,NLR_C_73_MUTTUKUR,Sivaramapuram,11,1,,,,,12
510,09_C_73_23,NLR_C_73_MUTTUKUR,Brahmadevam,0,3,,,,,3
511,09_C_73_23,NLR_C_73_MUTTUKUR,Pidatapoluru,0,4,,,,,4
512,09_C_73_23,NLR_C_73_MUTTUKUR,Amudalapadu,89,1,,,,,90
513,09_C_73_23,NLR_C_73_MUTTUKUR,Pynaapuram,0,2,,,,,2
514,09_C_73_23,NLR_C_73_MUTTUKUR,Nelaturu,0,1,,,,,1
515,09_C_73_23,NLR_C_73_MUTTUKUR,Mamidipudi,0,1,,,,,1
516,09_C_73_23,NLR_C_73_MUTTUKUR,Valluruvari kandriga,22,1,,,,,23
517,09_C_73_23,NLR_C_73_MUTTUKUR,Valluru,0,9,,,,,9
518,09_C_73_23,NLR_C_73_MUTTUKUR,Survepalli bit-5,0,2,,,,,2
519,09_C_73_23,NLR_C_73_MUTTUKUR,Epuru bit 1A,0,1,,,,,1
520,09_C_73_23,NLR_C_73_MUTTUKUR,Narikellapalli,3,1,,,,,4
521,09_C_73_23,NLR_C_73_MUTTUKUR,Molluru,1,4,,,,,5
522,09_C_73_23,NLR_C_73_MUTTUKUR,Muttukur,0,3,,,,,3
523,09_C_73_23,NLR_C_73_MUTTUKUR,Krishnapatnam,0,2,,,,,2
524,09_C_73_23,NLR_C_73_MUTTUKUR,Epuru bit 1B,0,1,,,,,1
525,09_C_73_23,NLR_C_73_MUTTUKUR,Kumkumpudi,21,1,,,,,22
526,09_C_73_23,NLR_C_73_MUTTUKUR,Kakutur,21,2,,,,,23
527,09_C_73_23,NLR_C_73_MUTTUKUR,Kantepalli,,,14,1,,,15
528,09_C_73_23,NLR_C_73_MUTTUKUR,Nagulavaram,,,2,1,,,3
529,09_C_73_23,NLR_C_73_MUTTUKUR,Anikepalli,42,3,,,,,45
530,09_C_73_23,NLR_C_73_MUTTUKUR,Survepalli - I,24,3,,,,,27
531,09_C_73_23,NLR_C_73_MUTTUKUR,Survepalli - III,24,3,,,,,27
532,09_C_73_23,NLR_C_73_MUTTUKUR,Survepalli- IV,0,5,,,,,5
533,09_C_73_23,NLR_C_73_MUTTUKUR,Punjulurupadu,0,1,,,,,1
534,09_C_73_23,NLR_C_73_MUTTUKUR,Epuru bit II,3,4,,,,,7
535,09_C_73_23,NLR_C_73_MUTTUKUR,Pudiparti,5,3,,,,,8
536,09_C_62_5,NLR_C_62_CHINNA ANNALUR,Kommi,,,17,1,,,18
537,09_C_62_5,NLR_C_62_CHINNA ANNALUR,Satyavolu,,,20,3,,,23
538,09_C_62_5,NLR_C_62_CHINNA ANNALUR,Mallavarappadu,,,20,0,,,20
539,09_C_62_5,NLR_C_62_CHINNA ANNALUR,Ganugapenta,,,1,0,,,1
540,09_C_62_5,NLR_C_62_CHINNA ANNALUR,Aadimurtipuram,,,12,2,,,14
541,09_C_62_5,NLR_C_62_CHINNA ANNALUR,Settipalem,,,14,0,,,14
542,09_C_62_5,NLR_C_62_CHINNA ANNALUR,T.Jangalapalli,,,9,0,,,9
543,09_C_62_5,NLR_C_62_CHINNA ANNALUR,Kunkuvaripalem,,,9,0,,,9
544,09_C_62_5,NLR_C_62_CHINNA ANNALUR,Ramanujapuram,,,4,1,,,5
545,09_C_62_5,NLR_C_62_CHINNA ANNALUR,Chowdavaram,,,7,1,,,8
546,09_C_62_5,NLR_C_62_CHINNA ANNALUR,Tellapadu,,,4.25,1,,,5.25
547,09_C_62_5,NLR_C_62_CHINNA ANNALUR,Chinnaannalur,,,12,1,,,13
548,09_C_62_5,NLR_C_62_CHINNA ANNALUR,Dubagunta,,,2,1,,,3
549,09_C_62_5,NLR_C_62_CHINNA ANNALUR,Total,,,131.25,11,,,142.25
550,09_C_62_4,NLR_C_62_GOTTIGUNDALA,Nekunampeta,,,11,1,,,12
551,09_C_62_4,NLR_C_62_GOTTIGUNDALA,Saipeta,,,43,4,,,47
552,09_C_62_4,NLR_C_62_GOTTIGUNDALA,Bheemavarappadu,,,5,1,,,6
553,09_C_62_4,NLR_C_62_GOTTIGUNDALA,Kumara Venkatapuram,,,0,0,,,0
554,09_C_62_4,NLR_C_62_GOTTIGUNDALA,Parlapalli,,,14,0,,,14
555,09_C_62_4,NLR_C_62_GOTTIGUNDALA,T.Brahmanapalli,,,18,0,,,18
556,09_C_62_4,NLR_C_62_GOTTIGUNDALA,Chintaladeevi,,,32,1,,,33
557,09_C_62_4,NLR_C_62_GOTTIGUNDALA,Gottigundala,,,19,0,,,19
558,09_C_62_4,NLR_C_62_GOTTIGUNDALA,Katepalli,,,21,1,,,22
559,09_C_62_4,NLR_C_62_GOTTIGUNDALA,Tamidipadu,,,20,1,,,21
560,09_C_62_4,NLR_C_62_GOTTIGUNDALA,Utukur,,,40,1,,,41
561,09_C_62_4,NLR_C_62_GOTTIGUNDALA,Ravipadu,,,16,1,,,17
562,09_C_62_4,NLR_C_62_GOTTIGUNDALA,Nandigunta,,,12,1,,,13
563,09_C_62_4,NLR_C_62_GOTTIGUNDALA,Total,,,251,12,,,263
564,09_C_76_41,NLR_C_76_KADALUR,Kannembattu,,,12,1,,,13
565,09_C_76_41,NLR_C_76_KADALUR,Padamati Kandriga,,,4,,,,4
566,09_C_76_41,NLR_C_76_KADALUR,Zuvvichelika,,,2,,,,2
567,09_C_76_41,NLR_C_76_KADALUR,Vatrapalem,,,1,,,,1
568,09_C_76_41,NLR_C_76_KADALUR,Nukalapalem,,,6,,,,6
569,09_C_76_41,NLR_C_76_KADALUR,VENDLURUPADU,,,3,1,,,4
570,09_C_76_41,NLR_C_76_KADALUR,MAMBATTU,,,12,1,,,13
571,09_C_76_41,NLR_C_76_KADALUR,KADALURU,,,1,1,,,2
572,09_C_76_41,NLR_C_76_KADALUR,Total,,,41,4,,,45
573,09_C_76_39,NLR_C_76_VEDURUPATTU,Punabaka,,,6,1,,,7
574,09_C_76_39,NLR_C_76_VEDURUPATTU,Settigunta,,,2,,,,2
575,09_C_76_39,NLR_C_76_VEDURUPATTU,Ardamala,,,12,1,,,13
576,09_C_76_39,NLR_C_76_VEDURUPATTU,Arlapadu,,,5,1,,,6
577,09_C_76_39,NLR_C_76_VEDURUPATTU,Nandimala,,,9,1,,,10
578,09_C_76_39,NLR_C_76_VEDURUPATTU,Erragunta,,,1,,,,1
579,09_C_76_39,NLR_C_76_VEDURUPATTU,Udipudi,,,3,0,,,3
580,09_C_76_39,NLR_C_76_VEDURUPATTU,Vedurupattu,,,7,1,,,8
581,09_C_76_39,NLR_C_76_VEDURUPATTU,Velagalaponnuru,,,4,1,,,5
582,09_C_76_39,NLR_C_76_VEDURUPATTU,Suddamadugu tageli,,,2,,,,2
583,09_C_76_39,NLR_C_76_VEDURUPATTU,Suggupalli,,,8,0,,,8
584,09_C_76_39,NLR_C_76_VEDURUPATTU,Ramachandragunta,,,2,,,,2
585,09_C_76_39,NLR_C_76_VEDURUPATTU,Mattakamudi,,,11,1,,,12
586,09_C_76_39,NLR_C_76_VEDURUPATTU,Total,,,72,7,,,79
587,09_C_76_40,NLR_C_76_YEKOLLU,Rosanur,,,5,1,,,6
588,09_C_76_40,NLR_C_76_YEKOLLU,Bangarupeta,,,6,1,,,7
589,09_C_76_40,NLR_C_76_YEKOLLU,Modugulapalem,,,5,1,,,6
590,09_C_76_40,NLR_C_76_YEKOLLU,Vengamambapuram,,,,,,,0
591,09_C_76_40,NLR_C_76_YEKOLLU,Venumbaka,,,13,1,,,14
592,09_C_76_40,NLR_C_76_YEKOLLU,Ekollu,,,35,1,,,36
593,09_C_76_40,NLR_C_76_YEKOLLU,Akkarabaka,,,28,1,,,29
594,09_C_76_40,NLR_C_76_YEKOLLU,Anepudi/Nadimakandriga,,,3,1,,,4
595,09_C_76_40,NLR_C_76_YEKOLLU,Suraguntatageli,,,2,0,,,2
596,09_C_76_40,NLR_C_76_YEKOLLU,Adapamudi,,,3,0,,,3
597,09_C_76_40,NLR_C_76_YEKOLLU,Surapuagraharam,,,5,,,,5
598,09_C_76_40,NLR_C_76_YEKOLLU,Melupaka,,,9,1,,,10
599,09_C_76_40,NLR_C_76_YEKOLLU,Maavillapadu,,,3,,,,3
600,09_C_76_40,NLR_C_76_YEKOLLU,Thanayali,,,6,1,,,7
601,09_C_76_40,NLR_C_76_YEKOLLU,Buduru,,,8,1,,,9
602,09_C_76_40,NLR_C_76_YEKOLLU,Utchuru,,,18,1,,,19
603,09_C_76_40,NLR_C_76_YEKOLLU,Vetagiripalem,,,19,0,,,19
604,09_C_76_40,NLR_C_76_YEKOLLU,Buradamadugu,,,3,0,,,3
605,09_C_76_40,NLR_C_76_YEKOLLU,Modugulapalem,,,3,0,,,3
606,09_C_76_40,NLR_C_76_YEKOLLU,Lingampadu,,,1,0,,,1
607,09_C_76_40,NLR_C_76_YEKOLLU,Tallampadu,,,2,,,,2
608,09_C_76_40,NLR_C_76_YEKOLLU,Ayyapalem,,,2,,,,2
609,09_C_76_40,NLR_C_76_YEKOLLU,Minamanamoodi,,,3,0,,,3
610,09_C_76_40,NLR_C_76_YEKOLLU,Chandanamudi,,,4,1,,,5
611,09_C_76_40,NLR_C_76_YEKOLLU,Togaramudi,,,3,,,,3
612,09_C_76_40,NLR_C_76_YEKOLLU,Sridanamalli,,,3,1,,,4
613,09_C_76_40,NLR_C_76_YEKOLLU,Maneri,,,1,0,,,1
614,09_C_76_40,NLR_C_76_YEKOLLU,Mallayapalem,,,2,,,,2
615,09_C_76_40,NLR_C_76_YEKOLLU,Atchukatla,,,4,,,,4
616,09_C_76_40,NLR_C_76_YEKOLLU,Manganellore,,,14,1,,,15
617,09_C_76_40,NLR_C_76_YEKOLLU,Dama Nellore,,,21,1,,,22
618,09_C_76_40,NLR_C_76_YEKOLLU,Uggumudi,,,7,1,,,8
619,09_C_76_40,NLR_C_76_YEKOLLU,Mangalampadu,,,17,1,,,18
620,09_C_76_40,NLR_C_76_YEKOLLU,Ilupuru,,,12,1,,,13
621,09_C_76_40,NLR_C_76_YEKOLLU,Sullurupeta,,,6,4,,,10
622,09_C_76_40,NLR_C_76_YEKOLLU,Sulluru Japthikattubadi,,,2,0,,,2
623,09_C_76_40,NLR_C_76_YEKOLLU,Errabalem,,,1,,,,1
624,09_C_76_40,NLR_C_76_YEKOLLU,Kesavareddipalem,,,1,,,,1
625,09_C_76_40,NLR_C_76_YEKOLLU,Mannarpoluru,,,21,1,,,22
626,09_C_76_40,NLR_C_76_YEKOLLU,Nadendlavarikandriga,,,7,0,,,7
627,09_C_76_40,NLR_C_76_YEKOLLU,Sarvareddikandriga,,,8,0,,,8
628,09_C_76_40,NLR_C_76_YEKOLLU,Samantamallam,,,3,1,,,4
629,09_C_76_40,NLR_C_76_YEKOLLU,Aabaka,,,3,,,,3
630,09_C_76_40,NLR_C_76_YEKOLLU,Komminenipalli,,,2,,,,2
631,09_C_76_40,NLR_C_76_YEKOLLU,Kotapoluru,,,3,1,,,4
632,09_C_76_40,NLR_C_76_YEKOLLU,Total,,,327,25,,,352
633,09_C_72_10,NLR_C_72_ALLAMPADU,Veligonda hills,,,,,,,0
634,09_C_72_10,NLR_C_72_ALLAMPADU,Papampalle,,,19,1,,,20
635,09_C_72_10,NLR_C_72_ALLAMPADU,Venkatampeta,,,18,1,,,19
636,09_C_72_10,NLR_C_72_ALLAMPADU,Ayyanapalle,,,,,,,0
637,09_C_72_10,NLR_C_72_ALLAMPADU,Nandipadu,,,43,1,,,44
638,09_C_72_10,NLR_C_72_ALLAMPADU,Udayagiri konda,,,,,,,0
639,09_C_72_10,NLR_C_72_ALLAMPADU,Bandaganipalle,,,5,,,,5
640,09_C_72_10,NLR_C_72_ALLAMPADU,Gangulavaricheruvupalle,,,16,,,,16
641,09_C_72_10,NLR_C_72_ALLAMPADU,Yerrakonda hills,,,,,,,0
642,09_C_72_10,NLR_C_72_ALLAMPADU,Velikonda hills,,,,,,,0
643,09_C_72_10,NLR_C_72_ALLAMPADU,Chabolu,,,16,1,,,17
644,09_C_72_10,NLR_C_72_ALLAMPADU,Kampasamudram,,,3,1,,,4
645,09_C_72_10,NLR_C_72_ALLAMPADU,Budawada,,,5,1,,,6
646,09_C_72_10,NLR_C_72_ALLAMPADU,Chilakapadu,,,2,1,,,3
647,09_C_72_10,NLR_C_72_ALLAMPADU,Kadirinenipalle,,,6,1,,,7
648,09_C_72_10,NLR_C_72_ALLAMPADU,Chinamachanur,,,5,1,,,6
649,09_C_72_10,NLR_C_72_ALLAMPADU,Nagarajupadu,,,2,1,,,3
650,09_C_72_10,NLR_C_72_ALLAMPADU,Niradanampadu,,,2,1,,,3
651,09_C_72_10,NLR_C_72_ALLAMPADU,Bheemavaram,,,20,1,,,21
652,09_C_72_10,NLR_C_72_ALLAMPADU,Allampadu,,,53,2,,,55
653,09_C_72_10,NLR_C_72_ALLAMPADU,Irlapadu,,,18,3,,,21
654,09_C_72_10,NLR_C_72_ALLAMPADU,Pegallapadu,,,13,1,,,14
655,09_C_72_10,NLR_C_72_ALLAMPADU,Brahmanapalli,,,22,1,,,23
656,09_C_72_10,NLR_C_72_ALLAMPADU,Total,,,268,19,,,287
657,09_C_61_3,NLR_C_61_KOTTAPETA,Iskadamarla,,,15,2,,,17
658,09_C_61_3,NLR_C_61_KOTTAPETA,Kasturinaidupalle,,,3,2,,,5
659,09_C_61_3,NLR_C_61_KOTTAPETA,Veligandla,,,21,2,,,23
660,09_C_61_3,NLR_C_61_KOTTAPETA,Marrigunta,,,15,1,,,16
661,09_C_61_3,NLR_C_61_KOTTAPETA,Godavalluru,,,36,3,,,39
662,09_C_61_3,NLR_C_61_KOTTAPETA,Turpu Yerraballi,,,47,3,,,50
663,09_C_61_3,NLR_C_61_KOTTAPETA,Garimenapenta,,,44,3,,,47
664,09_C_61_3,NLR_C_61_KOTTAPETA,Challagirigalla,,,10,1,,,11
665,09_C_61_3,NLR_C_61_KOTTAPETA,Chakalikonda,,,13,3,,,16
666,09_C_61_3,NLR_C_61_KOTTAPETA,Janardhanapuram,,,6,1,,,7
667,09_C_61_3,NLR_C_61_KOTTAPETA,Teddupadu,,,8,1,,,9
668,09_C_61_3,NLR_C_61_KOTTAPETA,Timmapuram,,,7,1,,,8
669,09_C_61_3,NLR_C_61_KOTTAPETA,Kothapeta,,,30,3,,,33
670,09_C_61_3,NLR_C_61_KOTTAPETA,Narrawada,,,31,6,,,37
671,09_C_61_3,NLR_C_61_KOTTAPETA,Mandalapalle,,,7,1,,,8
672,09_C_61_3,NLR_C_61_KOTTAPETA,M.N.Palle,,,23,2,,,25
673,09_C_61_3,NLR_C_61_KOTTAPETA,Somalaregada,,,14,2,,,16
674,09_C_61_3,NLR_C_61_KOTTAPETA,S.V.Chintala,,,10,1,,,11
675,09_C_61_3,NLR_C_61_KOTTAPETA,Tirumalapuram,,,11,2,,,13
676,09_C_61_3,NLR_C_61_KOTTAPETA,Appasamudram,,,17,4,,,21
677,09_C_61_3,NLR_C_61_KOTTAPETA,Kondayapalem,,,1,6,,,7
678,09_C_61_3,NLR_C_61_KOTTAPETA,Total,,,369,50,,,419
679,09_C_61_3,NLR_C_61_KOTTAPETA,,,,,,,,0
680,09_C_61_1,NLR_C_61_S.R.PURAM,Veligondla hills,,,0,0,,,0
681,09_C_61_1,NLR_C_61_S.R.PURAM,Chintodu,,,,1,,,1
682,09_C_61_1,NLR_C_61_S.R.PURAM,Pabbuletipalli,,,11,1,,,12
683,09_C_61_1,NLR_C_61_S.R.PURAM,Chinanagampalli,,,16,1,,,17
684,09_C_61_1,NLR_C_61_S.R.PURAM,Pedanagampalli,,,2,1,,,3
685,09_C_61_1,NLR_C_61_S.R.PURAM,Gundupalli,,,18,2,,,20
686,09_C_61_1,NLR_C_61_S.R.PURAM,Maramreddipalli,,,23,1,,,24
687,09_C_61_1,NLR_C_61_S.R.PURAM,Devisettipalli,,,5,1,,,6
688,09_C_61_1,NLR_C_61_S.R.PURAM,Jayapuram,,,9,1,,,10
689,09_C_61_1,NLR_C_61_S.R.PURAM,Nemalladinne,,,6,1,,,7
690,09_C_61_1,NLR_C_61_S.R.PURAM,S.R.Puram,,,34,6,,,40
691,09_C_61_1,NLR_C_61_S.R.PURAM,Narayanampeta,,,16,1,,,17
692,09_C_61_1,NLR_C_61_S.R.PURAM,Pandrangi,,,8,1,,,9
693,09_C_61_1,NLR_C_61_S.R.PURAM,Singareddipalli,,,24,2,,,26
694,09_C_61_1,NLR_C_61_S.R.PURAM,Ayyavaripalle,,,17,2,,,19
695,09_C_61_1,NLR_C_61_S.R.PURAM,Gangavaram,,,16,2,,,18
696,09_C_61_1,NLR_C_61_S.R.PURAM,Balayapalle,,,6,2,,,8
697,09_C_61_1,NLR_C_61_S.R.PURAM,Devarajusurayapalle,,,9,1,,,10
698,09_C_61_1,NLR_C_61_S.R.PURAM,Devammacheruvu,,,5,1,,,6
699,09_C_61_1,NLR_C_61_S.R.PURAM,Vempallitoka,,,3,1,,,4
700,09_C_61_1,NLR_C_61_S.R.PURAM,Basinenipalle,,,14,2,,,16
701,09_C_61_1,NLR_C_61_S.R.PURAM,Padamatirompidodla,,,4,1,,,5
702,09_C_61_1,NLR_C_61_S.R.PURAM,Peddireddipalle,,,17,2,,,19
703,09_C_61_1,NLR_C_61_S.R.PURAM,Totalacheruvupalle,,,55,2,,,57
704,09_C_61_1,NLR_C_61_S.R.PURAM,Yerramreddipalle,,,31,1,,,32
705,09_C_61_1,NLR_C_61_S.R.PURAM,Bongarajulapadu,,,,,,,0
706,09_C_61_1,NLR_C_61_S.R.PURAM,Narasimhapuram,,,32,1,,,33
707,09_C_61_1,NLR_C_61_S.R.PURAM,Bhaskarapuram,,,17,1,,,18
708,09_C_61_1,NLR_C_61_S.R.PURAM,Varikuntapadu,,,42,3,,,45
709,09_C_61_1,NLR_C_61_S.R.PURAM,Kancheruvu,,,29,1,,,30
710,09_C_61_1,NLR_C_61_S.R.PURAM,Iskapalle,,,10,,,,10
711,09_C_61_1,NLR_C_61_S.R.PURAM,Guvvadi,,,60,3,,,63
712,09_C_61_1,NLR_C_61_S.R.PURAM,Thurpuboyamadugula,,,10,1,,,11
713,09_C_61_1,NLR_C_61_S.R.PURAM,Alivelumangapuram,,,25,1,,,26
714,09_C_61_1,NLR_C_61_S.R.PURAM,Turpuchennampalle,,,23,1,,,24
715,09_C_61_1,NLR_C_61_S.R.PURAM,Jadadevi,,,36,1,,,37
716,09_C_61_1,NLR_C_61_S.R.PURAM,Kaniampadu,,,9,1,,,10
717,09_C_61_1,NLR_C_61_S.R.PURAM,Ramadevulapadu,,,26,1,,,27
718,09_C_61_1,NLR_C_61_S.R.PURAM,Ganeswarapuram,,,89,1,,,90
719,09_C_61_1,NLR_C_61_S.R.PURAM,Yerrabotlapalli,,,5,1,,,6
720,09_C_61_1,NLR_C_61_S.R.PURAM,Udayagiri konda,,,,,,,0
721,09_C_61_1,NLR_C_61_S.R.PURAM,Bairamkonda hills,,,,,,,0
722,09_C_61_1,NLR_C_61_S.R.PURAM,Pappulavaripalle,,,4,1,,,5
723,09_C_61_1,NLR_C_61_S.R.PURAM,Kotayapalle,,,5,1,,,6
724,09_C_61_1,NLR_C_61_S.R.PURAM,Arlapadia,,,10,1,,,11
725,09_C_61_1,NLR_C_61_S.R.PURAM,Krishnampalle,,,9,1,,,10
726,09_C_61_1,NLR_C_61_S.R.PURAM,Chowdepalle,,,0,1,,,1
727,09_C_61_1,NLR_C_61_S.R.PURAM,Gandipalem,,,,3,,,3
728,09_C_61_1,NLR_C_61_S.R.PURAM,Gudinarava,,,7,1,,,8
729,09_C_61_1,NLR_C_61_S.R.PURAM,Gannepalle,,,3,1,,,4
730,09_C_61_1,NLR_C_61_S.R.PURAM,Kurrapalle,,,10,1,,,11
731,09_C_61_1,NLR_C_61_S.R.PURAM,Sakunalapalle,,,8,1,,,9
732,09_C_61_1,NLR_C_61_S.R.PURAM,Pullayapalle,,,13,1,,,14
733,09_C_61_1,NLR_C_61_S.R.PURAM,Total,,,831,67,,,898
734,09_C_61_2,NLR_C_61_VEMPADU,Pamurupalle,,,62,1,,,63
735,09_C_61_2,NLR_C_61_VEMPADU,Todugupalle,,,20,1,,,21
736,09_C_61_2,NLR_C_61_VEMPADU,Turpupalem,,,4,1,,,5
737,09_C_61_2,NLR_C_61_VEMPADU,Viruvooru,,,3,2,,,5
738,09_C_61_2,NLR_C_61_VEMPADU,Kondayapalem,,,31,2,,,33
739,09_C_61_2,NLR_C_61_VEMPADU,Gollapalli,,,10,1,,,11
740,09_C_61_2,NLR_C_61_VEMPADU,Mohmadapuram,,,16,1,,,17
741,09_C_61_2,NLR_C_61_VEMPADU,Vempadu,,,48,2,,,50
742,09_C_61_2,NLR_C_61_VEMPADU,Damancherla,,,77,5,,,82
743,09_C_61_2,NLR_C_61_VEMPADU,Dakkanuru,,,48,1,,,49
744,09_C_61_2,NLR_C_61_VEMPADU,Turpurompidodla,,,53,1,,,54
745,09_C_61_2,NLR_C_61_VEMPADU,Total,,,372,18,,,390
746,09_C_75_43,NLR_C_75_REDDYPALEM,Pambali,,,2,1,,,3
747,09_C_75_43,NLR_C_75_REDDYPALEM,Reddipalem-I,,,2,3,,,5
748,09_C_75_43,NLR_C_75_REDDYPALEM,Reddipalem-II,,,4,4,,,8
749,09_C_75_43,NLR_C_75_REDDYPALEM,Poodirayadoruvu,,,1,3,,,4
750,09_C_75_43,NLR_C_75_REDDYPALEM,Gollapalem,,,2,,,,2
751,09_C_75_43,NLR_C_75_REDDYPALEM,Kothapalem,,,4,,,,4
752,09_C_75_43,NLR_C_75_REDDYPALEM,Kokkupalem,,,5,,,,5
753,09_C_75_43,NLR_C_75_REDDYPALEM,Pallamparthy,,,2,,,,2
754,09_C_75_43,NLR_C_75_REDDYPALEM,Yellore,,,1,1,,,2
755,09_C_75_43,NLR_C_75_REDDYPALEM,Veligajulapalli,,,5,1,,,6
756,09_C_75_43,NLR_C_75_REDDYPALEM,Buradagali Kotapalem,,,4,2,,,6
757,09_C_75_43,NLR_C_75_REDDYPALEM,Kummarapalem,,,3,1,,,4
758,09_C_75_43,NLR_C_75_REDDYPALEM,Total,,,35,16,,,51
759,09_C_74_35,NLR_C_74_CHAVALI,Chavali,,,18,3,,,21
760,09_C_74_35,NLR_C_74_CHAVALI,Pennepalli,,,4,1,,,5
761,09_C_74_35,NLR_C_74_CHAVALI,Jeellpatur,,,12,2,,,14
762,09_C_74_35,NLR_C_74_CHAVALI,Chillakur,,,21,2,,,23
763,09_C_74_35,NLR_C_74_CHAVALI,Pellakur,,,5,2,,,7
764,09_C_74_35,NLR_C_74_CHAVALI,Kotturu,,,4,1,,,5
765,09_C_74_35,NLR_C_74_CHAVALI,Chintapudi,,,1,2,,,3
766,09_C_74_35,NLR_C_74_CHAVALI,P.C.K.Khandriga,,,4,1,,,5
767,09_C_74_35,NLR_C_74_CHAVALI,Nelaballi,,,17,2,,,19
768,09_C_74_35,NLR_C_74_CHAVALI,Chembedu,,,21,3,,,24
769,09_C_74_35,NLR_C_74_CHAVALI,Chennappanaidupeta,,,18,2,,,20
770,09_C_74_35,NLR_C_74_CHAVALI,Total,,,125,21,,,146
771,09_C_74_37,NLR_C_74_DUGGARAJUPATNAM,Valamedu,,,3,1,,,4
772,09_C_74_37,NLR_C_74_DUGGARAJUPATNAM,Pamanji,,,3,1,,,4
773,09_C_74_37,NLR_C_74_DUGGARAJUPATNAM,Vagarru,,,3,2,,,5
774,09_C_74_37,NLR_C_74_DUGGARAJUPATNAM,Pathetipalem,,,3,,,,3
775,09_C_74_37,NLR_C_74_DUGGARAJUPATNAM,Jamin Kotapalem,,,3,1,,,4
776,09_C_74_37,NLR_C_74_DUGGARAJUPATNAM,Gangannapalem,,,19,1,,,20
777,09_C_74_37,NLR_C_74_DUGGARAJUPATNAM,Namakad bit-1,,,4,,,,4
778,09_C_74_37,NLR_C_74_DUGGARAJUPATNAM,Polla khandrika,,,4,,,,4
779,09_C_74_37,NLR_C_74_DUGGARAJUPATNAM,Iskanattu,,,4,1,,,5
780,09_C_74_37,NLR_C_74_DUGGARAJUPATNAM,Juvvinattu,,,4,1,,,5
781,09_C_74_37,NLR_C_74_DUGGARAJUPATNAM,Andalamala,,,6,1,,,7
782,09_C_74_37,NLR_C_74_DUGGARAJUPATNAM,Boodalavagu,,,5,1,,,6
783,09_C_74_37,NLR_C_74_DUGGARAJUPATNAM,Konduru,,,3,1,,,4
784,09_C_74_37,NLR_C_74_DUGGARAJUPATNAM,Namakad bit-ii,,,3,,,,3
785,09_C_74_37,NLR_C_74_DUGGARAJUPATNAM,Kapparampadu,,,3,,,,3
786,09_C_74_37,NLR_C_74_DUGGARAJUPATNAM,Manyalapattu,,,4,1,,,5
787,09_C_74_37,NLR_C_74_DUGGARAJUPATNAM,Gundlu,,,3,1,,,4
788,09_C_74_37,NLR_C_74_DUGGARAJUPATNAM,Nagulamarri,,,3,,,,3
789,09_C_74_37,NLR_C_74_DUGGARAJUPATNAM,Chennappagarimitta,,,,,,,0
790,09_C_74_37,NLR_C_74_DUGGARAJUPATNAM,Kothacheruvu,,,4,1,,,5
791,09_C_74_37,NLR_C_74_DUGGARAJUPATNAM,Peddacheruvu,,,1,,,,1
792,09_C_74_37,NLR_C_74_DUGGARAJUPATNAM,Nellipudi,,,3,2,,,5
793,09_C_74_37,NLR_C_74_DUGGARAJUPATNAM,Vakadu,,,17,5,,,22
794,09_C_74_37,NLR_C_74_DUGGARAJUPATNAM,Kasipuram,,,4,1,,,5
795,09_C_74_37,NLR_C_74_DUGGARAJUPATNAM,Kondapuram,,,4,2,,,6
796,09_C_74_37,NLR_C_74_DUGGARAJUPATNAM,Muttembaka,,,4,1,,,5
797,09_C_74_37,NLR_C_74_DUGGARAJUPATNAM,Kalluru,,,4,1,,,5
798,09_C_74_37,NLR_C_74_DUGGARAJUPATNAM,Kodiwaka,,,4,1,,,5
799,09_C_74_37,NLR_C_74_DUGGARAJUPATNAM,Uttarapolam,,,4,,,,4
800,09_C_74_37,NLR_C_74_DUGGARAJUPATNAM,Cherukumolam,,,4,,,,4
801,09_C_74_37,NLR_C_74_DUGGARAJUPATNAM,Durgavaram,,,3,1,,,4
802,09_C_74_37,NLR_C_74_DUGGARAJUPATNAM,Tirumur,,,3,1,,,4
803,09_C_74_37,NLR_C_74_DUGGARAJUPATNAM,Cheemalapadu,,,4,1,,,5
804,09_C_74_37,NLR_C_74_DUGGARAJUPATNAM,Duggarajapatnam,,,4,4,,,8
805,09_C_74_37,NLR_C_74_DUGGARAJUPATNAM,Pellakur,,,17,1,,,18
806,09_C_74_37,NLR_C_74_DUGGARAJUPATNAM,Gunupadu,,,52,4,,,56
807,09_C_74_37,NLR_C_74_DUGGARAJUPATNAM,Mettu,,,4,2,,,6
808,09_C_74_37,NLR_C_74_DUGGARAJUPATNAM,Padartivari kandriga,,,2,,,,2
809,09_C_74_37,NLR_C_74_DUGGARAJUPATNAM,Pittuvaripalle,,,1,1,,,2
810,09_C_74_37,NLR_C_74_DUGGARAJUPATNAM,Vadlavanipalle,,,2,,,,2
811,09_C_74_37,NLR_C_74_DUGGARAJUPATNAM,Patragunta,,,2,1,,,3
812,09_C_74_37,NLR_C_74_DUGGARAJUPATNAM,Pothunayanipalle,,,3,,,,3
813,09_C_74_37,NLR_C_74_DUGGARAJUPATNAM,Mangalavanipalle,,,2,,,,2
814,09_C_74_37,NLR_C_74_DUGGARAJUPATNAM,Mukkidipalem,,,1,1,,,2
815,09_C_74_37,NLR_C_74_DUGGARAJUPATNAM,Gangapalem,,,2,,,,2
816,09_C_74_37,NLR_C_74_DUGGARAJUPATNAM,Mallam,,,3,4,,,7
817,09_C_74_37,NLR_C_74_DUGGARAJUPATNAM,Jalapeddipalem,,,1,1,,,2
818,09_C_74_37,NLR_C_74_DUGGARAJUPATNAM,Rayapeddipalem,,,1,,,,1
819,09_C_74_37,NLR_C_74_DUGGARAJUPATNAM,Total,,,240,49,,,289
820,09_C_74_34,NLR_C_74_KOTA,Tonukumala,,,2,1,,,3
821,09_C_74_34,NLR_C_74_KOTA,Annambaka,,,9,1,,,10
822,09_C_74_34,NLR_C_74_KOTA,Pallamala,,,2,1,,,3
823,09_C_74_34,NLR_C_74_KOTA,Pallamala Khandriga,,,1,,,,1
824,09_C_74_34,NLR_C_74_KOTA,Kesavaram,,,12,2,,,14
825,09_C_74_34,NLR_C_74_KOTA,Chittedu,,,13,3,,,16
826,09_C_74_34,NLR_C_74_KOTA,Kothapalem,,,4,3,,,7
827,09_C_74_34,NLR_C_74_KOTA,Nellorupalli,,,1,2,,,3
828,09_C_74_34,NLR_C_74_KOTA,Putchalapalle,,,4,1,,,5
829,09_C_74_34,NLR_C_74_KOTA,Illukurupadu,,,1,1,,,2
830,09_C_74_34,NLR_C_74_KOTA,Uthamanellore,,,5,1,,,6
831,09_C_74_34,NLR_C_74_KOTA,Kota,,,79,6,,,85
832,09_C_74_34,NLR_C_74_KOTA,Chendodu,,,8,3,,,11
833,09_C_74_34,NLR_C_74_KOTA,Gudali,,,5,4,,,9
834,09_C_74_34,NLR_C_74_KOTA,Lakshamakka kandra,,,10,1,,,11
835,09_C_74_34,NLR_C_74_KOTA,Thinnelapudi,,,6,2,,,8
836,09_C_74_34,NLR_C_74_KOTA,Vanjivaka,,,4,2,,,6
837,09_C_74_34,NLR_C_74_KOTA,Allampadu,,,1,1,,,2
838,09_C_74_34,NLR_C_74_KOTA,Yaragatipalle,,,13,2,,,15
839,09_C_74_34,NLR_C_74_KOTA,Molaganur,,,3,1,,,4
840,09_C_74_34,NLR_C_74_KOTA,Pulikorru,,,2,2,,,4
841,09_C_74_34,NLR_C_74_KOTA,Total,,,185,40,,,225
842,09_C_74_38,NLR_C_74_NELAPATTU,Addepudi,,,3,1,,,4
843,09_C_74_38,NLR_C_74_NELAPATTU,Eswarawaka,,,19,2,,,21
844,09_C_74_38,NLR_C_74_NELAPATTU,Tadimedu,,,3,1,,,4
845,09_C_74_38,NLR_C_74_NELAPATTU,Mannemala,,,8,1,,,9
846,09_C_74_38,NLR_C_74_NELAPATTU,Yellasiri,,,27,3,,,30
847,09_C_74_38,NLR_C_74_NELAPATTU,Molakalapudi,,,11,1,,,12
848,09_C_74_38,NLR_C_74_NELAPATTU,Chillamur,,,5,2,,,7
849,09_C_74_38,NLR_C_74_NELAPATTU,North Voraturu,,,4,,,,4
850,09_C_74_38,NLR_C_74_NELAPATTU,Aruru,,,32,2,,,34
851,09_C_74_38,NLR_C_74_NELAPATTU,Perantalamitta,,,2,,,,2
852,09_C_74_38,NLR_C_74_NELAPATTU,Kalakurtipadu,,,5,1,,,6
853,09_C_74_38,NLR_C_74_NELAPATTU,Aravaperimidi,,,5,1,,,6
854,09_C_74_38,NLR_C_74_NELAPATTU,Revulagunta,,,1,,,,1
855,09_C_74_38,NLR_C_74_NELAPATTU,Puderu,,,5,2,,,7
856,09_C_74_38,NLR_C_74_NELAPATTU,Nelaballi,,,20,2,,,22
857,09_C_74_38,NLR_C_74_NELAPATTU,Nellorepalli,,,7,1,,,8
858,09_C_74_38,NLR_C_74_NELAPATTU,Mutchalagunta,,,5,1,,,6
859,09_C_74_38,NLR_C_74_NELAPATTU,Kothapalli,,,6,1,,,7
860,09_C_74_38,NLR_C_74_NELAPATTU,Singanalaturu,,,7,1,,,8
861,09_C_74_38,NLR_C_74_NELAPATTU,Kattuvapalli,,,2,1,,,3
862,09_C_74_38,NLR_C_74_NELAPATTU,K.D.Kandriga,,,2,0,,,2
863,09_C_74_38,NLR_C_74_NELAPATTU,Anegottam,,,1,1,,,2
864,09_C_74_38,NLR_C_74_NELAPATTU,Karatamudi,,,2,,,,2
865,09_C_74_38,NLR_C_74_NELAPATTU,Poolatota,,,6,1,,,7
866,09_C_74_38,NLR_C_74_NELAPATTU,Padamatikandriga/Arigundram,,,4,1,,,5
867,09_C_74_38,NLR_C_74_NELAPATTU,Mylangam,,,4,1,,,5
868,09_C_74_38,NLR_C_74_NELAPATTU,Nelapattu,,,6,1,,,7
869,09_C_74_38,NLR_C_74_NELAPATTU,Kalluru,,,9,2,,,11
870,09_C_74_38,NLR_C_74_NELAPATTU,Kalluru kandriga,,,3,1,,,4
871,09_C_74_38,NLR_C_74_NELAPATTU,Total,,,214,32,,,246
872,09_C_74_33,NLR_C_74_OZILI,Rajanagaram,,,,,,,0
873,09_C_74_33,NLR_C_74_OZILI,Arimenipadu,,,25,1,,,26
874,09_C_74_33,NLR_C_74_OZILI,Pedaparia,,,9,,,,9
875,09_C_74_33,NLR_C_74_OZILI,Rajupalem,,,7,0,,,7
876,09_C_74_33,NLR_C_74_OZILI,Rudrayapalem,,,6,,,,6
877,09_C_74_33,NLR_C_74_OZILI,Acharlaparlapalli,,,3,0,,,3
878,09_C_74_33,NLR_C_74_OZILI,Kurugonda,,,22,1,,,23
879,09_C_74_33,NLR_C_74_OZILI,Kondavallipadu,,,5,,,,5
880,09_C_74_33,NLR_C_74_OZILI,Vijayanellore,,,2,1,,,3
881,09_C_74_33,NLR_C_74_OZILI,Venkatareddipalem,,,9,,,,9
882,09_C_74_33,NLR_C_74_OZILI,Vakativarikhandriga,,,2,0,,,2
883,09_C_74_33,NLR_C_74_OZILI,Rachapalem,,,7,1,,,8
884,09_C_74_33,NLR_C_74_OZILI,Pinapariapadu,,,3,1,,,4
885,09_C_74_33,NLR_C_74_OZILI,Chillamanuchenu,,,13,0,,,13
886,09_C_74_33,NLR_C_74_OZILI,Gurramkonda,,,8,1,,,9
887,09_C_74_33,NLR_C_74_OZILI,Karjimedu,,,5,1,,,6
888,09_C_74_33,NLR_C_74_OZILI,Veerlagunapadu,,,12,1,,,13
889,09_C_74_33,NLR_C_74_OZILI,Tirumalapudi,,,7,1,,,8
890,09_C_74_33,NLR_C_74_OZILI,Kundam,,,12,1,,,13
891,09_C_74_33,NLR_C_74_OZILI,Machavaram,,,6,1,,,7
892,09_C_74_33,NLR_C_74_OZILI,Saguturu,,,9,1,,,10
893,09_C_74_33,NLR_C_74_OZILI,Batlakanupuru,,,16,1,,,17
894,09_C_74_33,NLR_C_74_OZILI,Raghavareddipalem,,,1,1,,,2
895,09_C_74_33,NLR_C_74_OZILI,Ozili,,,22,1,,,23
896,09_C_74_33,NLR_C_74_OZILI,Manamala,,,13,,,,13
897,09_C_74_33,NLR_C_74_OZILI,Bathalapuram,,,3,,,,3
898,09_C_74_33,NLR_C_74_OZILI,Nemallapudi,,,4,1,,,5
899,09_C_74_33,NLR_C_74_OZILI,Karaballavolu,,,15,0,,,15
900,09_C_74_33,NLR_C_74_OZILI,Mummayapalem,,,9,0,,,9
901,09_C_74_33,NLR_C_74_OZILI,Manavali,,,8,1,,,9
902,09_C_74_33,NLR_C_74_OZILI,Punnepalli,,,4,1,,,5
903,09_C_74_33,NLR_C_74_OZILI,Kothapeta,,,3,0,,,3
904,09_C_74_33,NLR_C_74_OZILI,Graddagunta agraharam,,,,,,,0
905,09_C_74_33,NLR_C_74_OZILI,Graddagunta,,,7,0,,,7
906,09_C_74_33,NLR_C_74_OZILI,Josyulavarikandriga,,,3,1,,,4
907,09_C_74_33,NLR_C_74_OZILI,Maddali,,,6,1,,,7
908,09_C_74_33,NLR_C_74_OZILI,Rudravaram,,,3,1,,,4
909,09_C_74_33,NLR_C_74_OZILI,Vengamambapuram,,,3,1,,,4
910,09_C_74_33,NLR_C_74_OZILI,Pandluru,,,12,1,,,13
911,09_C_74_33,NLR_C_74_OZILI,Kallipedu,,,6,,,,6
912,09_C_74_33,NLR_C_74_OZILI,Kapuluru,,,5,1,,,6
913,09_C_74_33,NLR_C_74_OZILI,Chillamatturu,,,1,1,,,2
914,09_C_74_33,NLR_C_74_OZILI,Kuchiwada,,,9,1,,,10
915,09_C_74_33,NLR_C_74_OZILI,Ayyappareddipalem,,,8,1,,,9
916,09_C_74_33,NLR_C_74_OZILI,Timmajikandriga,,,3,,,,3
917,09_C_74_33,NLR_C_74_OZILI,Menakur,,,13,1,,,14
918,09_C_74_33,NLR_C_74_OZILI,Konetirajupalem,,,8,0,,,8
919,09_C_74_33,NLR_C_74_OZILI,Lankapalem,,,,,,,0
920,09_C_74_33,NLR_C_74_OZILI,Palepalom,,,1,1,,,2
921,09_C_74_33,NLR_C_74_OZILI,Bheemavaram,,,5,1,,,6
922,09_C_74_33,NLR_C_74_OZILI,Erramsettipalem,,,0,0,,,0
923,09_C_74_33,NLR_C_74_OZILI,Oddiguntakandriga,,,1,,,,1
924,09_C_74_33,NLR_C_74_OZILI,Chigurupadu,,,4,1,,,5
925,09_C_74_33,NLR_C_74_OZILI,Chigurupadu agraharam,,,2,,,,2
926,09_C_74_33,NLR_C_74_OZILI,Total,,,370,31,,,401
927,09_C_74_32,NLR_C_74_PERIMIDI,Kummaragunta,,,12,1,,,13
928,09_C_74_32,NLR_C_74_PERIMIDI,Panjam,,,6,1,,,7
929,09_C_74_32,NLR_C_74_PERIMIDI,Alivelumangapuram,,,0,,,,0
930,09_C_74_32,NLR_C_74_PERIMIDI,Kammapalli,,,2,1,,,3
931,09_C_74_32,NLR_C_74_PERIMIDI,Yataluru,,,13,1,,,14
932,09_C_74_32,NLR_C_74_PERIMIDI,Upprapalli,,,8,1,,,9
933,09_C_74_32,NLR_C_74_PERIMIDI,Singamabapuram,,,2,1,,,3
934,09_C_74_32,NLR_C_74_PERIMIDI,Manigadaruvu kandriga,,,2,1,,,3
935,09_C_74_32,NLR_C_74_PERIMIDI,V.K.Yachasamudram,,,,,,,0
936,09_C_74_32,NLR_C_74_PERIMIDI,Chinnanapeta,,,8,1,,,9
937,09_C_74_32,NLR_C_74_PERIMIDI,Kalavalapudi,,,19,1,,,20
938,09_C_74_32,NLR_C_74_PERIMIDI,Kotambedu,,,12,1,,,13
939,09_C_74_32,NLR_C_74_PERIMIDI,Gollagunta,,,4,1,,,5
940,09_C_74_32,NLR_C_74_PERIMIDI,Chilamanuru,,,15,1,,,16
941,09_C_74_32,NLR_C_74_PERIMIDI,Sangavaram,,,12,1,,,13
942,09_C_74_32,NLR_C_74_PERIMIDI,Murahari dondra khandriga,,,2,,,,2
943,09_C_74_32,NLR_C_74_PERIMIDI,Mallemala,,,8,1,,,9
944,09_C_74_32,NLR_C_74_PERIMIDI,Bhyravaram,,,8,1,,,9
945,09_C_74_32,NLR_C_74_PERIMIDI,Kovurivarigunta,,,0,,,,0
946,09_C_74_32,NLR_C_74_PERIMIDI,Perimidi,,,21,2,,,23
947,09_C_74_32,NLR_C_74_PERIMIDI,Melchur,,,7,1,,,8
948,09_C_74_32,NLR_C_74_PERIMIDI,Chakracharyulavari Khandriga,,,4,,,,4
949,09_C_74_32,NLR_C_74_PERIMIDI,Enuguwada,,,6,1,,,7
950,09_C_74_32,NLR_C_74_PERIMIDI,Karuru,,,9,1,,,10
951,09_C_74_32,NLR_C_74_PERIMIDI,Attivaram kottapalem,,,,,,,0
952,09_C_74_32,NLR_C_74_PERIMIDI,Attivaram,,,13,1,,,14
953,09_C_74_32,NLR_C_74_PERIMIDI,Kothacheruvu,,,5,1,,,6
954,09_C_74_32,NLR_C_74_PERIMIDI,Dwarakapuram,,,8,1,,,9
955,09_C_74_32,NLR_C_74_PERIMIDI,Kalavakur,,,15,1,,,16
956,09_C_74_32,NLR_C_74_PERIMIDI,Anakavolu,,,21,1,,,22
957,09_C_74_32,NLR_C_74_PERIMIDI,Palchuru,,,12,2,,,14
958,09_C_74_32,NLR_C_74_PERIMIDI,Pulluru,,,9,1,,,10
959,09_C_74_32,NLR_C_74_PERIMIDI,Total,,,263,28,,,291
960,09_C_74_36,NLR_C_74_YAKASIRI,Yakasiri,,,10,3,,,13
961,09_C_74_36,NLR_C_74_YAKASIRI,Marlamudi jangalapalle,,,7,0,,,7
962,09_C_74_36,NLR_C_74_YAKASIRI,Uppalamarti,,,11,0,,,11
963,09_C_74_36,NLR_C_74_YAKASIRI,Chittamur,,,9,3,,,12
964,09_C_74_36,NLR_C_74_YAKASIRI,Somasamudram,,,15,1,,,16
965,09_C_74_36,NLR_C_74_YAKASIRI,Ranganadhapuram,,,2,0,,,2
966,09_C_74_36,NLR_C_74_YAKASIRI,Kogili,,,10,2,,,12
967,09_C_74_36,NLR_C_74_YAKASIRI,Devunikandrika,,,0,,,,0
968,09_C_74_36,NLR_C_74_YAKASIRI,Thannamala,,,10,1,,,11
969,09_C_74_36,NLR_C_74_YAKASIRI,Annamedu,,,17,3,,,20
970,09_C_74_36,NLR_C_74_YAKASIRI,Marlapalli,,,2,1,,,3
971,09_C_74_36,NLR_C_74_YAKASIRI,Tummuru,,,10,6,,,16
972,09_C_74_36,NLR_C_74_YAKASIRI,Naidupeta(LA Sagaram),,,0,2,,,2
973,09_C_74_36,NLR_C_74_YAKASIRI,Vinnamala,,,16,10,,,26
974,09_C_74_36,NLR_C_74_YAKASIRI,Athalapalem,,,4,1,,,5
975,09_C_74_36,NLR_C_74_YAKASIRI,Puduru,,,3,2,,,5
976,09_C_74_36,NLR_C_74_YAKASIRI,Juvvalapalem,,,6,1,,,7
977,09_C_74_36,NLR_C_74_YAKASIRI,Karumanchivarikandriga,,,3,1,,,4
978,09_C_74_36,NLR_C_74_YAKASIRI,Biradavada,,,17,2,,,19
979,09_C_74_36,NLR_C_74_YAKASIRI,Gottiprolu,,,17,2,,,19
980,09_C_74_36,NLR_C_74_YAKASIRI,Talavaipadu,,,4,2,,,6
981,09_C_74_36,NLR_C_74_YAKASIRI,Kanuru,,,19,2,,,21
982,09_C_74_36,NLR_C_74_YAKASIRI,Sirasanambedu,,,21,2,,,23
983,09_C_74_36,NLR_C_74_YAKASIRI,Total,,,213,47,,,260
984,09_C_73_30,NLR_C_73_BALAYAPALLE,Kommaneturu,,,28,2,,,30
985,09_C_73_30,NLR_C_73_BALAYAPALLE,N.S.Khandriga,,,2,,,,2
986,09_C_73_30,NLR_C_73_BALAYAPALLE,Gollapalli,,,6,1,,,7
987,09_C_73_30,NLR_C_73_BALAYAPALLE,Nernur,,,4,1,,,5
988,09_C_73_30,NLR_C_73_BALAYAPALLE,Kundakuru,,,9,1,,,10
989,09_C_73_30,NLR_C_73_BALAYAPALLE,Vendodu,,,18,2,,,20
990,09_C_73_30,NLR_C_73_BALAYAPALLE,Patrapalle,,,5,,,,5
991,09_C_73_30,NLR_C_73_BALAYAPALLE,Muddampalle,,,4,1,,,5
992,09_C_73_30,NLR_C_73_BALAYAPALLE,Varadanapalle,,,4,0,,,4
993,09_C_73_30,NLR_C_73_BALAYAPALLE,Kandanalapadu,,,3,1,,,4
994,09_C_73_30,NLR_C_73_BALAYAPALLE,Pogulavaripalle,,,2,0,,,2
995,09_C_73_30,NLR_C_73_BALAYAPALLE,Papamambapuram,,,3,1,,,4
996,09_C_73_30,NLR_C_73_BALAYAPALLE,Laxmirampalle,,,4,0,,,4
997,09_C_73_30,NLR_C_73_BALAYAPALLE,Kuppampalle,,,5,1,,,6
998,09_C_73_30,NLR_C_73_BALAYAPALLE,Ammapalem,,,14,0,,,14
999,09_C_73_30,NLR_C_73_BALAYAPALLE,Bangarupeta (Venkatagiri muncipality),,,29,4,,,33
1000,09_C_73_30,NLR_C_73_BALAYAPALLE,Yachasamudram,,,2,,,,2
1001,09_C_73_30,NLR_C_73_BALAYAPALLE,Bommagunta,,,3,1,,,4
1002,09_C_73_30,NLR_C_73_BALAYAPALLE,Boppapuram,,,40,3,,,43
1003,09_C_73_30,NLR_C_73_BALAYAPALLE,Ammavaripeta (Venkatagiri muncipality ),,,14,5,,,19
1004,09_C_73_30,NLR_C_73_BALAYAPALLE,Periyavaram (Venkatagiri muncipality),,,68,7,,,75
1005,09_C_73_30,NLR_C_73_BALAYAPALLE,Petluru,,,13,1,,,14
1006,09_C_73_30,NLR_C_73_BALAYAPALLE,China gotlagunta,,,3,1,,,4
1007,09_C_73_30,NLR_C_73_BALAYAPALLE,Gotlagunta,,,5,1,,,6
1008,09_C_73_30,NLR_C_73_BALAYAPALLE,Chevireddipalle (Venkatagiri muncipality),,,34,5,,,39
1009,09_C_73_30,NLR_C_73_BALAYAPALLE,Busapalem,,,10,1,,,11
1010,09_C_73_30,NLR_C_73_BALAYAPALLE,Mogallagunta,,,5,1,,,6
1011,09_C_73_30,NLR_C_73_BALAYAPALLE,China bandarupalle,,,3,,,,3
1012,09_C_73_30,NLR_C_73_BALAYAPALLE,Lingamanaidupalle,,,3,,,,3
1013,09_C_73_30,NLR_C_73_BALAYAPALLE,Peda bandarupalle,,,7,1,,,8
1014,09_C_73_30,NLR_C_73_BALAYAPALLE,Vallivedu,,,22,2,,,24
1015,09_C_73_30,NLR_C_73_BALAYAPALLE,Timmayagunta,,,2,1,,,3
1016,09_C_73_30,NLR_C_73_BALAYAPALLE,Ambalapudi,,,11,1,,,12
1017,09_C_73_30,NLR_C_73_BALAYAPALLE,Venkatareddipalle,,,6,,,,6
1018,09_C_73_30,NLR_C_73_BALAYAPALLE,Alimili,,,15,1,,,16
1019,09_C_73_30,NLR_C_73_BALAYAPALLE,Chutti,,,6,1,,,7
1020,09_C_73_30,NLR_C_73_BALAYAPALLE,Balayapalle,,,12,1,,,13
1021,09_C_73_30,NLR_C_73_BALAYAPALLE,Mannuru,,,18,2,,,20
1022,09_C_73_30,NLR_C_73_BALAYAPALLE,Pallipadu,,,9,1,,,10
1023,09_C_73_30,NLR_C_73_BALAYAPALLE,Gottikadu,,,15,1,,,16
1024,09_C_73_30,NLR_C_73_BALAYAPALLE,Subramanyam,,,6,1,,,7
1025,09_C_73_30,NLR_C_73_BALAYAPALLE,Yachavaram,,,7,1,,,8
1026,09_C_73_30,NLR_C_73_BALAYAPALLE,Vengamambapuram,,,16,2,,,18
1027,09_C_73_30,NLR_C_73_BALAYAPALLE,Akkasamudram,,,14,1,,,15
1028,09_C_73_30,NLR_C_73_BALAYAPALLE,Kayyuru,,,14,1,,,15
1029,09_C_73_30,NLR_C_73_BALAYAPALLE,Pakapudi,,,7,1,,,8
1030,09_C_73_30,NLR_C_73_BALAYAPALLE,Pigilam kottapalem,,,15,1,,,16
1031,09_C_73_30,NLR_C_73_BALAYAPALLE,Jayampu,,,27,3,,,30
1032,09_C_73_30,NLR_C_73_BALAYAPALLE,Naiducheruvukandriga,,,9,1,,,10
1033,09_C_73_30,NLR_C_73_BALAYAPALLE,Hastakaveri,,,14,1,,,15
1034,09_C_73_30,NLR_C_73_BALAYAPALLE,Kommalagunta,,,3,1,,,4
1035,09_C_73_30,NLR_C_73_BALAYAPALLE,Jarlapadu,,,11,1,,,12
1036,09_C_73_30,NLR_C_73_BALAYAPALLE,Pigilam,,,11,2,,,13
1037,09_C_73_30,NLR_C_73_BALAYAPALLE,Katragunta,,,6,1,,,7
1038,09_C_73_30,NLR_C_73_BALAYAPALLE,Arigepalle,,,6,1,,,7
1039,09_C_73_30,NLR_C_73_BALAYAPALLE,Tikkavaram,,,1,1,,,2
1040,09_C_73_30,NLR_C_73_BALAYAPALLE,Tallapalle,,,5,1,,,6
1041,09_C_73_30,NLR_C_73_BALAYAPALLE,Siddagunta,,,8,1,,,9
1042,09_C_73_30,NLR_C_73_BALAYAPALLE,Nidigallu,,,17,2,,,19
1043,09_C_73_30,NLR_C_73_BALAYAPALLE,Boinagunta,,,,,,,0
1044,09_C_73_30,NLR_C_73_BALAYAPALLE,Karimenagunta,,,2,1,,,3
1045,09_C_73_30,NLR_C_73_BALAYAPALLE,Kamakuru,,,11,1,,,12
1046,09_C_73_30,NLR_C_73_BALAYAPALLE,Surabivari kandriga,,,0,,,,0
1047,09_C_73_30,NLR_C_73_BALAYAPALLE,Kalaganda,,,8,1,,,9
1048,09_C_73_30,NLR_C_73_BALAYAPALLE,Utlapalli,,,8,1,,,9
1049,09_C_73_30,NLR_C_73_BALAYAPALLE,Papireddipalle,,,9,1,,,10
1050,09_C_73_30,NLR_C_73_BALAYAPALLE,Konamgunta,,,6,1,,,7
1051,09_C_73_30,NLR_C_73_BALAYAPALLE,Lingareddipalli,,,4,1,,,5
1052,09_C_73_30,NLR_C_73_BALAYAPALLE,L.J.Kattubadi,,,,,,,0
1053,09_C_73_30,NLR_C_73_BALAYAPALLE,Rangarajasamudram,,,3,,,,3
1054,09_C_73_30,NLR_C_73_BALAYAPALLE,Inugunta,,,18,2,,,20
1055,09_C_73_30,NLR_C_73_BALAYAPALLE,Ravipadu,,,3,1,,,4
1056,09_C_73_30,NLR_C_73_BALAYAPALLE,Palempadu,,,3,1,,,4
1057,09_C_73_30,NLR_C_73_BALAYAPALLE,Bandarugunta,,,2,1,,,3
1058,09_C_73_30,NLR_C_73_BALAYAPALLE,Total,,,740,89,,,829
1059,09_C_73_27,NLR_C_73_CHINTAVARAM,Tikkavaram,,,5,3,,,8
1060,09_C_73_27,NLR_C_73_CHINTAVARAM,Udathavariparlapalli,,,3,1,,,4
1061,09_C_73_27,NLR_C_73_CHINTAVARAM,Yegeswarunipalli,,,3,1,,,4
1062,09_C_73_27,NLR_C_73_CHINTAVARAM,Ankulapaturu,,,10,1,,,11
1063,09_C_73_27,NLR_C_73_CHINTAVARAM,Yeruru,,,11,2,,,13
1064,09_C_73_27,NLR_C_73_CHINTAVARAM,Momidi,,,11,5,,,16
1065,09_C_73_27,NLR_C_73_CHINTAVARAM,Thamminapatnam,,,9,4,,,13
1066,09_C_73_27,NLR_C_73_CHINTAVARAM,Turpu Kanupur,,,12,1,,,13
1067,09_C_73_27,NLR_C_73_CHINTAVARAM,Addepalli,,,3,1,,,4
1068,09_C_73_27,NLR_C_73_CHINTAVARAM,Chintavaram,,,6,2,,,8
1069,09_C_73_27,NLR_C_73_CHINTAVARAM,Ponnavolu,,,2,1,,,3
1070,09_C_73_27,NLR_C_73_CHINTAVARAM,Udathavaripalem,,,28,2,,,30
1071,09_C_73_27,NLR_C_73_CHINTAVARAM,Kalavakonda,,,9,1,,,10
1072,09_C_73_27,NLR_C_73_CHINTAVARAM,Vallipadu,,,18,2,,,20
1073,09_C_73_27,NLR_C_73_CHINTAVARAM,Ippapudi,,,3,,,,3
1074,09_C_73_27,NLR_C_73_CHINTAVARAM,Ballavolu,,,2,2,,,4
1075,09_C_73_27,NLR_C_73_CHINTAVARAM,Vellapalem,,,4,1,,,5
1076,09_C_73_27,NLR_C_73_CHINTAVARAM,Karlapudi,,,5,1,,,6
1077,09_C_73_27,NLR_C_73_CHINTAVARAM,Siddavaram,,,3,2,,,5
1078,09_C_73_27,NLR_C_73_CHINTAVARAM,Kothapatnam,,,4,3,,,7
1079,09_C_73_27,NLR_C_73_CHINTAVARAM,Total,,,151,36,,,187
1080,09_C_73_28,NLR_C_73_DAKKILI,Rapur Velikonda hills,,,,,,,0
1081,09_C_73_28,NLR_C_73_DAKKILI,Veligondla hills,,,,,,,0
1082,09_C_73_28,NLR_C_73_DAKKILI,Kothacheruvu,,,2,0,,,2
1083,09_C_73_28,NLR_C_73_DAKKILI,Devulapalle,,,30,2,,,32
1084,09_C_73_28,NLR_C_73_DAKKILI,Vembuluru,,,23,3,,,26
1085,09_C_73_28,NLR_C_73_DAKKILI,Velampalli,,,7,1,,,8
1086,09_C_73_28,NLR_C_73_DAKKILI,Gollavanigunta,,,3,0,,,3
1087,09_C_73_28,NLR_C_73_DAKKILI,Kuppayapalem,,,11,1,,,12
1088,09_C_73_28,NLR_C_73_DAKKILI,Vempativaripalle,,,2,,,,2
1089,09_C_73_28,NLR_C_73_DAKKILI,Dakkili,,,24,2,,,26
1090,09_C_73_28,NLR_C_73_DAKKILI,Kandalavaripalli,,,4,1,,,5
1091,09_C_73_28,NLR_C_73_DAKKILI,Sanganapalle,,,18,1,,,19
1092,09_C_73_28,NLR_C_73_DAKKILI,Yellavajjulapalle,,,4,1,,,5
1093,09_C_73_28,NLR_C_73_DAKKILI,Patanalapadu,,,14,1,,,15
1094,09_C_73_28,NLR_C_73_DAKKILI,Kothanalapadu,,,4,0,,,4
1095,09_C_73_28,NLR_C_73_DAKKILI,Bheemavaram,,,5,1,,,6
1096,09_C_73_28,NLR_C_73_DAKKILI,K.Bhatlapalle,,,7,1,,,8
1097,09_C_73_28,NLR_C_73_DAKKILI,Mopur,,,35,2,,,37
1098,09_C_73_28,NLR_C_73_DAKKILI,Chakalapalli,,,3,1,,,4
1099,09_C_73_28,NLR_C_73_DAKKILI,Lingasamudram,,,23,1,,,24
1100,09_C_73_28,NLR_C_73_DAKKILI,Dattanagaram,,,3,1,,,4
1101,09_C_73_28,NLR_C_73_DAKKILI,Attalasiddavaram,,,3,,,,3
1102,09_C_73_28,NLR_C_73_DAKKILI,Nuthalacheruvu khandriga,,,0,1,,,1
1103,09_C_73_28,NLR_C_73_DAKKILI,Namasivayapuram,,,2,1,,,3
1104,09_C_73_28,NLR_C_73_DAKKILI,Vakyam,,,10,1,,,11
1105,09_C_73_28,NLR_C_73_DAKKILI,Total,,,237,23,,,260
1106,09_C_73_20,NLR_C_73_GONUPALLE,Dachuru,,,40,4,,,44
1107,09_C_73_20,NLR_C_73_GONUPALLE,Vandluru,,,7,1,,,8
1108,09_C_73_20,NLR_C_73_GONUPALLE,Penchalakona hills,,,,,,,0
1109,09_C_73_20,NLR_C_73_GONUPALLE,Garimanapenta,,,11,1,,,12
1110,09_C_73_20,NLR_C_73_GONUPALLE,Gonupalli,,,47,3,,,50
1111,09_C_73_20,NLR_C_73_GONUPALLE,Penubartigopasamudram,,,16,1,,,17
1112,09_C_73_20,NLR_C_73_GONUPALLE,Penubarti,,,22,1,,,23
1113,09_C_73_20,NLR_C_73_GONUPALLE,KasulanatiKandriga,,,2,1,,,3
1114,09_C_73_20,NLR_C_73_GONUPALLE,Lingapalem,,,4,1,,,5
1115,09_C_73_20,NLR_C_73_GONUPALLE,Suddamalla,,,,,,,0
1116,09_C_73_20,NLR_C_73_GONUPALLE,Gurivindapudi,,,,,,,0
1117,09_C_73_20,NLR_C_73_GONUPALLE,Akhilavalasa,,,14,1,,,15
1118,09_C_73_20,NLR_C_73_GONUPALLE,Gundavolu,,,28,3,,,31
1119,09_C_73_20,NLR_C_73_GONUPALLE,Nellepalli,,,22,1,,,23
1120,09_C_73_20,NLR_C_73_GONUPALLE,Yepuru,,,14,1,,,15
1121,09_C_73_20,NLR_C_73_GONUPALLE,Veligonda hills,,,,,,,0
1122,09_C_73_20,NLR_C_73_GONUPALLE,Total,,,227,19,,,246
1123,09_C_73_26,NLR_C_73_GUDUR,Chennur II,,,42,7,,,49
1124,09_C_73_26,NLR_C_73_GUDUR,Chennur I,,,11,3,,,14
1125,09_C_73_26,NLR_C_73_GUDUR,Kandali,,,13,1,,,14
1126,09_C_73_26,NLR_C_73_GUDUR,Chemidti,,,5,1,,,6
1127,09_C_73_26,NLR_C_73_GUDUR,Reddigunta,,,4,1,,,5
1128,09_C_73_26,NLR_C_73_GUDUR,Mangalapur,,,7,2,,,9
1129,09_C_73_26,NLR_C_73_GUDUR,Nelaturu,,,32,2,,,34
1130,09_C_73_26,NLR_C_73_GUDUR,East Gudur,,,186,2,,,188
1131,09_C_73_26,NLR_C_73_GUDUR,West Gudur,,,260,8,,,268
1132,09_C_73_26,NLR_C_73_GUDUR,Palicherla,,,7,1,,,8
1133,09_C_73_26,NLR_C_73_GUDUR,Palicherla Rajupalem,,,7,1,,,8
1134,09_C_73_26,NLR_C_73_GUDUR,Vedicherla,,,7,2,,,9
1135,09_C_73_26,NLR_C_73_GUDUR,Kondagunta,,,6,2,,,8
1136,09_C_73_26,NLR_C_73_GUDUR,Mekanur,,,8,2,,,10
1137,09_C_73_26,NLR_C_73_GUDUR,Ayyavaripalem,,,11,2,,,13
1138,09_C_73_26,NLR_C_73_GUDUR,Kandra,,,12,1,,,13
1139,09_C_73_26,NLR_C_73_GUDUR,Bhuvanagiripalem,,,5,1,,,6
1140,09_C_73_26,NLR_C_73_GUDUR,Polipadu,,,4,1,,,5
1141,09_C_73_26,NLR_C_73_GUDUR,Chillakur,,,11,5,,,16
1142,09_C_73_26,NLR_C_73_GUDUR,Mutyalapadu,,,3,3,,,6
1143,09_C_73_26,NLR_C_73_GUDUR,Pentapadu,,,2,1,,,3
1144,09_C_73_26,NLR_C_73_GUDUR,Kadivedu,,,4,3,,,7
1145,09_C_73_26,NLR_C_73_GUDUR,Nakkalakalva khandriga,,,2,0,,,2
1146,09_C_73_26,NLR_C_73_GUDUR,Teepanur,,,5,1,,,6
1147,09_C_73_26,NLR_C_73_GUDUR,Oduru,,,5,2,,,7
1148,09_C_73_26,NLR_C_73_GUDUR,Nelaballi,,,3,2,,,5
1149,09_C_73_26,NLR_C_73_GUDUR,Budanam,,,5,2,,,7
1150,09_C_73_26,NLR_C_73_GUDUR,Total,,,667,59,,,726
1151,09_C_73_29,NLR_C_73_PALUGODU,Veligondla hills,,,,,,,0
1152,09_C_73_29,NLR_C_73_PALUGODU,Nadimpalle,,,8,1,,,9
1153,09_C_73_29,NLR_C_73_PALUGODU,Dandavolu Upprapalle,,,7,1,,,8
1154,09_C_73_29,NLR_C_73_PALUGODU,Dandavolu,,,6,1,,,7
1155,09_C_73_29,NLR_C_73_PALUGODU,Naidupalem,,,,,,,0
1156,09_C_73_29,NLR_C_73_PALUGODU,Althrupadu,,,12,2,,,14
1157,09_C_73_29,NLR_C_73_PALUGODU,Surayapalem,,,2,,,,2
1158,09_C_73_29,NLR_C_73_PALUGODU,Timmayapalem,,,5,1,,,6
1159,09_C_73_29,NLR_C_73_PALUGODU,Nagulapadu,,,8,1,,,9
1160,09_C_73_29,NLR_C_73_PALUGODU,Sripuram,,,6,1,,,7
1161,09_C_73_29,NLR_C_73_PALUGODU,Vengamanaidupalle,,,4,0,,,4
1162,09_C_73_29,NLR_C_73_PALUGODU,Matumadugu,,,5,1,,,6
1163,09_C_73_29,NLR_C_73_PALUGODU,Chapalapalle,,,11,1,,,12
1164,09_C_73_29,NLR_C_73_PALUGODU,Palugodu,,,12,1,,,13
1165,09_C_73_29,NLR_C_73_PALUGODU,Cheekirenipalle,,,5,1,,,6
1166,09_C_73_29,NLR_C_73_PALUGODU,Mahasamudram,,,5,1,,,6
1167,09_C_73_29,NLR_C_73_PALUGODU,Theerthampadu,,,18,2,,,20
1168,09_C_73_29,NLR_C_73_PALUGODU,Thimmanagunta,,,2,0,,,2
1169,09_C_73_29,NLR_C_73_PALUGODU,Pedayachasamudram,,,7,1,,,8
1170,09_C_73_29,NLR_C_73_PALUGODU,Nagavolu,,,9,1,,,10
1171,09_C_73_29,NLR_C_73_PALUGODU,Vedurugunta,,,0,0,,,0
1172,09_C_73_29,NLR_C_73_PALUGODU,Chennasamudram,,,4,1,,,5
1173,09_C_73_29,NLR_C_73_PALUGODU,Veligondla hills,,,,,,,0
1174,09_C_73_29,NLR_C_73_PALUGODU,Chintala cheruvukandra,,,8,1,,,9
1175,09_C_73_29,NLR_C_73_PALUGODU,Paravolu,,,4,2,,,6
1176,09_C_73_29,NLR_C_73_PALUGODU,Balasamudram,,,4,1,,,5
1177,09_C_73_29,NLR_C_73_PALUGODU,Viswanadhapuram,,,2,1,,,3
1178,09_C_73_29,NLR_C_73_PALUGODU,Bangaruyachasamudram,,,2,0,,,2
1179,09_C_73_29,NLR_C_73_PALUGODU,Kalapadu,,,6,1,,,7
1180,09_C_73_29,NLR_C_73_PALUGODU,Tadikalapoda khandriga,,,5,1,,,6
1181,09_C_73_29,NLR_C_73_PALUGODU,Jangalapalle,,,4,1,,,5
1182,09_C_73_29,NLR_C_73_PALUGODU,Gundalasamudram,,,9,1,,,10
1183,09_C_73_29,NLR_C_73_PALUGODU,Juvvimani khandriga,,,3,,,,3
1184,09_C_73_29,NLR_C_73_PALUGODU,AKKAMAMBAPURAM,,,3,1,,,4
1185,09_C_73_29,NLR_C_73_PALUGODU,PALAKONDA SATRAM,,,5,1,,,6
1186,09_C_73_29,NLR_C_73_PALUGODU,SIDDAVARAM,,,8,1,,,9
1187,09_C_73_29,NLR_C_73_PALUGODU,Palemkota,,,9,1,,,10
1188,09_C_73_29,NLR_C_73_PALUGODU,Papammacheruvukandra,,,5,1,,,6
1189,09_C_73_29,NLR_C_73_PALUGODU,Mokkalapudi,,,3,1,,,4
1190,09_C_73_29,NLR_C_73_PALUGODU,Chintagunta,,,7,0,,,7
1191,09_C_73_29,NLR_C_73_PALUGODU,Lalapeta,,,9,1,,,10
1192,09_C_73_29,NLR_C_73_PALUGODU,DHARMAPURAM (U),,,3,1,,,4
1193,09_C_73_29,NLR_C_73_PALUGODU,Kummarapeta,,,3,1,,,4
1194,09_C_73_29,NLR_C_73_PALUGODU,Nindali,,,15,1,,,16
1195,09_C_73_29,NLR_C_73_PALUGODU,Challanarasukhandriga,,,,,,,0
1196,09_C_73_29,NLR_C_73_PALUGODU,Kadagunta,,,17,2,,,19
1197,09_C_73_29,NLR_C_73_PALUGODU,Ramapuram,,,9,1,,,10
1198,09_C_73_29,NLR_C_73_PALUGODU,Total,,,279,40,,,319
1199,09_C_73_25,NLR_C_73_RAMASAGARAM,Madamanur,,,18,3,,,21
1200,09_C_73_25,NLR_C_73_RAMASAGARAM,Mittaatmakur,,,19,2,,,21
1201,09_C_73_25,NLR_C_73_RAMASAGARAM,Vinduru,,,45,6,,,51
1202,09_C_73_25,NLR_C_73_RAMASAGARAM,Ramasagaram,,,17,2,,,19
1203,09_C_73_25,NLR_C_73_RAMASAGARAM,Molkalapundla,,,40,5,,,45
1204,09_C_73_25,NLR_C_73_RAMASAGARAM,Raagana ramapuram,,,4,0,,,4
1205,09_C_73_25,NLR_C_73_RAMASAGARAM,Tippireddypalli,,,8,1,,,9
1206,09_C_73_25,NLR_C_73_RAMASAGARAM,Samudralavari khandrika,,,3,1,,,4
1207,09_C_73_25,NLR_C_73_RAMASAGARAM,Adhvnnapu Narayanakat,,,,,,,0
1208,09_C_73_25,NLR_C_73_RAMASAGARAM,Thokalapudi,,,6,1,,,7
1209,09_C_73_25,NLR_C_73_RAMASAGARAM,Lingasamudram,,,1,1,,,2
1210,09_C_73_25,NLR_C_73_RAMASAGARAM,Mittapalli,,,12,1,,,13
1211,09_C_73_25,NLR_C_73_RAMASAGARAM,Anantamadugu,,,18,1,,,19
1212,09_C_73_25,NLR_C_73_RAMASAGARAM,Total,,,191,24,,,215
1213,09_C_73_24,NLR_C_73_RAPUR,Rapur Velikonda hills,,,,,,,0
1214,09_C_73_24,NLR_C_73_RAPUR,Veligonda hills,,,,,,,0
1215,09_C_73_24,NLR_C_73_RAPUR,Bojjanapalli,,,10,1,,,11
1216,09_C_73_24,NLR_C_73_RAPUR,Raviguntapalli,,,10,1,,,11
1217,09_C_73_24,NLR_C_73_RAPUR,Rapur,,,126,10,,,136
1218,09_C_73_24,NLR_C_73_RAPUR,Pangili,,,34,2,,,36
1219,09_C_73_24,NLR_C_73_RAPUR,Koturupadu,,,8,1,,,9
1220,09_C_73_24,NLR_C_73_RAPUR,Bandepalli,,,5,1,,,6
1221,09_C_73_24,NLR_C_73_RAPUR,Siddavaram,,,19,2,,,21
1222,09_C_73_24,NLR_C_73_RAPUR,Puligalapadu,,,4,1,,,5
1223,09_C_73_24,NLR_C_73_RAPUR,Jorepalli,,,23,2,,,25
1224,09_C_73_24,NLR_C_73_RAPUR,Jorepalli Akkamambapuram,,,7,1,,,8
1225,09_C_73_24,NLR_C_73_RAPUR,Kommipadu,,,6,2,,,8
1226,09_C_73_21,NLR_C_73_RAPUR,Edula kandriga,,,30,1,,,31
1227,09_C_73_24,NLR_C_73_RAPUR,Potegunta,,,29,2,,,31
1228,09_C_73_24,NLR_C_73_RAPUR,Cheekavolu,,,28,2,,,30
1229,09_C_73_24,NLR_C_73_RAPUR,Vemulachedu,,,9,1,,,10
1230,09_C_73_24,NLR_C_73_RAPUR,Nalabotlapalle,,,3,1,,,4
1231,09_C_73_24,NLR_C_73_RAPUR,Patalapalle,,,4,1,,,5
1232,09_C_73_24,NLR_C_73_RAPUR,Palur,,,21,2,,,23
1233,09_C_73_24,NLR_C_73_RAPUR,Veligondla hills,,,,,,,0
1234,09_C_73_24,NLR_C_73_RAPUR,Madhavaiahpalem,,,13,1,,,14
1235,09_C_73_24,NLR_C_73_RAPUR,Cherlopalli,,,6,1,,,7
1236,09_C_73_24,NLR_C_73_RAPUR,Velikallu,,,20,2,,,22
1237,09_C_73_24,NLR_C_73_RAPUR,Veera Kummara Yachasamudram,,,6,1,,,7
1238,09_C_73_24,NLR_C_73_RAPUR,swarna Yachasamudram,,,2,,,,2
1239,09_C_73_24,NLR_C_73_RAPUR,Marlagunta,,,2,1,,,3
1240,09_C_73_24,NLR_C_73_RAPUR,Daggavolu,,,28,2,,,30
1241,09_C_73_24,NLR_C_73_RAPUR,Total,,,453,42,,,495
1242,09_C_73_31,NLR_C_73_VENKATAGIRI,Veligondla hills,,,,,,,0
1243,09_C_73_31,NLR_C_73_VENKATAGIRI,Ramasastrulavari Khandriga,,,3,1,,,4
1244,09_C_73_31,NLR_C_73_VENKATAGIRI,Venkatagiri,,,144,25,,,169
1245,09_C_73_31,NLR_C_73_VENKATAGIRI,Somasanigunta,,,9,1,,,10
1246,09_C_73_31,NLR_C_73_VENKATAGIRI,Thripuranthaka Bhatlapa,,,5,1,,,6
1247,09_C_73_31,NLR_C_73_VENKATAGIRI,Dacheruvu,,,4,1,,,5
1248,09_C_73_31,NLR_C_73_VENKATAGIRI,Dharma Chatlavarikhandr,,,1,1,,,2
1249,09_C_73_31,NLR_C_73_VENKATAGIRI,Vaddipalle,,,2,0,,,2
1250,09_C_73_31,NLR_C_73_VENKATAGIRI,Akbarnivasa Khandrika,,,5,1,,,6
1251,09_C_73_31,NLR_C_73_VENKATAGIRI,Kylasanadhapuram,,,1,1,,,2
1252,09_C_73_31,NLR_C_73_VENKATAGIRI,Madichenu Khandrika,,,1,1,,,2
1253,09_C_73_31,NLR_C_73_VENKATAGIRI,Sunkaravaripalle,,,1,1,,,2
1254,09_C_73_31,NLR_C_73_VENKATAGIRI,Chinthalapalle Vari Kha,,,1,1,,,2
1255,09_C_73_31,NLR_C_73_VENKATAGIRI,J.Appalacharyula Khandr,,,2,1,,,3
1256,09_C_73_31,NLR_C_73_VENKATAGIRI,Chelikampadu Mannegunta,,,,,,,0
1257,09_C_73_31,NLR_C_73_VENKATAGIRI,Chelikampadu,,,8,1,,,9
1258,09_C_73_31,NLR_C_73_VENKATAGIRI,Chintagunta Venganna Khandrika,,,,,,,0
1259,09_C_73_31,NLR_C_73_VENKATAGIRI,Kurjagunta,,,7,1,,,8
1260,09_C_73_31,NLR_C_73_VENKATAGIRI,Mannegunta,,,4,1,,,5
1261,09_C_73_31,NLR_C_73_VENKATAGIRI,Basavaya Gunta,,,8,,,,8
1262,09_C_73_31,NLR_C_73_VENKATAGIRI,Poolarangadupalle,,,3,1,,,4
1263,09_C_73_31,NLR_C_73_VENKATAGIRI,Manulapeta (Venkatagiri muncipality),,,12,2,,,14
1264,09_C_73_31,NLR_C_73_VENKATAGIRI,Total,,,221,42,,,263
,,,,,,,,,,
,,,,,,,,,,
,,,,,,,,,,
,,,,,,,,,,
,,,,,,,,,,
,,,,,,,,,,
,,,,,,,,,,
,,,,,,,,,,
,,,,,,,,,,
,,,,,,,,,,
,,,,,,,,,,
,,,,,,,,,,
,,,,,,,,,,
,,,,,,,,,,
,,,,,,,,,,
,,,,,,,,,,
,,,,,,,,,,
,,,,,,,,,,
,,,,,,,,,,
,,,,,,,,,,
,,,,,,,,,,
,,,,,,,,,,
,,,,,,,,,,
,,,,,,,,,,
,,,,,,,,,,
,,,,,,,,,,
,,,,,,,,,,
,,,,,,,,,,
,,,,,,,,,,
,,,,,,,,,,
,,,,,,,,,,
,,,,,,,,,,
,,,,,,,,,,
,,,,,,,,,,
,,,,,,,,,,
,,,,,,,,,,
,,,,,,,,,,
,,,,,,,,,,
,,,,,,,,,,
,,,,,,,,,,
,,,,,,,,,,
,,,,,,,,,,
,,,,,,,,,,
,,,,,,,,,,
,,,,,,,,,,
,,,,,,,,,,
,,,,,,,,,,
,,,,,,,,,,
,,,,,,,,,,
,,,,,,,,,,
,,,,,,,,,,
,,,,,,,,,,
,,,,,,,,,,
,,,,,,,,,,
,,,,,,,,,,
,,,,,,,,,,
,,,,,,,,,,
,,,,,,,,,,
,,,,,,,,,,
,,,,,,,,,,
,,,,,,,,,,
,,,,,,,,,,
,,,,,,,,,,
,,,,,,,,,,
,,,,,,,,,,
,,,,,,,,,,
,,,,,,,,,,
,,,,,,,,,,
,,,,,,,,,,
,,,,,,,,,,
,,,,,,,,,,
,,,,,,,,,,
,,,,,,,,,,
,,,,,,,,,,
,,,,,,,,,,
,,,,,,,,,,
,,,,,,,,,,
,,,,,,,,,,
,,,,,,,,,,
,,,,,,,,,,
,,,,,,,,,,
,,,,,,,,,,
,,,,,,,,,,
,,,,,,,,,,
,,,,,,,,,,
,,,,,,,,,,
,,,,,,,,,,
,,,,,,,,,,
,,,,,,,,,,
,,,,,,,,,,
,,,,,,,,,,
,,,,,,,,,,
,,,,,,,,,,
,,,,,,,,,,
,,,,,,,,,,
,,,,,,,,,,
,,,,,,,,,,
,,,,,,,,,,
,,,,,,,,,,
,,,,,,,,,,
,,,,,,,,,,
,,,,,,,,,,
,,,,,,,,,,
,,,,,,,,,,
,,,,,,,,,,
,,,,,,,,,,
,,,,,,,,,,
,,,,,,,,,,
,,,,,,,,,,
,,,,,,,,,,
,,,,,,,,,,
,,,,,,,,,,
,,,,,,,,,,
,,,,,,,,,,
,,,,,,,,,,
,,,,,,,,,,
,,,,,,,,,,
,,,,,,,,,,
,,,,,,,,,,
,,,,,,,,,,
,,,,,,,,,,
,,,,,,,,,,
,,,,,,,,,,
,,,,,,,,,,
,,,,,,,,,,
,,,,,,,,,,
,,,,,,,,,,
,,,,,,,,,,
,,,,,,,,,,
,,,,,,,,,,
,,,,,,,,,,
,,,,,,,,,,
,,,,,,,,,,
,,,,,,,,,,
,,,,,,,,,,
,,,,,,,,,,
,,,,,,,,,,
,,,,,,,,,,
,,,,,,,,,,
,,,,,,,,,,
,,,,,,,,,,
,,,,,,,,,,
,,,,,,,,,,
,,,,,,,,,,
,,,,,,,,,,
,,,,,,,,,,
,,,,,,,,,,
,,,,,,,,,,
,,,,,,,,,,
,,,,,,,,,,
,,,,,,,,,,
,,,,,,,,,,
,,,,,,,,,,
,,,,,,,,,,
,,,,,,,,,,
,,,,,,,,,,
,,,,,,,,,,
,,,,,,,,,,
,,,,,,,,,,
,,,,,,,,,,
,,,,,,,,,,
,,,,,,,,,,
,,,,,,,,,,
,,,,,,,,,,
,,,,,,,,,,
,,,,,,,,,,
,,,,,,,,,,
,,,,,,,,,,
,,,,,,,,,,
,,,,,,,,,,
,,,,,,,,,,
,,,,,,,,,,
,,,,,,,,,,
,,,,,,,,,,
,,,,,,,,,,
,,,,,,,,,,
,,,,,,,,,,
,,,,,,,,,,
,,,,,,,,,,
,,,,,,,,,,
,,,,,,,,,,
,,,,,,,,,,
,,,,,,,,,,
,,,,,,,,,,
,,,,,,,,,,
,,,,,,,,,,
,,,,,,,,,,
,,,,,,,,,,
,,,,,,,,,,
,,,,,,,,,,
,,,,,,,,,,
,,,,,,,,,,
,,,,,,,,,,
,,,,,,,,,,
,,,,,,,,,,
,,,,,,,,,,
,,,,,,,,,,
,,,,,,,,,,
,,,,,,,,,,
,,,,,,,,,,
,,,,,,,,,,
,,,,,,,,,,
,,,,,,,,,,
,,,,,,,,,,
,,,,,,,,,,
,,,,,,,,,,
,,,,,,,,,,
,,,,,,,,,,
,,,,,,,,,,
,,,,,,,,,,
,,,,,,,,,,
,,,,,,,,,,
,,,,,,,,,,
,,,,,,,,,,
,,,,,,,,,,
,,,,,,,,,,
,,,,,,,,,,
,,,,,,,,,,
,,,,,,,,,,
,,,,,,,,,,
,,,,,,,,,,
,,,,,,,,,,
,,,,,,,,,,
,,,,,,,,,,
,,,,,,,,,,
,,,,,,,,,,
,,,,,,,,,,
,,,,,,,,,,
,,,,,,,,,,
,,,,,,,,,,
,,,,,,,,,,
,,,,,,,,,,
,,,,,,,,,,
,,,,,,,,,,
,,,,,,,,,,
,,,,,,,,,,
,,,,,,,,,,
,,,,,,,,,,
,,,,,,,,,,
,,,,,,,,,,
,,,,,,,,,,
,,,,,,,,,,
,,,,,,,,,,
,,,,,,,,,,
,,,,,,,,,,
,,,,,,,,,,
,,,,,,,,,,
,,,,,,,,,,
,,,,,,,,,,
,,,,,,,,,,
,,,,,,,,,,
,,,,,,,,,,
,,,,,,,,,,
,,,,,,,,,,
,,,,,,,,,,
,,,,,,,,,,
,,,,,,,,,,
,,,,,,,,,,
,,,,,,,,,,
,,,,,,,,,,
,,,,,,,,,,
,,,,,,,,,,
,,,,,,,,,,
,,,,,,,,,,
,,,,,,,,,,
,,,,,,,,,,
,,,,,,,,,,
,,,,,,,,,,
,,,,,,,,,,
,,,,,,,,,,
,,,,,,,,,,
,,,,,,,,,,
,,,,,,,,,,
,,,,,,,,,,
,,,,,,,,,,
,,,,,,,,,,
,,,,,,,,,,
,,,,,,,,,,
,,,,,,,,,,
,1,1,1,,,,,,,
